id_immobile,citta,zona,distanza_centro_km,distanza_trasporti_m,tipologia,superficie_mq,locali,bagni,piano,piani_edificio,ascensore,anno_costruzione,stato,classe_energetica,riscaldamento,esposizione,balconi,terrazzo,giardino,posto_auto,cantina,spese_condominio_mese,mese_vendita,prezzo_vendita
string,discrete,discrete,continuous,continuous,discrete,continuous,continuous,continuous,continuous,continuous,discrete,continuous,discrete,discrete,discrete,discrete,continuous,discrete,discrete,discrete,discrete,continuous,continuous,continuous
meta,,,,,,,,,,,,,,,,,,,,,,,,class
IMM-00001,Genova,semicentro,4.8,186,attico,81,3,2,6,6,no,1938,buono,F,autonomo,est,0,si,no,box,si,124,9,136000
IMM-00002,Genova,centro,0.3,368,appartamento,93,5,2,1,6,si,1916,buono,F,centralizzato,sud,1,no,no,nessuno,si,201,6,237000
IMM-00003,Bologna,centro,0.2,346,appartamento,100,3,2,0,4,no,1970,buono,F,centralizzato,est,2,no,no,nessuno,si,181,5,389000
IMM-00004,Bari,centro,0.7,322,appartamento,102,3,2,0,4,si,1959,buono,F,centralizzato,ovest,1,no,no,nessuno,no,244,2,227000
IMM-00005,Roma,centro,1.9,366,appartamento,58,2,1,1,6,si,1985,buono,F,autonomo,est,1,no,no,nessuno,no,156,6,257000
IMM-00006,Napoli,semicentro,3.7,684,appartamento,129,5,3,7,7,si,1908,da_ristrutturare,G,centralizzato,nord,2,no,no,nessuno,si,315,7,200000
IMM-00007,Torino,semicentro,4.1,415,appartamento,76,3,2,0,6,no,1913,da_ristrutturare,G,autonomo,doppia,0,no,si,nessuno,si,177,4,119000
IMM-00008,Roma,periferia,10.6,1166,appartamento,64,3,1,9,10,si,2020,buono,A,autonomo,sud,2,no,no,nessuno,no,150,1,189000
IMM-00009,Bari,centro,1.3,172,appartamento,58,2,1,0,3,si,1974,da_ristrutturare,F,autonomo,nord,1,no,no,nessuno,no,177,2,105000
IMM-00010,Roma,semicentro,5.8,546,appartamento,63,2,1,3,8,no,1993,da_ristrutturare,E,autonomo,doppia,2,no,no,nessuno,si,91,4,138000
IMM-00011,Napoli,periferia,9.7,649,appartamento,77,2,2,8,10,si,1969,buono,G,centralizzato,ovest,0,no,no,nessuno,no,196,2,91000
IMM-00012,Milano,centro,0.3,379,appartamento,114,4,2,0,5,si,1954,ristrutturato,E,centralizzato,sud,1,no,si,nessuno,si,213,2,858000
IMM-00013,Milano,periferia,14.8,862,villetta,160,6,3,0,3,no,1971,buono,F,autonomo,est,0,no,si,posto_auto,si,18,8,450000
IMM-00014,Roma,semicentro,3.2,1308,appartamento,98,5,2,4,4,si,1952,ristrutturato,D,autonomo,sud,2,no,no,box,si,212,8,375000
IMM-00015,Padova,centro,1.6,638,attico,145,5,3,5,5,si,1904,buono,G,centralizzato,est,1,si,no,nessuno,si,223,8,540000
IMM-00016,Milano,centro,1.0,225,appartamento,106,4,2,1,4,si,1965,buono,F,autonomo,est,1,no,no,box,no,228,2,757000
IMM-00017,Firenze,periferia,13.7,1039,appartamento,40,2,1,6,6,si,1904,ristrutturato,F,centralizzato,doppia,1,no,no,box,si,155,6,138000
IMM-00018,Milano,periferia,8.2,1058,appartamento,86,4,2,2,2,no,2014,da_ristrutturare,B,centralizzato,doppia,0,no,no,box,no,193,8,228000
IMM-00019,Milano,semicentro,4.5,363,appartamento,65,1,1,4,7,no,1948,ristrutturato,F,centralizzato,doppia,2,no,no,nessuno,no,120,1,262000
IMM-00020,Napoli,centro,0.7,143,attico,165,6,3,5,5,si,1921,buono,E,centralizzato,sud,0,si,no,nessuno,si,276,11,624000
IMM-00021,Milano,semicentro,2.9,336,appartamento,90,3,2,3,5,si,1981,buono,E,autonomo,sud,1,no,no,box,no,170,4,421000
IMM-00022,Torino,centro,1.7,360,appartamento,72,3,2,4,5,no,1936,ristrutturato,E,centralizzato,nord,1,no,no,box,no,170,6,177000
IMM-00023,Roma,semicentro,2.8,737,appartamento,101,3,2,1,7,si,2019,nuovo,A,autonomo,nord,2,no,no,nessuno,si,175,12,441000
IMM-00024,Torino,semicentro,2.3,218,appartamento,60,2,1,3,8,si,1977,ristrutturato,C,centralizzato,doppia,1,no,no,nessuno,no,147,2,124000
IMM-00025,Roma,periferia,7.6,2253,appartamento,104,4,2,0,7,si,1996,buono,F,autonomo,ovest,3,no,no,box,no,129,4,189000
IMM-00026,Milano,periferia,11.0,1415,appartamento,141,4,3,0,2,si,2015,ristrutturato,B,autonomo,est,3,no,no,posto_auto,no,262,3,464000
IMM-00027,Genova,centro,0.3,178,appartamento,87,2,2,0,4,si,1989,ristrutturato,C,autonomo,doppia,0,no,no,nessuno,si,175,8,191000
IMM-00028,Roma,periferia,11.3,965,appartamento,72,2,2,5,6,no,1966,buono,G,centralizzato,sud,0,no,no,box,si,148,6,124000
IMM-00029,Roma,centro,0.2,194,appartamento,85,4,2,2,7,si,2014,ristrutturato,B,centralizzato,sud,2,no,no,nessuno,no,191,11,516000
IMM-00030,Bari,semicentro,5.2,542,appartamento,106,4,2,3,4,si,1981,ristrutturato,D,centralizzato,nord,2,no,no,nessuno,si,160,9,158000
IMM-00031,Milano,semicentro,3.3,517,appartamento,56,2,1,1,4,si,1986,buono,E,centralizzato,doppia,0,no,no,nessuno,si,153,5,255000
IMM-00032,Roma,centro,1.4,622,appartamento,88,4,1,0,4,no,1959,da_ristrutturare,F,centralizzato,sud,0,no,no,nessuno,si,151,9,378000
IMM-00033,Napoli,centro,1.7,301,appartamento,72,2,2,4,5,si,2024,nuovo,A,centralizzato,sud,1,no,no,nessuno,si,180,8,468000
IMM-00034,Roma,periferia,7.1,1383,appartamento,55,2,1,4,7,si,2023,nuovo,A,autonomo,doppia,1,no,no,nessuno,no,148,5,169000
IMM-00035,Napoli,centro,0.7,196,appartamento,55,2,1,6,6,si,1965,buono,F,centralizzato,nord,2,no,no,nessuno,no,165,2,172000
IMM-00036,Milano,centro,1.8,167,appartamento,38,1,1,5,6,no,1931,buono,F,centralizzato,nord,2,no,no,nessuno,si,168,6,222000
IMM-00037,Firenze,periferia,8.9,5000,appartamento,108,3,2,2,5,si,2016,nuovo,A,centralizzato,ovest,1,no,no,nessuno,no,221,5,253000
IMM-00038,Napoli,semicentro,2.2,327,appartamento,103,4,2,4,5,no,1912,buono,G,autonomo,doppia,3,no,no,nessuno,si,143,6,201000
IMM-00039,Napoli,centro,0.5,506,appartamento,63,2,1,3,3,si,1904,buono,F,autonomo,nord,2,no,no,posto_auto,si,169,1,269000
IMM-00040,Bari,periferia,10.8,3116,appartamento,41,1,1,3,6,si,2020,nuovo,A,autonomo,nord,0,no,no,box,si,135,12,87000
IMM-00041,Milano,periferia,11.5,2780,appartamento,89,3,2,1,10,si,2018,nuovo,B,autonomo,nord,1,no,no,box,no,213,3,327000
IMM-00042,Milano,periferia,6.6,2291,appartamento,81,3,2,5,6,si,1998,ristrutturato,D,autonomo,ovest,1,no,no,nessuno,no,173,8,277000
IMM-00043,Firenze,periferia,11.9,2207,appartamento,134,6,2,4,7,si,1976,buono,D,centralizzato,ovest,1,no,no,nessuno,si,264,2,266000
IMM-00044,Roma,centro,1.7,177,appartamento,56,2,1,7,7,si,1930,buono,F,centralizzato,ovest,2,no,no,nessuno,si,206,7,294000
IMM-00045,Torino,periferia,10.0,2109,appartamento,101,3,2,2,10,si,1985,buono,F,autonomo,doppia,3,no,no,box,no,152,9,131000
IMM-00046,Roma,semicentro,2.9,456,appartamento,119,4,1,6,8,si,1959,ristrutturato,E,centralizzato,doppia,1,no,no,posto_auto,no,267,10,381000
IMM-00047,Genova,semicentro,4.7,259,attico,76,3,2,6,6,no,1981,buono,E,autonomo,est,0,si,no,nessuno,no,139,3,98000
IMM-00048,Genova,periferia,9.7,2160,villetta,218,8,3,0,2,no,2016,nuovo,A,autonomo,est,0,si,si,box,no,12,5,345000
IMM-00049,Milano,periferia,10.9,742,villetta,212,7,3,0,3,no,1965,ristrutturato,E,autonomo,est,0,si,si,box,si,20,5,784000
IMM-00050,Roma,periferia,11.9,1955,appartamento,83,3,2,3,11,si,2017,nuovo,A,autonomo,est,2,no,no,nessuno,no,119,8,214000
IMM-00051,Genova,semicentro,3.1,770,appartamento,50,2,1,7,7,no,1911,da_ristrutturare,G,centralizzato,doppia,1,no,no,nessuno,si,169,6,59000
IMM-00052,Milano,centro,0.5,285,appartamento,64,2,1,4,7,si,1908,buono,F,autonomo,doppia,0,no,no,nessuno,si,194,12,493000
IMM-00053,Palermo,centro,0.8,224,appartamento,97,4,2,3,7,si,2023,nuovo,B,autonomo,nord,1,no,no,posto_auto,no,239,9,262000
IMM-00054,Padova,periferia,9.0,2361,appartamento,136,4,2,1,2,si,1985,buono,D,centralizzato,ovest,1,no,no,box,si,229,12,181000
IMM-00055,Milano,periferia,14.3,775,appartamento,81,3,2,3,3,no,1998,da_ristrutturare,D,autonomo,nord,2,no,no,posto_auto,no,133,9,139000
IMM-00056,Napoli,periferia,13.7,533,villetta,118,4,2,0,2,no,1950,ristrutturato,D,autonomo,doppia,1,no,si,box,si,24,3,234000
IMM-00057,Bari,centro,1.0,544,appartamento,61,2,1,4,7,si,1971,da_ristrutturare,E,centralizzato,sud,1,no,no,nessuno,no,229,3,172000
IMM-00058,Bologna,semicentro,2.1,437,appartamento,56,3,1,1,5,si,1989,ristrutturato,D,centralizzato,nord,2,no,no,box,no,155,12,231000
IMM-00059,Palermo,semicentro,3.1,305,appartamento,127,5,2,6,9,si,2002,ristrutturato,C,autonomo,est,2,no,no,nessuno,no,211,2,199000
IMM-00060,Milano,centro,1.0,214,appartamento,134,4,2,5,7,no,1913,da_ristrutturare,G,centralizzato,nord,0,si,no,nessuno,no,244,12,556000
IMM-00061,Genova,semicentro,5.8,1363,attico,93,5,2,5,5,si,2024,nuovo,A,autonomo,ovest,1,si,no,nessuno,no,154,10,258000
IMM-00062,Torino,semicentro,3.9,1175,villetta,127,5,2,0,3,no,1949,buono,F,autonomo,est,2,no,si,box,no,10,11,296000
IMM-00063,Bologna,semicentro,4.7,388,appartamento,59,2,1,1,6,no,1958,ristrutturato,F,centralizzato,sud,2,no,no,nessuno,si,93,10,198000
IMM-00064,Napoli,periferia,12.4,680,attico,156,5,2,5,5,no,1953,da_ristrutturare,F,centralizzato,est,2,si,no,posto_auto,no,221,5,155000
IMM-00065,Roma,centro,0.8,320,appartamento,82,3,2,3,3,no,1916,buono,F,autonomo,doppia,3,no,no,posto_auto,no,172,10,303000
IMM-00066,Torino,semicentro,4.2,298,appartamento,162,5,3,3,3,no,2001,ristrutturato,A,autonomo,sud,2,no,no,posto_auto,si,228,3,316000
IMM-00067,Torino,periferia,7.7,2059,appartamento,106,4,2,1,6,si,1951,buono,G,autonomo,sud,1,no,no,box,no,191,9,122000
IMM-00068,Napoli,periferia,7.9,1078,appartamento,97,3,2,0,3,no,2013,buono,B,autonomo,doppia,2,no,no,posto_auto,si,153,1,170000
IMM-00069,Milano,semicentro,2.7,1355,appartamento,96,4,2,1,3,si,2003,buono,C,autonomo,sud,1,no,no,nessuno,si,182,6,474000
IMM-00070,Bari,periferia,6.5,2551,appartamento,52,1,1,2,3,no,1969,ristrutturato,D,autonomo,est,2,no,no,nessuno,si,60,4,75000
IMM-00071,Roma,periferia,8.2,1746,villetta,136,5,2,0,3,no,2008,ristrutturato,A,autonomo,doppia,0,no,si,box,si,17,8,364000
IMM-00072,Roma,periferia,8.7,1023,villetta,100,4,2,0,3,no,2014,da_ristrutturare,D,autonomo,est,0,si,si,box,si,13,5,192000
IMM-00073,Bari,periferia,7.9,1599,villetta,134,6,2,0,2,no,1943,ristrutturato,E,autonomo,doppia,1,no,si,box,si,13,11,224000
IMM-00074,Milano,periferia,14.3,828,villetta,175,5,4,0,2,no,1957,ristrutturato,D,autonomo,doppia,1,no,si,box,no,12,1,527000
IMM-00075,Roma,semicentro,5.2,641,appartamento,70,3,1,7,7,si,1974,ristrutturato,E,centralizzato,ovest,2,no,no,nessuno,si,220,10,201000
IMM-00076,Milano,periferia,12.1,572,appartamento,55,2,2,2,2,no,1981,ristrutturato,D,autonomo,ovest,3,no,no,box,no,121,5,193000
IMM-00077,Torino,semicentro,3.8,718,villetta,193,6,4,0,2,no,1956,ristrutturato,E,autonomo,nord,2,si,si,box,no,10,10,338000
IMM-00078,Padova,semicentro,5.4,185,appartamento,40,2,1,0,7,no,1965,ristrutturato,D,autonomo,doppia,1,no,no,nessuno,si,123,7,91000
IMM-00079,Genova,semicentro,4.2,849,appartamento,83,3,2,2,5,si,1995,buono,E,autonomo,sud,2,no,no,nessuno,si,172,3,145000
IMM-00080,Milano,semicentro,5.4,759,appartamento,49,2,1,4,8,no,1920,ristrutturato,E,centralizzato,nord,0,no,no,posto_auto,no,73,3,266000
IMM-00081,Roma,centro,0.8,238,appartamento,83,2,2,0,6,si,1964,ristrutturato,D,autonomo,sud,0,no,no,nessuno,si,154,2,439000
IMM-00082,Padova,centro,1.9,304,attico,125,4,2,5,5,si,2017,nuovo,A,autonomo,est,1,si,no,nessuno,no,256,9,633000
IMM-00083,Firenze,semicentro,2.9,470,appartamento,59,3,1,2,8,si,2008,buono,D,autonomo,sud,2,no,no,nessuno,no,117,4,254000
IMM-00084,Roma,semicentro,4.1,324,attico,158,5,3,4,4,si,1903,ristrutturato,F,autonomo,nord,0,si,no,nessuno,si,241,2,682000
IMM-00085,Roma,periferia,6.1,3614,appartamento,95,3,2,5,7,si,1996,buono,E,autonomo,nord,2,no,no,box,no,189,7,197000
IMM-00086,Padova,periferia,10.0,1626,appartamento,87,2,2,0,6,no,1903,ristrutturato,D,centralizzato,nord,0,no,si,posto_auto,si,175,6,131000
IMM-00087,Palermo,semicentro,5.4,248,appartamento,97,2,2,1,9,si,1973,da_ristrutturare,E,centralizzato,ovest,1,no,no,nessuno,si,255,1,72000
IMM-00088,Bari,semicentro,5.6,305,appartamento,105,3,3,9,9,si,1981,da_ristrutturare,E,autonomo,ovest,3,no,no,nessuno,no,186,6,165000
IMM-00089,Roma,centro,0.6,263,appartamento,82,2,2,0,4,si,1928,buono,G,centralizzato,doppia,3,no,no,nessuno,si,217,1,358000
IMM-00090,Torino,periferia,8.8,683,villetta,95,4,2,0,3,no,1968,buono,E,autonomo,doppia,1,no,si,posto_auto,si,20,8,135000
IMM-00091,Torino,periferia,14.0,2060,appartamento,97,3,2,3,9,no,1959,buono,F,centralizzato,doppia,1,no,no,box,no,163,12,99000
IMM-00092,Napoli,semicentro,2.5,760,villetta,125,4,2,0,2,no,2008,da_ristrutturare,C,autonomo,ovest,0,no,si,posto_auto,si,5,5,277000
IMM-00093,Milano,periferia,13.9,1869,appartamento,99,4,3,8,11,si,2022,nuovo,B,autonomo,sud,2,si,no,box,si,190,5,408000
IMM-00094,Firenze,periferia,8.9,4903,appartamento,97,4,1,2,8,no,1957,buono,G,centralizzato,sud,1,no,no,posto_auto,no,164,2,183000
IMM-00095,Torino,periferia,10.1,4166,villetta,121,4,2,0,2,no,1997,ristrutturato,E,autonomo,ovest,1,no,si,nessuno,no,21,2,148000
IMM-00096,Milano,semicentro,2.8,320,appartamento,79,3,2,4,7,si,1971,ristrutturato,E,centralizzato,nord,2,si,si,posto_auto,no,185,3,492000
IMM-00097,Roma,semicentro,4.4,835,appartamento,35,1,1,0,4,no,1960,buono,E,centralizzato,doppia,0,si,no,nessuno,si,27,4,103000
IMM-00098,Torino,semicentro,5.3,708,appartamento,94,4,2,1,5,si,1952,buono,G,autonomo,sud,2,si,no,box,si,171,11,135000
IMM-00099,Napoli,semicentro,4.0,604,appartamento,126,5,2,2,3,no,1902,buono,F,autonomo,sud,0,no,no,nessuno,si,179,11,215000
IMM-00100,Napoli,centro,1.7,138,appartamento,88,3,1,0,7,no,1951,da_ristrutturare,E,autonomo,sud,0,no,no,nessuno,si,189,1,238000
IMM-00101,Genova,periferia,13.3,259,villetta,156,6,3,0,2,no,2021,buono,A,autonomo,est,0,si,si,nessuno,no,1,9,197000
IMM-00102,Milano,periferia,6.6,735,attico,122,4,2,7,7,no,2014,buono,B,autonomo,ovest,1,si,no,nessuno,si,182,5,351000
IMM-00103,Torino,semicentro,4.6,1080,appartamento,88,3,2,1,3,no,1960,buono,G,autonomo,ovest,0,no,no,posto_auto,no,171,12,145000
IMM-00104,Bari,periferia,9.3,884,appartamento,83,4,2,1,4,si,2021,nuovo,B,autonomo,doppia,2,no,no,box,si,191,12,162000
IMM-00105,Napoli,centro,1.1,248,appartamento,68,3,1,6,6,si,1942,da_ristrutturare,F,autonomo,est,0,no,no,nessuno,no,161,1,189000
IMM-00106,Milano,semicentro,4.5,455,appartamento,69,3,1,5,7,si,2003,buono,E,centralizzato,doppia,1,no,no,nessuno,no,179,1,334000
IMM-00107,Palermo,centro,0.7,517,appartamento,173,6,3,1,4,si,1920,buono,F,centralizzato,ovest,1,no,no,nessuno,si,290,9,315000
IMM-00108,Milano,semicentro,5.3,837,appartamento,44,1,1,5,5,si,1904,ristrutturato,E,centralizzato,nord,0,no,no,nessuno,si,155,8,252000
IMM-00109,Padova,centro,1.9,381,appartamento,92,3,2,3,5,si,1972,da_ristrutturare,F,autonomo,sud,2,no,no,nessuno,si,139,4,262000
IMM-00110,Padova,periferia,8.1,2653,villetta,119,4,2,0,2,no,1951,buono,D,autonomo,est,2,no,si,box,si,30,3,195000
IMM-00111,Firenze,semicentro,3.2,630,attico,183,7,3,4,4,si,2013,ristrutturato,A,autonomo,doppia,1,si,no,nessuno,no,274,10,1092000
IMM-00112,Torino,periferia,6.6,472,villetta,99,4,2,0,2,no,1987,buono,E,autonomo,doppia,1,si,si,box,si,8,6,185000
IMM-00113,Roma,periferia,10.6,601,appartamento,78,3,2,3,3,no,2017,nuovo,A,autonomo,sud,2,no,no,box,si,113,11,287000
IMM-00114,Roma,centro,1.7,198,appartamento,79,2,1,2,6,si,1962,ristrutturato,E,autonomo,doppia,0,no,no,nessuno,si,194,1,399000
IMM-00115,Milano,semicentro,4.3,207,appartamento,94,4,2,1,8,si,1956,ristrutturato,F,centralizzato,sud,2,no,no,box,no,238,7,466000
IMM-00116,Bologna,periferia,8.8,2153,appartamento,121,4,2,3,4,si,2011,ristrutturato,A,centralizzato,doppia,1,no,no,nessuno,si,259,10,307000
IMM-00117,Roma,periferia,10.9,636,appartamento,75,4,1,6,11,si,2003,ristrutturato,B,autonomo,doppia,3,no,no,posto_auto,si,113,8,239000
IMM-00118,Milano,centro,1.8,177,appartamento,92,3,2,4,5,no,1935,buono,F,centralizzato,doppia,3,no,no,nessuno,no,136,4,607000
IMM-00119,Torino,periferia,11.8,1070,appartamento,69,4,1,2,9,si,1994,buono,D,centralizzato,nord,2,no,no,posto_auto,no,213,7,78000
IMM-00120,Torino,periferia,9.7,1002,appartamento,98,3,2,4,4,si,1968,buono,G,autonomo,est,0,no,no,nessuno,si,172,4,82000
IMM-00121,Milano,semicentro,4.2,238,appartamento,89,4,3,3,4,no,1908,ristrutturato,C,centralizzato,doppia,0,no,no,nessuno,no,169,8,428000
IMM-00122,Bologna,periferia,14.3,753,appartamento,55,2,1,1,6,si,2001,da_ristrutturare,B,autonomo,doppia,0,no,no,nessuno,no,151,11,117000
IMM-00123,Bologna,semicentro,4.3,623,appartamento,98,2,2,4,4,no,1942,da_ristrutturare,G,centralizzato,sud,0,no,no,box,no,180,3,211000
IMM-00124,Padova,semicentro,2.6,567,appartamento,63,2,2,2,8,no,1963,buono,E,centralizzato,est,2,no,no,nessuno,no,148,9,122000
IMM-00125,Napoli,semicentro,4.4,1799,appartamento,56,3,1,8,9,si,1967,buono,G,centralizzato,est,1,no,no,box,si,188,8,126000
IMM-00126,Milano,periferia,7.0,2909,appartamento,81,3,2,7,10,si,2009,buono,C,centralizzato,sud,1,no,no,posto_auto,no,202,5,331000
IMM-00127,Napoli,semicentro,2.3,610,appartamento,46,2,1,5,7,si,1979,da_ristrutturare,D,autonomo,doppia,1,no,no,nessuno,no,110,10,117000
IMM-00128,Bologna,periferia,10.5,3247,appartamento,86,4,2,3,3,no,1981,buono,D,autonomo,sud,1,no,no,nessuno,no,152,7,131000
IMM-00129,Roma,semicentro,3.1,935,appartamento,183,6,3,3,6,si,1993,buono,E,autonomo,doppia,2,no,no,nessuno,si,257,4,483000
IMM-00130,Palermo,centro,1.6,285,attico,142,4,3,6,6,no,1917,ristrutturato,E,autonomo,est,1,si,no,nessuno,si,223,4,294000
IMM-00131,Torino,centro,1.2,288,appartamento,68,2,1,2,3,no,2008,da_ristrutturare,B,centralizzato,doppia,1,no,no,box,si,176,10,158000
IMM-00132,Firenze,periferia,6.0,358,appartamento,51,2,1,1,2,no,1947,da_ristrutturare,F,autonomo,nord,2,no,no,nessuno,si,142,4,110000
IMM-00133,Bologna,periferia,12.1,832,villetta,182,7,2,0,2,no,2021,nuovo,A,autonomo,nord,1,no,si,posto_auto,si,13,3,510000
IMM-00134,Roma,semicentro,2.6,837,appartamento,79,3,2,0,3,si,1989,ristrutturato,D,centralizzato,nord,1,no,no,posto_auto,si,263,8,240000
IMM-00135,Roma,periferia,12.3,1418,attico,130,4,2,4,4,si,1976,buono,F,centralizzato,nord,0,no,no,posto_auto,si,252,2,225000
IMM-00136,Roma,centro,0.8,488,appartamento,81,3,2,1,4,si,1958,buono,F,centralizzato,est,0,no,no,nessuno,si,170,10,298000
IMM-00137,Firenze,periferia,14.6,482,appartamento,74,3,2,6,6,si,2002,buono,B,centralizzato,sud,0,no,no,box,si,156,2,219000
IMM-00138,Firenze,semicentro,3.9,1412,appartamento,82,2,2,8,9,no,1906,buono,G,centralizzato,nord,0,no,no,box,no,169,12,233000
IMM-00139,Milano,periferia,6.8,1439,appartamento,88,3,2,0,8,si,2008,ristrutturato,A,centralizzato,doppia,1,si,si,posto_auto,si,188,11,333000
IMM-00140,Napoli,semicentro,2.6,115,appartamento,79,3,2,4,8,si,1997,buono,E,autonomo,est,1,no,no,posto_auto,no,195,2,223000
IMM-00141,Napoli,semicentro,4.8,526,appartamento,88,3,2,6,8,si,1939,da_ristrutturare,G,autonomo,est,2,no,no,box,si,189,6,184000
IMM-00142,Padova,semicentro,2.6,1152,appartamento,108,4,2,3,3,no,2024,nuovo,A,autonomo,doppia,2,no,no,nessuno,no,112,1,300000
IMM-00143,Torino,centro,0.6,132,appartamento,71,3,2,1,4,si,1987,buono,E,centralizzato,doppia,3,no,no,nessuno,no,178,2,181000
IMM-00144,Roma,centro,0.7,188,appartamento,95,3,2,6,6,no,1900,ristrutturato,E,centralizzato,nord,0,no,no,box,no,190,10,444000
IMM-00145,Genova,centro,1.6,233,appartamento,47,1,1,2,5,si,2024,nuovo,A,autonomo,doppia,3,no,no,nessuno,no,111,7,230000
IMM-00146,Roma,semicentro,2.0,160,appartamento,39,1,1,8,8,si,1993,buono,D,centralizzato,ovest,2,no,no,box,no,156,5,183000
IMM-00147,Palermo,periferia,12.8,490,villetta,171,6,3,0,2,no,1990,da_ristrutturare,E,autonomo,est,0,si,si,box,si,14,11,134000
IMM-00148,Firenze,periferia,11.3,1415,appartamento,58,2,1,4,4,si,2020,nuovo,A,autonomo,doppia,1,no,no,nessuno,no,106,12,161000
IMM-00149,Torino,periferia,14.1,2236,appartamento,113,5,2,10,10,si,1989,buono,E,centralizzato,sud,1,no,no,box,si,219,2,130000
IMM-00150,Firenze,periferia,9.5,3803,villetta,143,5,3,0,3,no,1952,da_ristrutturare,G,autonomo,doppia,2,no,si,posto_auto,si,15,10,229000
IMM-00151,Milano,centro,0.6,657,appartamento,92,2,2,2,6,si,1997,buono,D,autonomo,ovest,1,no,no,nessuno,no,187,2,603000
IMM-00152,Milano,centro,1.3,398,attico,96,3,2,7,7,si,1912,buono,G,autonomo,nord,0,si,no,nessuno,si,238,10,801000
IMM-00153,Roma,semicentro,2.6,574,appartamento,65,1,1,2,4,si,2004,buono,D,centralizzato,sud,1,no,no,nessuno,si,158,10,260000
IMM-00154,Roma,centro,0.5,225,appartamento,43,2,2,5,7,no,1917,buono,F,centralizzato,est,1,no,no,nessuno,si,81,1,193000
IMM-00155,Milano,centro,1.4,219,appartamento,59,3,1,2,6,si,2021,buono,A,autonomo,est,2,no,no,nessuno,no,161,9,436000
IMM-00156,Firenze,periferia,14.2,426,villetta,214,7,3,0,2,no,1960,ristrutturato,D,autonomo,sud,2,no,si,box,si,15,9,529000
IMM-00157,Milano,semicentro,5.0,310,appartamento,44,2,1,2,4,si,2018,buono,B,centralizzato,doppia,1,no,no,posto_auto,no,122,2,233000
IMM-00158,Genova,semicentro,2.3,569,appartamento,41,1,1,2,4,si,2020,nuovo,A,autonomo,sud,1,si,no,posto_auto,no,113,2,134000
IMM-00159,Roma,centro,0.8,440,appartamento,93,4,2,6,7,no,1964,ristrutturato,D,centralizzato,est,1,no,no,nessuno,no,173,2,314000
IMM-00160,Milano,periferia,8.4,394,appartamento,61,1,1,0,6,si,1994,buono,D,centralizzato,doppia,1,no,no,box,no,163,6,220000
IMM-00161,Roma,semicentro,3.1,855,appartamento,78,3,2,0,6,si,2002,buono,C,autonomo,sud,3,no,no,nessuno,no,170,6,230000
IMM-00162,Milano,centro,0.9,306,villetta,234,8,4,0,3,no,1961,buono,G,autonomo,nord,2,no,no,posto_auto,si,6,11,1414000
IMM-00163,Padova,semicentro,3.6,565,appartamento,92,3,2,0,6,si,1981,buono,E,centralizzato,doppia,1,no,no,nessuno,si,193,10,190000
IMM-00164,Bologna,semicentro,5.5,2171,appartamento,75,2,2,5,8,no,1968,da_ristrutturare,F,centralizzato,nord,1,no,no,posto_auto,si,169,7,135000
IMM-00165,Milano,semicentro,5.5,195,appartamento,54,2,1,1,9,no,1956,ristrutturato,E,autonomo,doppia,0,no,no,nessuno,no,87,1,231000
IMM-00166,Torino,centro,0.5,156,appartamento,89,3,2,3,4,no,1928,da_ristrutturare,F,centralizzato,est,1,no,no,nessuno,si,138,6,216000
IMM-00167,Palermo,semicentro,3.3,240,appartamento,74,2,2,4,4,si,1949,buono,G,centralizzato,sud,1,no,no,posto_auto,si,191,11,92000
IMM-00168,Napoli,semicentro,3.8,963,appartamento,49,1,1,4,9,no,1958,ristrutturato,D,centralizzato,doppia,1,no,no,nessuno,si,124,8,126000
IMM-00169,Roma,periferia,12.8,1166,appartamento,62,4,1,2,4,no,1956,buono,G,centralizzato,est,2,no,no,box,si,113,12,115000
IMM-00170,Milano,semicentro,5.2,690,appartamento,145,5,3,0,7,si,1958,buono,E,autonomo,est,1,no,no,nessuno,no,212,1,461000
IMM-00171,Napoli,semicentro,2.7,1100,appartamento,73,2,2,2,5,no,1952,buono,D,centralizzato,ovest,1,no,no,nessuno,no,188,9,151000
IMM-00172,Roma,periferia,10.5,1375,attico,134,4,2,6,6,no,1961,ristrutturato,D,centralizzato,doppia,1,si,no,box,no,267,10,246000
IMM-00173,Torino,centro,1.7,185,appartamento,76,3,2,1,5,si,1928,buono,F,autonomo,est,0,no,no,nessuno,si,188,1,225000
IMM-00174,Torino,centro,0.7,198,appartamento,78,3,2,3,6,no,1900,buono,G,autonomo,doppia,0,no,no,nessuno,no,143,9,195000
IMM-00175,Bologna,semicentro,5.2,2351,attico,122,4,2,7,7,si,1941,ristrutturato,E,centralizzato,nord,2,si,no,nessuno,no,174,11,511000
IMM-00176,Firenze,centro,1.0,394,appartamento,60,2,1,2,5,no,1925,da_ristrutturare,G,autonomo,sud,0,no,no,nessuno,no,146,1,264000
IMM-00177,Roma,periferia,12.6,1381,appartamento,56,2,1,1,7,si,2020,nuovo,A,autonomo,sud,2,si,no,box,si,119,6,200000
IMM-00178,Bari,centro,1.0,154,appartamento,96,3,2,2,7,no,1923,buono,G,autonomo,doppia,3,no,no,posto_auto,si,171,6,221000
IMM-00179,Roma,periferia,9.2,5000,appartamento,79,3,2,0,4,si,2025,buono,A,centralizzato,ovest,2,no,no,posto_auto,no,167,2,163000
IMM-00180,Palermo,semicentro,2.5,1022,appartamento,118,4,2,4,8,no,1972,buono,F,autonomo,doppia,1,no,no,posto_auto,si,153,8,130000
IMM-00181,Firenze,periferia,6.9,1965,villetta,118,5,2,0,3,no,1953,da_ristrutturare,F,autonomo,nord,0,no,si,box,no,17,1,237000
IMM-00182,Bari,centro,1.4,241,appartamento,95,2,2,4,5,no,1932,ristrutturato,D,autonomo,doppia,0,no,no,nessuno,si,168,7,259000
IMM-00183,Milano,semicentro,4.9,759,appartamento,70,3,1,2,4,si,1954,buono,G,centralizzato,ovest,1,no,no,nessuno,no,138,11,306000
IMM-00184,Firenze,centro,1.6,694,appartamento,75,2,2,6,7,si,1962,buono,F,centralizzato,doppia,1,no,no,nessuno,si,197,2,420000
IMM-00185,Milano,semicentro,4.4,637,appartamento,47,2,1,0,5,no,1944,ristrutturato,E,centralizzato,doppia,0,no,si,nessuno,si,117,5,211000
IMM-00186,Torino,semicentro,4.2,743,appartamento,59,1,1,4,6,si,1983,buono,E,autonomo,sud,1,no,no,nessuno,si,131,8,92000
IMM-00187,Roma,periferia,11.8,2008,appartamento,46,1,1,9,10,no,1965,ristrutturato,F,centralizzato,doppia,1,no,no,nessuno,si,109,8,57000
IMM-00188,Milano,semicentro,3.9,344,appartamento,53,2,2,2,6,si,1986,buono,E,centralizzato,doppia,1,no,no,box,si,194,3,264000
IMM-00189,Firenze,centro,0.9,360,appartamento,129,5,2,4,7,no,1955,buono,G,centralizzato,ovest,1,no,no,nessuno,no,226,2,475000
IMM-00190,Palermo,semicentro,3.1,164,appartamento,79,2,2,4,6,si,1916,buono,F,autonomo,doppia,1,si,no,box,si,155,11,134000
IMM-00191,Firenze,centro,1.2,392,appartamento,80,3,2,0,7,si,1995,da_ristrutturare,F,centralizzato,ovest,2,no,no,nessuno,no,202,6,318000
IMM-00192,Roma,semicentro,2.8,495,appartamento,148,5,3,5,5,no,1973,buono,G,autonomo,ovest,1,no,no,nessuno,no,243,6,270000
IMM-00193,Roma,semicentro,4.2,382,appartamento,83,4,2,4,7,si,1983,ristrutturato,E,centralizzato,sud,1,no,no,nessuno,si,196,12,301000
IMM-00194,Milano,centro,0.2,360,appartamento,58,2,1,3,7,si,2000,da_ristrutturare,C,autonomo,nord,0,no,no,posto_auto,si,179,6,390000
IMM-00195,Torino,centro,0.9,445,appartamento,52,2,1,0,6,si,1907,buono,F,centralizzato,nord,2,no,si,nessuno,no,180,4,151000
IMM-00196,Torino,centro,1.7,251,appartamento,106,4,2,3,7,si,1959,ristrutturato,D,centralizzato,nord,1,no,no,nessuno,si,241,6,281000
IMM-00197,Napoli,centro,1.3,306,appartamento,79,3,2,2,6,no,1911,buono,E,centralizzato,ovest,0,no,no,nessuno,si,142,5,244000
IMM-00198,Milano,semicentro,2.9,757,appartamento,66,3,2,7,7,si,1963,ristrutturato,E,centralizzato,est,3,no,no,box,si,195,3,377000
IMM-00199,Padova,semicentro,3.1,520,appartamento,57,3,1,5,5,si,1982,da_ristrutturare,F,centralizzato,nord,1,no,no,box,no,195,1,131000
IMM-00200,Roma,periferia,12.2,1773,appartamento,84,3,2,2,3,no,1952,da_ristrutturare,G,autonomo,sud,0,no,no,box,si,118,11,133000
IMM-00201,Torino,periferia,14.5,1981,appartamento,77,3,2,3,7,si,1997,buono,E,autonomo,sud,1,no,no,box,no,138,8,111000
IMM-00202,Roma,periferia,6.1,175,appartamento,58,2,1,4,6,no,1966,buono,G,centralizzato,doppia,1,no,no,nessuno,si,151,2,95000
IMM-00203,Milano,semicentro,5.5,535,appartamento,87,4,3,2,5,si,1954,buono,F,autonomo,ovest,1,no,no,posto_auto,si,242,8,403000
IMM-00204,Roma,periferia,7.0,3680,villetta,158,4,3,0,2,no,1979,buono,D,autonomo,sud,1,no,si,box,si,18,11,296000
IMM-00205,Bari,centro,0.6,63,appartamento,103,4,2,5,5,si,1940,ristrutturato,D,centralizzato,nord,0,no,no,nessuno,si,278,4,314000
IMM-00206,Bologna,periferia,11.7,1356,appartamento,35,2,1,2,4,no,1967,ristrutturato,E,centralizzato,doppia,1,no,no,box,si,71,8,90000
IMM-00207,Roma,periferia,9.2,2780,appartamento,92,3,2,1,2,no,1953,buono,F,centralizzato,ovest,2,no,no,box,si,160,1,164000
IMM-00208,Padova,periferia,8.8,1913,appartamento,96,3,2,0,6,no,1959,ristrutturato,C,autonomo,sud,1,no,si,posto_auto,si,159,5,153000
IMM-00209,Milano,centro,1.6,335,appartamento,140,5,2,1,6,si,1952,da_ristrutturare,G,centralizzato,est,2,no,no,posto_auto,no,270,4,713000
IMM-00210,Roma,semicentro,2.0,376,appartamento,95,4,2,6,6,no,1965,ristrutturato,F,centralizzato,nord,1,no,no,box,si,199,12,263000
IMM-00211,Torino,semicentro,5.3,476,appartamento,63,2,1,3,9,si,1907,da_ristrutturare,F,autonomo,est,1,no,no,nessuno,si,173,3,77000
IMM-00212,Roma,semicentro,3.4,864,appartamento,58,2,1,5,6,si,1920,ristrutturato,F,autonomo,sud,0,no,no,nessuno,no,128,1,220000
IMM-00213,Bari,semicentro,2.1,214,appartamento,156,5,3,1,5,no,1966,buono,F,autonomo,doppia,0,no,no,box,si,213,9,261000
IMM-00214,Napoli,semicentro,3.8,222,appartamento,93,3,2,5,5,si,1964,da_ristrutturare,G,centralizzato,nord,1,no,no,posto_auto,si,230,4,158000
IMM-00215,Torino,periferia,11.9,320,appartamento,120,5,1,0,5,no,1919,buono,F,autonomo,nord,0,no,no,posto_auto,no,195,4,123000
IMM-00216,Bari,centro,0.3,208,appartamento,81,3,2,1,4,no,1962,da_ristrutturare,G,centralizzato,est,2,no,no,nessuno,si,157,1,193000
IMM-00217,Torino,semicentro,4.2,625,appartamento,108,3,2,0,3,si,1965,da_ristrutturare,E,autonomo,sud,3,no,no,nessuno,si,207,1,153000
IMM-00218,Milano,semicentro,2.4,1572,appartamento,115,4,1,2,4,si,1951,ristrutturato,E,autonomo,ovest,1,no,no,posto_auto,si,184,2,465000
IMM-00219,Bologna,semicentro,2.4,800,appartamento,129,5,2,6,9,si,2004,ristrutturato,A,autonomo,sud,2,no,no,box,si,205,9,552000
IMM-00220,Torino,periferia,13.4,3748,villetta,147,5,3,0,3,no,2005,da_ristrutturare,D,autonomo,sud,2,si,si,posto_auto,no,4,11,131000
IMM-00221,Torino,periferia,12.9,886,appartamento,57,3,1,7,9,si,1955,buono,G,centralizzato,ovest,3,no,no,nessuno,si,163,4,61000
IMM-00222,Milano,periferia,9.0,2312,appartamento,82,2,3,3,3,no,1961,buono,G,autonomo,doppia,1,no,no,box,no,116,6,233000
IMM-00223,Roma,centro,1.2,405,appartamento,111,3,2,2,4,no,1968,ristrutturato,D,autonomo,doppia,1,no,no,nessuno,si,155,8,485000
IMM-00224,Bari,periferia,13.1,2133,appartamento,116,4,2,2,7,no,1927,buono,G,centralizzato,doppia,0,no,no,nessuno,si,199,4,113000
IMM-00225,Torino,periferia,9.5,417,appartamento,40,2,1,3,5,si,1954,buono,F,centralizzato,nord,1,no,no,nessuno,si,167,9,46000
IMM-00226,Roma,centro,1.0,381,appartamento,58,2,1,5,5,no,1945,ristrutturato,E,autonomo,doppia,2,no,no,nessuno,no,111,12,283000
IMM-00227,Genova,centro,0.5,296,attico,166,6,3,4,4,si,2020,nuovo,A,centralizzato,est,2,si,no,nessuno,si,308,6,769000
IMM-00228,Milano,centro,0.3,528,appartamento,85,3,2,6,6,si,1908,buono,G,autonomo,nord,0,no,no,box,si,183,5,612000
IMM-00229,Padova,periferia,9.7,4612,appartamento,71,3,2,11,11,si,1956,ristrutturato,D,centralizzato,sud,1,no,no,box,no,213,1,124000
IMM-00230,Napoli,centro,1.0,643,appartamento,119,3,2,3,6,si,1907,da_ristrutturare,E,centralizzato,ovest,0,no,no,nessuno,no,275,9,305000
IMM-00231,Roma,periferia,8.7,2694,attico,75,3,2,2,2,no,1984,buono,D,autonomo,ovest,2,si,no,nessuno,si,93,7,163000
IMM-00232,Roma,semicentro,2.6,1097,appartamento,178,5,3,2,4,si,2023,nuovo,A,centralizzato,est,2,no,no,box,no,256,11,805000
IMM-00233,Roma,semicentro,4.9,323,appartamento,62,3,1,3,5,si,1985,ristrutturato,C,autonomo,doppia,1,no,no,nessuno,si,136,1,234000
IMM-00234,Napoli,centro,1.0,412,appartamento,109,3,2,0,6,no,1959,buono,E,centralizzato,est,1,no,no,nessuno,si,219,11,305000
IMM-00235,Roma,semicentro,3.7,157,appartamento,55,2,1,0,3,no,1987,buono,E,autonomo,ovest,1,no,si,nessuno,si,102,10,188000
IMM-00236,Roma,semicentro,5.6,998,appartamento,76,2,2,6,6,si,1913,da_ristrutturare,G,autonomo,ovest,1,no,no,nessuno,si,162,9,187000
IMM-00237,Napoli,periferia,13.8,2395,appartamento,90,3,2,0,2,no,1934,da_ristrutturare,G,centralizzato,est,2,no,si,nessuno,no,131,11,93000
IMM-00238,Milano,centro,1.2,462,appartamento,71,2,3,5,7,si,1990,buono,E,centralizzato,doppia,3,no,no,nessuno,si,213,9,523000
IMM-00239,Bologna,semicentro,3.2,727,attico,113,4,2,9,9,no,1972,ristrutturato,C,centralizzato,ovest,2,si,no,posto_auto,si,172,9,389000
IMM-00240,Palermo,centro,1.6,304,appartamento,94,5,3,4,4,no,1922,da_ristrutturare,F,autonomo,est,0,no,no,nessuno,no,182,2,123000
IMM-00241,Roma,centro,1.2,118,appartamento,102,5,2,2,3,no,1972,ristrutturato,E,autonomo,doppia,1,no,no,nessuno,si,159,2,493000
IMM-00242,Bologna,semicentro,4.4,566,appartamento,89,3,2,4,5,si,1991,ristrutturato,C,centralizzato,ovest,2,no,no,nessuno,si,245,4,269000
IMM-00243,Firenze,centro,0.5,191,appartamento,151,5,3,3,4,si,1958,buono,D,centralizzato,doppia,1,no,no,nessuno,si,287,8,779000
IMM-00244,Padova,centro,1.6,1084,appartamento,47,2,1,3,6,no,1926,ristrutturato,E,centralizzato,ovest,0,no,no,nessuno,si,98,6,180000
IMM-00245,Bologna,semicentro,2.6,892,appartamento,43,2,1,1,4,si,1993,buono,D,autonomo,est,0,no,no,box,si,151,11,147000
IMM-00246,Milano,periferia,13.6,1783,appartamento,65,3,2,5,9,no,1969,buono,F,centralizzato,nord,3,no,no,nessuno,si,169,8,119000
IMM-00247,Bari,semicentro,2.0,1734,appartamento,97,3,2,1,8,si,2011,ristrutturato,B,autonomo,sud,1,no,no,nessuno,no,147,12,237000
IMM-00248,Milano,periferia,8.4,809,appartamento,56,3,1,3,6,no,1953,buono,F,centralizzato,nord,2,no,si,nessuno,si,139,6,191000
IMM-00249,Genova,semicentro,5.2,677,appartamento,60,2,1,0,4,si,2022,nuovo,A,autonomo,doppia,1,no,no,nessuno,si,166,8,147000
IMM-00250,Bologna,periferia,11.1,1182,villetta,199,8,3,0,2,no,2008,da_ristrutturare,C,autonomo,nord,0,no,si,box,no,17,6,339000
IMM-00251,Bologna,centro,0.5,217,appartamento,125,5,2,0,3,si,1993,ristrutturato,C,centralizzato,doppia,1,no,no,nessuno,si,282,11,570000
IMM-00252,Roma,centro,1.0,307,appartamento,71,2,2,0,4,no,1914,buono,G,centralizzato,nord,0,no,no,nessuno,no,162,7,275000
IMM-00253,Torino,semicentro,3.9,281,attico,90,3,2,3,3,no,1919,da_ristrutturare,G,autonomo,sud,0,si,no,nessuno,si,93,12,107000
IMM-00254,Roma,semicentro,2.3,1125,appartamento,220,6,3,2,3,si,1948,da_ristrutturare,F,autonomo,sud,2,no,no,box,no,315,1,429000
IMM-00255,Roma,semicentro,3.6,666,villetta,143,5,3,0,2,no,1916,da_ristrutturare,G,autonomo,sud,0,si,si,nessuno,no,0,2,356000
IMM-00256,Roma,semicentro,5.8,694,appartamento,72,2,2,3,4,no,1954,da_ristrutturare,F,autonomo,sud,2,no,no,posto_auto,si,114,11,170000
IMM-00257,Milano,centro,1.4,501,attico,76,3,2,3,3,no,1958,buono,F,autonomo,sud,1,si,no,nessuno,si,175,9,531000
IMM-00258,Napoli,periferia,7.8,2039,appartamento,169,6,3,5,10,si,1977,da_ristrutturare,D,centralizzato,doppia,0,no,no,posto_auto,no,301,6,186000
IMM-00259,Bologna,semicentro,2.1,355,appartamento,84,3,2,3,6,si,1965,buono,G,centralizzato,est,0,no,no,nessuno,si,244,6,206000
IMM-00260,Torino,periferia,9.2,459,appartamento,105,4,2,1,8,si,1999,da_ristrutturare,E,centralizzato,doppia,3,no,no,box,si,202,10,115000
IMM-00261,Padova,periferia,10.3,724,appartamento,73,2,1,3,3,si,1992,ristrutturato,E,centralizzato,est,1,no,no,nessuno,no,200,8,108000
IMM-00262,Firenze,semicentro,2.3,248,appartamento,104,4,2,9,9,no,1965,ristrutturato,C,autonomo,nord,2,no,no,nessuno,no,187,12,283000
IMM-00263,Firenze,centro,1.7,854,appartamento,45,1,1,2,3,no,2007,da_ristrutturare,D,autonomo,est,2,no,no,posto_auto,si,58,5,275000
IMM-00264,Torino,centro,1.9,305,appartamento,32,1,1,4,5,no,1908,buono,G,autonomo,doppia,1,no,no,box,no,85,8,109000
IMM-00265,Roma,semicentro,5.8,651,appartamento,135,4,2,3,9,si,1973,da_ristrutturare,G,centralizzato,est,2,no,no,box,no,254,8,285000
IMM-00266,Roma,semicentro,5.5,496,appartamento,81,3,2,1,5,si,1952,da_ristrutturare,E,autonomo,sud,0,no,no,box,si,131,7,230000
IMM-00267,Milano,semicentro,4.9,1274,appartamento,59,2,1,6,6,si,1937,ristrutturato,D,centralizzato,est,0,no,no,nessuno,si,177,5,312000
IMM-00268,Milano,semicentro,2.5,531,appartamento,91,2,2,3,9,si,1994,buono,E,autonomo,est,2,no,no,nessuno,si,143,7,430000
IMM-00269,Roma,semicentro,3.1,428,appartamento,54,1,1,3,4,no,1960,buono,F,centralizzato,est,2,no,no,box,no,116,1,179000
IMM-00270,Milano,centro,1.0,723,appartamento,158,6,3,6,6,si,1990,ristrutturato,E,autonomo,nord,3,no,no,posto_auto,si,300,2,953000
IMM-00271,Roma,semicentro,3.3,1274,attico,121,4,1,3,3,si,2018,nuovo,A,centralizzato,doppia,0,si,no,posto_auto,si,228,1,679000
IMM-00272,Roma,semicentro,3.2,513,villetta,151,5,3,0,2,no,2025,nuovo,A,autonomo,nord,1,no,si,box,si,23,9,688000
IMM-00273,Milano,semicentro,3.1,2083,appartamento,135,4,3,3,5,si,1950,ristrutturato,D,centralizzato,sud,0,no,no,posto_auto,si,249,11,585000
IMM-00274,Bologna,semicentro,4.4,406,appartamento,148,5,3,3,8,si,2019,nuovo,A,centralizzato,doppia,2,no,no,posto_auto,si,234,6,536000
IMM-00275,Roma,semicentro,3.6,531,appartamento,137,5,2,2,3,si,1977,ristrutturato,B,autonomo,sud,1,no,no,nessuno,si,262,2,471000
IMM-00276,Genova,semicentro,3.7,648,appartamento,88,3,2,5,7,no,1957,buono,E,autonomo,sud,0,no,no,nessuno,si,112,11,100000
IMM-00277,Bologna,centro,0.2,269,appartamento,63,2,1,0,5,no,1961,buono,F,autonomo,sud,1,no,si,posto_auto,si,146,8,379000
IMM-00278,Milano,periferia,8.9,1345,appartamento,112,4,1,3,3,no,2020,nuovo,A,autonomo,sud,1,no,no,posto_auto,no,190,10,472000
IMM-00279,Torino,semicentro,2.5,504,appartamento,72,3,2,1,6,si,2016,nuovo,A,autonomo,nord,1,no,no,posto_auto,no,196,8,194000
IMM-00280,Torino,semicentro,3.7,623,appartamento,100,3,3,4,8,no,1950,buono,F,autonomo,nord,3,si,no,box,si,187,7,158000
IMM-00281,Milano,centro,1.3,383,appartamento,40,1,1,0,7,si,1982,ristrutturato,C,autonomo,sud,1,si,no,posto_auto,no,128,10,413000
IMM-00282,Genova,semicentro,4.3,924,appartamento,50,2,1,5,6,si,1965,buono,G,centralizzato,ovest,0,no,no,nessuno,no,151,3,94000
IMM-00283,Firenze,semicentro,4.2,516,appartamento,66,2,1,3,8,no,1971,buono,G,autonomo,est,3,no,no,nessuno,si,87,2,188000
IMM-00284,Bologna,centro,1.9,236,appartamento,60,1,1,4,5,no,1957,da_ristrutturare,E,centralizzato,ovest,1,no,no,nessuno,si,143,8,175000
IMM-00285,Firenze,periferia,9.1,765,attico,115,4,2,11,11,si,2019,nuovo,A,autonomo,sud,1,si,no,nessuno,no,171,2,457000
IMM-00286,Torino,centro,1.2,202,appartamento,147,4,3,2,7,no,1914,buono,G,centralizzato,nord,1,no,no,box,no,231,9,346000
IMM-00287,Bologna,semicentro,2.8,790,appartamento,36,2,1,7,9,si,1988,buono,E,centralizzato,doppia,2,no,no,nessuno,no,176,9,143000
IMM-00288,Firenze,periferia,11.9,968,appartamento,101,4,2,2,7,si,1987,buono,E,centralizzato,doppia,1,no,no,box,no,246,4,222000
IMM-00289,Milano,semicentro,4.0,818,appartamento,165,6,3,8,8,no,1998,buono,E,centralizzato,ovest,2,no,no,posto_auto,si,230,8,481000
IMM-00290,Napoli,semicentro,4.3,623,appartamento,157,5,3,4,4,no,1967,ristrutturato,D,centralizzato,doppia,2,no,no,nessuno,no,226,1,276000
IMM-00291,Milano,centro,0.4,320,appartamento,64,2,1,3,6,si,1996,buono,D,autonomo,ovest,1,no,no,nessuno,si,161,9,447000
IMM-00292,Palermo,centro,0.6,434,appartamento,78,3,1,3,7,si,2021,buono,A,autonomo,ovest,1,no,no,nessuno,si,217,6,185000
IMM-00293,Milano,periferia,14.3,1680,villetta,130,5,2,0,2,no,2017,nuovo,A,autonomo,doppia,0,si,si,posto_auto,si,0,11,545000
IMM-00294,Milano,centro,0.3,294,appartamento,113,3,2,1,6,si,1906,buono,G,centralizzato,doppia,1,no,no,nessuno,no,251,4,652000
IMM-00295,Bologna,periferia,8.4,792,attico,147,7,3,2,2,no,2013,ristrutturato,B,autonomo,sud,0,si,no,posto_auto,si,196,4,414000
IMM-00296,Napoli,semicentro,5.8,1424,appartamento,69,2,1,1,5,si,2009,buono,E,centralizzato,doppia,2,no,no,nessuno,no,222,8,168000
IMM-00297,Bologna,centro,0.8,209,appartamento,75,1,2,2,5,no,1927,buono,F,autonomo,sud,1,no,no,nessuno,no,91,2,366000
IMM-00298,Firenze,periferia,7.7,877,villetta,111,3,2,0,2,no,2000,buono,D,autonomo,est,0,no,si,box,no,2,12,377000
IMM-00299,Palermo,periferia,8.3,704,appartamento,102,3,1,5,7,si,1958,buono,F,centralizzato,est,1,no,no,nessuno,no,243,10,64000
IMM-00300,Milano,periferia,9.6,998,appartamento,96,3,2,7,11,si,1992,ristrutturato,D,centralizzato,ovest,2,no,no,nessuno,si,195,10,337000
IMM-00301,Milano,semicentro,6.0,820,appartamento,159,6,3,4,6,si,1979,ristrutturato,B,autonomo,est,1,no,no,nessuno,no,248,1,808000
IMM-00302,Napoli,semicentro,4.4,854,attico,109,3,2,6,6,si,1980,da_ristrutturare,E,centralizzato,est,0,si,no,box,si,241,10,261000
IMM-00303,Roma,periferia,9.5,1565,attico,174,5,3,3,3,no,1967,da_ristrutturare,F,autonomo,nord,1,si,no,nessuno,no,229,7,220000
IMM-00304,Milano,periferia,10.1,1534,appartamento,78,3,2,1,9,si,1991,da_ristrutturare,E,autonomo,sud,1,no,no,nessuno,no,171,1,153000
IMM-00305,Milano,semicentro,4.9,842,villetta,191,7,3,0,2,no,1959,da_ristrutturare,F,autonomo,ovest,0,no,si,box,si,17,2,661000
IMM-00306,Milano,semicentro,3.4,1757,appartamento,76,3,3,8,9,no,1963,buono,F,centralizzato,sud,2,no,no,box,no,133,5,251000
IMM-00307,Genova,periferia,8.7,608,villetta,126,5,2,0,2,no,1947,ristrutturato,D,autonomo,sud,0,no,si,posto_auto,no,6,1,159000
IMM-00308,Roma,semicentro,2.9,247,appartamento,46,1,1,3,9,si,1964,ristrutturato,D,centralizzato,est,0,no,no,posto_auto,si,142,4,157000
IMM-00309,Napoli,periferia,7.9,1235,villetta,237,8,4,0,2,no,1951,buono,G,autonomo,doppia,0,no,no,box,no,3,8,301000
IMM-00310,Milano,semicentro,5.7,626,appartamento,121,5,2,2,5,si,1906,buono,G,centralizzato,sud,0,no,no,box,si,208,8,506000
IMM-00311,Torino,semicentro,5.6,1269,appartamento,81,2,2,8,9,si,1995,buono,E,autonomo,sud,1,no,no,nessuno,no,165,4,150000
IMM-00312,Roma,periferia,6.2,882,appartamento,90,2,2,6,8,si,2014,da_ristrutturare,C,autonomo,ovest,0,no,no,nessuno,si,167,8,187000
IMM-00313,Bologna,semicentro,4.2,457,appartamento,56,3,1,0,7,si,2011,buono,A,autonomo,est,1,no,si,box,no,138,11,249000
IMM-00314,Roma,centro,1.9,284,appartamento,38,1,1,4,4,si,2002,buono,C,autonomo,est,0,no,si,posto_auto,no,143,8,249000
IMM-00315,Roma,semicentro,5.6,388,attico,87,2,2,7,7,no,1952,ristrutturato,E,autonomo,ovest,3,si,no,nessuno,no,133,8,259000
IMM-00316,Roma,semicentro,2.6,1034,attico,95,3,3,7,7,si,1999,buono,C,autonomo,ovest,2,si,no,nessuno,no,136,11,363000
IMM-00317,Napoli,periferia,13.0,1080,villetta,172,6,3,0,3,no,2001,buono,C,autonomo,sud,1,no,si,box,no,27,9,280000
IMM-00318,Milano,periferia,6.4,550,villetta,146,6,3,0,3,no,1984,da_ristrutturare,G,autonomo,est,0,si,si,box,no,7,2,416000
IMM-00319,Roma,semicentro,5.3,230,appartamento,93,3,2,3,8,si,1980,ristrutturato,C,autonomo,ovest,3,no,no,box,si,174,7,268000
IMM-00320,Milano,periferia,10.2,1035,appartamento,75,2,2,9,11,si,2019,nuovo,A,autonomo,ovest,1,no,no,posto_auto,si,139,1,327000
IMM-00321,Roma,periferia,11.2,1481,appartamento,85,4,2,4,7,si,1994,da_ristrutturare,F,autonomo,doppia,1,no,no,nessuno,no,211,5,113000
IMM-00322,Milano,periferia,9.6,5000,appartamento,90,2,2,0,3,si,1984,buono,E,autonomo,sud,2,no,si,posto_auto,no,191,5,242000
IMM-00323,Genova,semicentro,4.6,769,appartamento,65,2,1,5,8,si,2009,buono,C,autonomo,est,1,no,no,nessuno,no,146,2,117000
IMM-00324,Palermo,periferia,6.8,2622,appartamento,68,3,1,0,10,si,1958,da_ristrutturare,E,centralizzato,sud,1,no,no,box,si,138,10,54000
IMM-00325,Milano,semicentro,4.9,1818,appartamento,80,3,2,0,8,no,1965,buono,G,autonomo,sud,3,si,si,posto_auto,no,128,3,305000
IMM-00326,Napoli,periferia,10.1,918,villetta,133,5,2,0,2,no,2022,nuovo,A,autonomo,doppia,1,si,si,box,si,13,3,272000
IMM-00327,Roma,periferia,6.6,816,appartamento,54,2,1,3,4,no,1959,buono,F,centralizzato,sud,2,no,no,box,no,150,11,125000
IMM-00328,Torino,periferia,6.2,774,appartamento,69,2,2,1,11,no,1947,da_ristrutturare,G,autonomo,doppia,3,no,no,nessuno,no,136,8,72000
IMM-00329,Firenze,periferia,14.2,220,appartamento,72,3,2,3,10,si,1984,da_ristrutturare,E,autonomo,doppia,2,no,no,box,no,152,2,158000
IMM-00330,Torino,periferia,14.8,1030,villetta,218,8,3,0,2,no,2005,buono,D,autonomo,doppia,0,si,si,nessuno,no,7,1,268000
IMM-00331,Bologna,semicentro,2.9,275,appartamento,53,1,1,1,3,no,1989,buono,G,autonomo,sud,2,no,no,box,si,84,10,189000
IMM-00332,Milano,periferia,8.3,2837,appartamento,66,2,1,0,5,si,1992,ristrutturato,A,centralizzato,est,0,no,no,box,no,167,5,229000
IMM-00333,Padova,periferia,7.8,2724,attico,84,3,2,5,5,si,1986,ristrutturato,B,centralizzato,nord,1,si,no,posto_auto,no,195,11,163000
IMM-00334,Firenze,semicentro,5.4,115,appartamento,100,3,2,0,3,no,1952,buono,F,autonomo,sud,1,no,no,nessuno,si,157,9,351000
IMM-00335,Napoli,semicentro,4.3,523,appartamento,80,1,2,0,3,no,1974,ristrutturato,D,autonomo,doppia,1,no,no,nessuno,no,132,5,191000
IMM-00336,Firenze,periferia,11.2,932,appartamento,52,2,1,2,7,si,1951,ristrutturato,D,centralizzato,nord,3,no,no,nessuno,si,143,2,127000
IMM-00337,Roma,periferia,7.9,455,villetta,106,4,3,0,2,no,2024,nuovo,A,autonomo,nord,0,no,si,box,si,8,5,374000
IMM-00338,Milano,periferia,12.3,999,attico,114,3,2,11,11,si,1986,buono,E,centralizzato,doppia,1,si,no,box,si,206,12,494000
IMM-00339,Padova,semicentro,4.8,1154,appartamento,62,2,1,2,8,si,2003,buono,C,autonomo,sud,1,no,no,nessuno,no,184,7,145000
IMM-00340,Genova,centro,1.1,420,appartamento,75,1,2,3,4,si,1991,buono,F,centralizzato,sud,1,no,no,box,si,194,5,193000
IMM-00341,Napoli,semicentro,5.6,602,appartamento,59,2,1,4,8,no,1974,buono,F,centralizzato,sud,2,no,no,box,si,141,5,141000
IMM-00342,Bologna,centro,0.6,330,appartamento,42,2,1,4,4,no,1945,buono,G,centralizzato,doppia,1,no,no,nessuno,no,90,8,168000
IMM-00343,Roma,periferia,14.3,1394,appartamento,84,3,2,2,8,si,2020,nuovo,A,centralizzato,doppia,1,no,no,nessuno,no,120,8,233000
IMM-00344,Milano,centro,0.9,396,appartamento,72,3,2,4,6,si,1977,da_ristrutturare,E,centralizzato,sud,0,no,no,nessuno,no,210,3,468000
IMM-00345,Roma,semicentro,5.9,356,appartamento,78,4,2,0,9,si,1994,buono,D,autonomo,nord,1,no,no,nessuno,si,187,8,220000
IMM-00346,Milano,periferia,12.1,825,appartamento,80,4,2,4,4,si,1998,buono,E,autonomo,sud,3,no,no,nessuno,si,181,2,243000
IMM-00347,Bari,semicentro,2.1,1043,appartamento,66,2,1,6,7,si,1971,buono,E,autonomo,nord,1,no,no,box,si,159,6,144000
IMM-00348,Napoli,periferia,13.5,1101,appartamento,79,3,1,1,9,si,2016,buono,B,autonomo,ovest,0,no,no,nessuno,no,202,6,149000
IMM-00349,Milano,periferia,7.1,899,appartamento,63,2,1,3,3,no,1984,buono,F,autonomo,est,1,no,no,nessuno,si,79,4,185000
IMM-00350,Bologna,semicentro,4.8,429,appartamento,118,4,2,4,7,si,2021,nuovo,A,autonomo,doppia,1,no,no,posto_auto,no,205,5,470000
IMM-00351,Genova,periferia,9.0,2155,villetta,171,5,3,0,2,no,2022,nuovo,A,autonomo,doppia,1,si,si,box,no,15,8,287000
IMM-00352,Padova,centro,0.8,182,appartamento,92,4,3,6,6,si,1928,da_ristrutturare,G,centralizzato,doppia,0,no,no,posto_auto,no,231,12,244000
IMM-00353,Bologna,periferia,10.5,1314,appartamento,81,3,2,1,10,si,1981,buono,E,autonomo,est,1,no,si,nessuno,no,174,4,145000
IMM-00354,Padova,centro,1.5,439,appartamento,64,3,1,0,5,si,1964,da_ristrutturare,F,centralizzato,doppia,1,no,no,nessuno,si,150,7,128000
IMM-00355,Roma,semicentro,5.8,645,appartamento,111,3,2,2,3,no,1976,buono,C,centralizzato,doppia,2,no,no,nessuno,no,193,12,324000
IMM-00356,Firenze,centro,1.9,567,appartamento,78,3,1,4,7,si,2019,nuovo,A,autonomo,ovest,2,no,no,nessuno,si,197,11,499000
IMM-00357,Roma,periferia,9.7,674,appartamento,72,3,2,9,11,si,2011,buono,C,autonomo,est,0,no,no,nessuno,no,109,4,318000
IMM-00358,Roma,centro,1.1,269,appartamento,90,3,2,5,7,no,1962,da_ristrutturare,F,centralizzato,sud,1,si,no,box,no,167,12,288000
IMM-00359,Milano,centro,1.4,130,appartamento,114,4,2,3,3,no,1952,da_ristrutturare,G,centralizzato,ovest,1,si,no,posto_auto,si,235,3,523000
IMM-00360,Bologna,centro,0.7,333,appartamento,63,2,1,3,7,si,2021,nuovo,A,centralizzato,est,2,no,no,box,si,151,4,447000
IMM-00361,Napoli,semicentro,3.1,937,appartamento,66,2,1,4,4,si,1952,buono,G,centralizzato,doppia,1,no,no,box,no,180,9,147000
IMM-00362,Genova,periferia,7.1,1024,appartamento,83,3,2,0,8,si,1992,buono,E,autonomo,nord,1,no,si,nessuno,no,191,9,91000
IMM-00363,Milano,centro,0.8,170,appartamento,81,3,2,0,5,si,1915,da_ristrutturare,G,centralizzato,doppia,1,no,no,nessuno,no,191,9,396000
IMM-00364,Roma,semicentro,3.9,533,appartamento,97,4,2,5,8,si,1984,buono,E,autonomo,est,1,no,no,box,no,219,6,383000
IMM-00365,Milano,centro,0.5,257,appartamento,111,5,1,0,6,no,1907,buono,G,centralizzato,nord,0,no,no,nessuno,no,184,10,667000
IMM-00366,Bari,centro,0.5,121,appartamento,81,4,2,5,6,no,1948,buono,G,centralizzato,doppia,1,no,no,nessuno,si,164,11,162000
IMM-00367,Milano,centro,1.2,366,appartamento,107,3,2,4,7,si,1985,buono,F,autonomo,doppia,2,no,no,nessuno,no,119,12,741000
IMM-00368,Firenze,periferia,14.6,555,appartamento,105,3,2,2,2,no,1984,buono,D,centralizzato,nord,0,no,no,posto_auto,no,224,3,169000
IMM-00369,Roma,centro,1.3,238,appartamento,73,3,2,4,4,no,1914,da_ristrutturare,F,centralizzato,est,0,no,no,nessuno,si,95,11,238000
IMM-00370,Roma,periferia,7.5,483,appartamento,136,6,2,1,6,no,1906,da_ristrutturare,G,centralizzato,doppia,1,no,no,posto_auto,si,201,8,224000
IMM-00371,Milano,centro,1.6,450,attico,145,6,3,5,5,si,1996,buono,F,autonomo,sud,1,si,no,nessuno,no,216,6,1169000
IMM-00372,Roma,semicentro,5.0,1392,appartamento,82,2,2,6,7,no,1958,da_ristrutturare,E,centralizzato,nord,1,no,no,nessuno,si,152,11,133000
IMM-00373,Firenze,semicentro,3.2,602,appartamento,47,1,1,0,6,no,1969,buono,F,centralizzato,sud,2,no,no,nessuno,si,147,9,186000
IMM-00374,Roma,periferia,8.7,1453,appartamento,93,3,2,3,5,si,1997,buono,D,autonomo,doppia,1,no,no,posto_auto,no,188,10,185000
IMM-00375,Padova,periferia,14.8,939,appartamento,46,3,1,1,10,si,1906,da_ristrutturare,E,autonomo,nord,0,no,no,nessuno,no,167,3,45000
IMM-00376,Genova,semicentro,5.6,825,villetta,233,8,4,0,2,no,2010,da_ristrutturare,D,autonomo,doppia,0,no,si,posto_auto,no,23,11,272000
IMM-00377,Milano,semicentro,3.2,222,appartamento,84,3,2,3,3,no,1956,da_ristrutturare,G,autonomo,doppia,2,no,no,box,no,144,6,353000
IMM-00378,Napoli,semicentro,4.7,295,appartamento,137,5,2,4,5,si,1987,ristrutturato,D,centralizzato,sud,1,no,no,nessuno,si,225,7,332000
IMM-00379,Torino,periferia,7.2,589,appartamento,139,5,2,1,5,si,1982,buono,D,centralizzato,ovest,2,no,no,posto_auto,no,250,9,138000
IMM-00380,Torino,semicentro,2.6,1092,attico,66,2,1,4,4,no,2025,buono,B,autonomo,ovest,1,si,no,posto_auto,si,135,11,140000
IMM-00381,Torino,semicentro,2.6,396,appartamento,109,3,2,0,8,si,1945,buono,G,centralizzato,sud,1,no,no,box,si,164,5,194000
IMM-00382,Roma,periferia,11.2,2194,appartamento,96,2,3,0,6,si,1950,da_ristrutturare,G,autonomo,doppia,1,no,no,nessuno,si,152,8,113000
IMM-00383,Palermo,periferia,12.8,1387,appartamento,40,1,1,3,5,si,1958,buono,F,centralizzato,est,1,no,no,posto_auto,si,180,12,32000
IMM-00384,Firenze,periferia,7.2,548,appartamento,83,2,2,3,10,si,2022,nuovo,C,autonomo,nord,2,no,no,box,si,151,8,312000
IMM-00385,Milano,semicentro,4.7,822,appartamento,62,2,1,2,4,si,1936,buono,E,centralizzato,ovest,1,no,no,posto_auto,no,199,3,295000
IMM-00386,Roma,semicentro,2.5,385,villetta,108,4,2,0,3,no,1952,ristrutturato,E,autonomo,nord,1,no,si,box,si,27,3,438000
IMM-00387,Padova,periferia,7.6,187,appartamento,95,4,2,3,3,no,1977,da_ristrutturare,E,centralizzato,nord,1,no,no,box,si,155,11,98000
IMM-00388,Milano,semicentro,5.7,264,attico,111,5,2,4,4,no,1957,buono,F,centralizzato,doppia,0,si,no,nessuno,no,208,12,422000
IMM-00389,Milano,centro,1.3,368,appartamento,78,2,2,3,5,si,1986,buono,F,centralizzato,doppia,1,no,no,nessuno,no,175,4,509000
IMM-00390,Torino,semicentro,4.7,1069,appartamento,43,2,1,2,4,no,1934,buono,F,centralizzato,ovest,1,no,no,box,si,97,7,89000
IMM-00391,Roma,periferia,9.0,1666,appartamento,59,2,1,1,6,si,2016,nuovo,A,autonomo,doppia,1,no,no,box,no,179,3,179000
IMM-00392,Bologna,periferia,10.2,819,appartamento,40,1,1,0,2,no,1992,buono,D,autonomo,est,1,no,no,box,si,77,5,81000
IMM-00393,Genova,centro,1.4,547,appartamento,49,3,1,2,7,no,1963,ristrutturato,E,centralizzato,nord,1,no,no,nessuno,no,123,2,147000
IMM-00394,Roma,periferia,13.2,1981,appartamento,76,3,2,5,5,si,1962,buono,E,centralizzato,nord,3,no,no,box,si,200,7,152000
IMM-00395,Milano,semicentro,4.2,615,villetta,214,7,3,0,3,no,1966,ristrutturato,E,autonomo,sud,1,no,no,box,si,28,2,870000
IMM-00396,Milano,centro,2.0,123,appartamento,131,5,2,3,5,si,1940,buono,G,autonomo,nord,1,no,no,nessuno,si,248,10,829000
IMM-00397,Milano,periferia,6.3,1077,appartamento,69,2,1,3,5,no,1972,ristrutturato,E,autonomo,est,2,no,no,nessuno,no,103,2,220000
IMM-00398,Napoli,semicentro,4.7,367,appartamento,84,3,2,1,7,si,1945,buono,G,centralizzato,ovest,1,no,no,nessuno,si,193,10,210000
IMM-00399,Genova,centro,0.4,241,appartamento,72,2,3,2,3,no,1964,buono,D,centralizzato,sud,2,no,no,nessuno,si,153,1,189000
IMM-00400,Milano,periferia,10.4,1430,appartamento,108,4,2,3,3,no,1994,buono,E,autonomo,est,3,no,no,box,no,223,3,273000
IMM-00401,Milano,centro,1.5,229,appartamento,101,3,2,1,6,si,1979,buono,F,autonomo,doppia,1,no,no,nessuno,no,228,12,671000
IMM-00402,Firenze,centro,0.4,167,appartamento,162,5,3,1,5,no,1902,ristrutturato,F,autonomo,doppia,0,si,no,nessuno,si,239,2,858000
IMM-00403,Milano,periferia,15.0,1420,villetta,121,4,2,0,3,no,2021,nuovo,A,autonomo,sud,0,no,si,box,si,18,7,938000
IMM-00404,Bari,centro,1.0,205,appartamento,45,2,1,1,5,si,1939,buono,G,centralizzato,doppia,0,no,no,nessuno,no,178,3,114000
IMM-00405,Torino,periferia,6.0,333,villetta,154,4,3,0,2,no,1902,ristrutturato,F,autonomo,ovest,1,si,si,box,no,12,9,287000
IMM-00406,Milano,centro,0.2,238,appartamento,30,1,1,0,5,no,1905,buono,G,autonomo,doppia,0,no,no,nessuno,si,49,10,184000
IMM-00407,Milano,centro,0.3,972,appartamento,92,3,2,6,6,no,1944,buono,F,autonomo,est,1,no,no,nessuno,no,171,5,463000
IMM-00408,Bologna,centro,1.3,566,appartamento,80,2,2,2,3,no,1938,da_ristrutturare,G,centralizzato,sud,0,no,no,nessuno,no,201,3,235000
IMM-00409,Bologna,centro,1.6,512,appartamento,78,3,1,2,5,no,1944,da_ristrutturare,G,autonomo,doppia,1,no,no,nessuno,no,144,4,301000
IMM-00410,Firenze,periferia,7.5,1909,appartamento,105,5,2,1,7,no,1969,da_ristrutturare,F,autonomo,sud,1,si,no,box,si,160,6,229000
IMM-00411,Napoli,semicentro,2.6,598,appartamento,61,2,1,3,3,no,1963,ristrutturato,E,centralizzato,sud,1,no,no,nessuno,si,173,10,147000
IMM-00412,Roma,centro,1.5,237,appartamento,108,4,2,3,3,no,1946,ristrutturato,E,autonomo,ovest,3,no,no,nessuno,si,246,10,431000
IMM-00413,Genova,semicentro,2.4,542,attico,117,4,2,6,6,no,1957,buono,G,centralizzato,est,1,si,no,box,no,183,3,195000
IMM-00414,Bologna,semicentro,5.5,830,appartamento,88,3,2,6,7,si,1995,ristrutturato,E,autonomo,nord,2,no,no,nessuno,si,205,5,305000
IMM-00415,Torino,periferia,10.0,495,appartamento,181,6,4,2,2,no,2022,nuovo,A,autonomo,nord,3,no,no,nessuno,no,198,3,261000
IMM-00416,Roma,centro,1.3,414,attico,83,4,2,4,4,si,1925,buono,F,centralizzato,sud,0,si,no,nessuno,si,159,3,450000
IMM-00417,Roma,centro,2.0,409,appartamento,45,1,1,0,7,no,1932,da_ristrutturare,G,autonomo,sud,1,no,si,nessuno,no,60,1,186000
IMM-00418,Bari,periferia,12.8,469,appartamento,92,2,2,0,11,si,1979,buono,D,autonomo,ovest,1,no,no,posto_auto,no,191,6,92000
IMM-00419,Torino,periferia,6.1,1105,appartamento,220,7,3,2,4,si,1976,ristrutturato,D,centralizzato,doppia,1,no,no,box,si,336,7,295000
IMM-00420,Milano,periferia,10.6,586,appartamento,80,3,2,1,9,si,2002,buono,C,autonomo,nord,0,no,no,box,si,179,12,294000
IMM-00421,Genova,periferia,11.9,1931,villetta,133,5,2,0,2,no,1979,buono,F,autonomo,doppia,0,no,no,box,si,8,1,131000
IMM-00422,Milano,centro,0.2,406,appartamento,159,6,3,2,4,si,1903,buono,G,autonomo,ovest,0,si,si,posto_auto,si,259,9,1155000
IMM-00423,Milano,semicentro,3.9,702,appartamento,67,3,1,1,5,no,1961,buono,F,centralizzato,est,1,no,no,box,no,150,11,301000
IMM-00424,Roma,periferia,8.0,681,appartamento,50,1,1,2,10,si,2014,ristrutturato,B,centralizzato,nord,1,no,no,nessuno,no,217,8,120000
IMM-00425,Padova,centro,1.3,265,appartamento,96,3,2,2,3,si,1955,buono,E,autonomo,sud,0,no,si,nessuno,no,226,1,416000
IMM-00426,Bologna,periferia,12.0,3137,appartamento,93,2,2,3,6,no,1966,da_ristrutturare,E,centralizzato,sud,2,no,no,nessuno,si,160,12,173000
IMM-00427,Roma,semicentro,2.2,534,appartamento,92,4,2,4,5,si,2018,buono,A,autonomo,sud,1,no,no,box,si,136,11,394000
IMM-00428,Roma,periferia,12.3,386,appartamento,55,2,1,0,6,no,1955,ristrutturato,C,autonomo,doppia,1,no,si,nessuno,no,96,4,133000
IMM-00429,Firenze,periferia,6.6,1579,appartamento,90,3,2,6,11,no,1960,buono,G,autonomo,est,0,no,no,nessuno,si,111,7,166000
IMM-00430,Roma,semicentro,3.7,1758,villetta,155,5,3,0,2,no,1975,da_ristrutturare,G,autonomo,sud,2,si,si,box,si,27,8,381000
IMM-00431,Roma,periferia,14.8,1474,attico,68,3,1,5,5,si,1998,buono,C,autonomo,est,2,si,no,posto_auto,no,125,10,181000
IMM-00432,Napoli,centro,0.3,153,appartamento,65,3,1,1,4,si,2022,nuovo,B,autonomo,sud,1,si,no,nessuno,si,150,9,354000
IMM-00433,Bologna,semicentro,2.8,392,appartamento,114,5,2,4,6,si,1990,da_ristrutturare,E,autonomo,nord,1,no,no,nessuno,no,176,11,252000
IMM-00434,Torino,centro,1.1,239,appartamento,61,3,2,1,3,no,1946,da_ristrutturare,G,autonomo,est,0,no,no,nessuno,si,122,8,118000
IMM-00435,Palermo,centro,1.9,463,attico,101,4,2,6,6,si,1954,buono,F,centralizzato,sud,1,si,no,nessuno,si,222,11,226000
IMM-00436,Roma,semicentro,4.6,661,villetta,246,8,4,0,2,no,1974,buono,F,autonomo,est,1,no,si,nessuno,si,18,3,682000
IMM-00437,Palermo,centro,1.4,271,appartamento,77,3,1,4,4,si,1975,buono,G,autonomo,doppia,1,no,no,nessuno,si,195,11,147000
IMM-00438,Firenze,semicentro,2.1,824,appartamento,93,3,2,0,7,no,1951,ristrutturato,E,centralizzato,doppia,2,no,si,nessuno,no,146,9,418000
IMM-00439,Torino,periferia,9.1,913,appartamento,97,4,2,7,7,si,2015,buono,C,centralizzato,doppia,1,no,no,posto_auto,no,227,9,117000
IMM-00440,Milano,periferia,9.5,2641,villetta,117,4,2,0,2,no,1998,ristrutturato,C,autonomo,est,0,no,si,box,no,10,8,449000
IMM-00441,Bologna,periferia,8.4,803,appartamento,62,2,1,2,3,no,1986,buono,E,centralizzato,est,0,no,no,posto_auto,no,87,11,117000
IMM-00442,Padova,periferia,13.9,896,attico,163,7,3,7,7,si,2018,buono,A,autonomo,nord,1,si,no,box,no,239,3,303000
IMM-00443,Padova,semicentro,4.7,234,appartamento,66,4,1,0,5,si,1974,ristrutturato,D,autonomo,doppia,1,no,no,box,no,157,8,177000
IMM-00444,Torino,periferia,8.1,902,appartamento,70,3,2,4,9,si,1956,buono,F,centralizzato,ovest,3,no,no,box,si,161,2,89000
IMM-00445,Genova,semicentro,5.8,1227,appartamento,115,4,1,6,6,no,1966,ristrutturato,E,centralizzato,doppia,2,no,no,box,si,172,11,151000
IMM-00446,Milano,semicentro,5.5,367,appartamento,88,3,1,4,8,no,1966,buono,E,autonomo,doppia,1,no,no,posto_auto,si,134,8,355000
IMM-00447,Milano,semicentro,2.7,271,appartamento,143,5,3,0,6,si,1994,ristrutturato,D,autonomo,sud,1,no,no,posto_auto,si,203,12,656000
IMM-00448,Genova,semicentro,5.3,810,appartamento,73,2,2,3,6,si,1994,da_ristrutturare,E,autonomo,doppia,2,no,no,nessuno,no,157,2,105000
IMM-00449,Genova,periferia,8.7,1653,appartamento,101,3,2,5,10,si,2018,nuovo,A,autonomo,sud,3,no,no,nessuno,si,169,1,157000
IMM-00450,Palermo,centro,0.5,432,appartamento,56,1,2,3,5,si,1903,da_ristrutturare,F,centralizzato,sud,2,no,no,nessuno,no,159,8,75000
IMM-00451,Firenze,semicentro,5.8,897,appartamento,116,4,2,7,7,si,1990,buono,D,centralizzato,sud,2,no,no,nessuno,no,207,6,398000
IMM-00452,Bologna,centro,0.6,400,appartamento,63,2,1,1,5,no,1953,buono,E,centralizzato,ovest,2,no,no,nessuno,no,143,9,313000
IMM-00453,Roma,centro,1.5,189,appartamento,137,5,2,6,7,si,1928,buono,G,autonomo,nord,2,no,no,posto_auto,si,235,6,607000
IMM-00454,Milano,semicentro,5.5,1396,appartamento,87,4,2,2,3,no,1986,da_ristrutturare,E,autonomo,sud,0,no,no,box,no,149,4,325000
IMM-00455,Bologna,periferia,9.8,216,villetta,130,5,2,0,2,no,2002,buono,D,autonomo,est,2,no,si,posto_auto,no,26,9,291000
IMM-00456,Milano,periferia,9.4,1985,appartamento,66,3,1,7,11,si,1986,ristrutturato,B,centralizzato,sud,3,no,no,box,no,157,10,249000
IMM-00457,Palermo,centro,1.9,214,appartamento,97,3,2,1,6,si,2013,buono,C,autonomo,ovest,1,no,no,nessuno,no,176,11,195000
IMM-00458,Milano,periferia,7.1,135,appartamento,76,4,2,2,3,no,1988,ristrutturato,E,autonomo,doppia,2,si,no,box,no,86,5,306000
IMM-00459,Roma,periferia,13.7,800,appartamento,102,4,2,4,6,si,1999,da_ristrutturare,E,autonomo,doppia,1,no,no,box,no,225,6,174000
IMM-00460,Palermo,semicentro,5.6,530,attico,84,3,2,5,5,si,2018,nuovo,A,autonomo,est,1,si,no,nessuno,no,158,5,211000
IMM-00461,Roma,periferia,9.7,861,appartamento,51,2,1,2,4,si,1955,ristrutturato,D,autonomo,nord,2,no,no,nessuno,si,137,1,114000
IMM-00462,Bologna,centro,0.8,586,appartamento,65,2,1,5,7,si,1952,buono,G,centralizzato,doppia,0,no,no,nessuno,no,166,11,237000
IMM-00463,Milano,periferia,9.9,5000,appartamento,78,3,3,8,8,si,1982,buono,E,autonomo,doppia,1,no,no,box,si,89,5,210000
IMM-00464,Genova,centro,0.5,118,appartamento,71,2,2,0,5,si,2005,da_ristrutturare,B,centralizzato,nord,2,no,si,nessuno,no,191,4,197000
IMM-00465,Firenze,centro,1.8,301,appartamento,61,2,1,4,4,si,1955,ristrutturato,E,autonomo,ovest,2,no,no,nessuno,no,127,8,430000
IMM-00466,Firenze,periferia,8.0,953,appartamento,57,3,1,1,2,si,2019,nuovo,A,autonomo,ovest,2,no,si,nessuno,si,187,11,207000
IMM-00467,Milano,centro,1.1,290,appartamento,41,2,1,0,4,si,1993,buono,D,autonomo,sud,1,no,no,nessuno,si,176,2,288000
IMM-00468,Firenze,periferia,6.6,230,attico,163,7,3,9,9,si,1978,buono,E,autonomo,nord,1,si,no,posto_auto,si,301,9,485000
IMM-00469,Torino,periferia,7.8,1660,appartamento,97,4,2,2,4,si,1977,buono,E,centralizzato,nord,1,no,no,nessuno,si,217,7,93000
IMM-00470,Milano,semicentro,2.5,540,appartamento,119,5,2,1,3,no,1966,ristrutturato,D,autonomo,sud,2,no,no,posto_auto,si,152,12,600000
IMM-00471,Firenze,semicentro,6.0,723,appartamento,112,4,2,9,9,no,1975,da_ristrutturare,E,centralizzato,nord,0,no,no,nessuno,no,152,5,177000
IMM-00472,Torino,periferia,9.1,1596,appartamento,67,2,1,1,11,si,1998,buono,E,centralizzato,est,1,no,no,nessuno,si,163,2,74000
IMM-00473,Firenze,centro,1.9,238,appartamento,69,2,1,1,4,si,1921,buono,F,autonomo,est,2,no,no,box,si,181,6,467000
IMM-00474,Torino,centro,0.3,213,attico,130,5,2,5,5,si,1929,buono,G,centralizzato,sud,0,si,no,nessuno,si,217,6,411000
IMM-00475,Bari,periferia,12.4,984,villetta,256,8,4,0,2,no,1954,buono,F,autonomo,sud,1,si,si,nessuno,no,8,3,235000
IMM-00476,Torino,periferia,12.5,2304,villetta,145,7,2,0,3,no,2011,da_ristrutturare,D,autonomo,nord,0,no,si,box,no,0,6,154000
IMM-00477,Roma,semicentro,2.2,731,appartamento,72,2,2,7,7,si,1981,buono,F,centralizzato,doppia,0,no,no,box,si,164,9,247000
IMM-00478,Bari,periferia,9.2,535,appartamento,82,3,2,0,5,si,1919,da_ristrutturare,F,autonomo,doppia,1,no,no,nessuno,no,147,10,65000
IMM-00479,Roma,periferia,6.2,1039,appartamento,94,2,2,2,6,si,1923,ristrutturato,E,centralizzato,est,1,no,no,posto_auto,si,196,10,235000
IMM-00480,Milano,semicentro,5.9,1197,appartamento,96,4,2,6,6,no,1912,ristrutturato,E,centralizzato,ovest,1,no,no,nessuno,si,128,1,364000
IMM-00481,Genova,periferia,6.4,1102,villetta,215,8,3,0,2,no,1978,buono,E,autonomo,nord,2,no,si,box,si,32,4,217000
IMM-00482,Bari,semicentro,2.8,518,appartamento,61,1,1,4,4,si,1974,buono,F,autonomo,doppia,0,no,no,posto_auto,si,126,12,119000
IMM-00483,Bari,periferia,8.0,340,attico,83,3,2,11,11,si,2023,nuovo,A,autonomo,nord,2,si,no,box,si,196,5,215000
IMM-00484,Milano,centro,1.1,361,appartamento,90,3,3,6,7,si,1915,buono,E,centralizzato,ovest,1,no,no,box,si,227,8,590000
IMM-00485,Milano,semicentro,5.1,293,appartamento,64,2,1,2,3,si,1931,buono,G,autonomo,sud,0,no,no,nessuno,si,122,10,319000
IMM-00486,Bologna,centro,1.6,193,villetta,159,6,3,0,2,no,1952,buono,F,autonomo,ovest,0,no,si,box,si,0,5,735000
IMM-00487,Roma,semicentro,5.5,301,appartamento,114,3,2,1,7,no,1954,buono,F,centralizzato,sud,1,no,no,nessuno,no,144,12,324000
IMM-00488,Torino,centro,1.1,444,appartamento,106,4,2,5,6,no,1917,da_ristrutturare,G,centralizzato,ovest,1,no,no,nessuno,si,227,6,199000
IMM-00489,Bologna,periferia,13.7,1214,appartamento,47,1,1,2,3,no,2016,nuovo,B,autonomo,doppia,1,no,no,nessuno,si,99,8,132000
IMM-00490,Bologna,semicentro,4.7,262,appartamento,54,2,1,1,9,no,1968,buono,F,centralizzato,ovest,2,si,no,nessuno,si,137,11,165000
IMM-00491,Milano,semicentro,5.8,929,appartamento,89,4,2,2,7,si,1991,da_ristrutturare,E,centralizzato,ovest,2,no,no,posto_auto,no,225,2,289000
IMM-00492,Firenze,semicentro,5.0,849,appartamento,59,3,1,4,9,no,1956,ristrutturato,C,autonomo,est,2,no,no,nessuno,si,123,1,195000
IMM-00493,Bologna,semicentro,2.7,457,appartamento,81,3,2,5,9,no,1955,buono,G,autonomo,nord,2,no,no,nessuno,si,193,10,182000
IMM-00494,Milano,centro,0.9,373,appartamento,45,3,1,5,5,no,1969,buono,G,autonomo,doppia,1,no,no,nessuno,si,77,12,275000
IMM-00495,Milano,semicentro,5.2,401,appartamento,64,1,1,2,8,si,2000,buono,B,autonomo,nord,2,si,no,nessuno,no,156,12,284000
IMM-00496,Roma,semicentro,2.4,1137,villetta,116,4,2,0,2,no,1976,buono,F,autonomo,ovest,2,no,no,posto_auto,no,23,7,433000
IMM-00497,Torino,periferia,12.6,1222,appartamento,52,1,1,5,6,si,2012,buono,C,centralizzato,ovest,2,no,no,box,si,131,3,98000
IMM-00498,Roma,centro,0.5,513,appartamento,72,2,2,4,5,si,1924,da_ristrutturare,G,autonomo,sud,1,no,no,nessuno,si,122,12,285000
IMM-00499,Roma,periferia,14.5,2637,appartamento,153,5,4,1,4,si,1994,ristrutturato,D,centralizzato,nord,1,no,no,box,no,259,3,229000
IMM-00500,Roma,centro,0.3,216,appartamento,156,4,3,1,3,si,1940,ristrutturato,F,autonomo,doppia,1,no,no,posto_auto,si,260,4,987000
IMM-00501,Padova,semicentro,3.1,1539,appartamento,106,4,2,9,9,si,1993,buono,F,autonomo,doppia,1,no,no,nessuno,no,162,7,250000
IMM-00502,Genova,periferia,7.1,757,appartamento,49,2,1,1,7,si,2006,da_ristrutturare,B,autonomo,sud,2,no,no,nessuno,no,88,6,54000
IMM-00503,Torino,centro,0.4,388,attico,93,3,2,5,5,no,1900,ristrutturato,D,centralizzato,sud,2,si,no,nessuno,no,189,2,254000
IMM-00504,Napoli,semicentro,3.2,728,appartamento,215,8,3,1,8,si,1928,ristrutturato,F,centralizzato,ovest,1,no,no,nessuno,si,345,10,375000
IMM-00505,Milano,semicentro,3.5,228,appartamento,86,2,2,6,6,si,1986,da_ristrutturare,D,centralizzato,ovest,0,no,no,nessuno,si,178,3,297000
IMM-00506,Firenze,periferia,9.5,1385,attico,72,3,2,10,10,si,1972,buono,F,centralizzato,doppia,2,si,no,nessuno,no,218,3,174000
IMM-00507,Milano,semicentro,4.9,1197,appartamento,170,7,3,0,7,no,1955,buono,D,autonomo,sud,1,no,si,nessuno,si,207,4,678000
IMM-00508,Bologna,semicentro,2.7,490,appartamento,43,1,2,1,6,si,1948,buono,F,centralizzato,doppia,2,no,no,box,si,154,1,152000
IMM-00509,Genova,centro,1.8,212,appartamento,66,2,1,2,3,no,2020,nuovo,A,centralizzato,sud,0,no,no,nessuno,no,136,8,244000
IMM-00510,Padova,periferia,14.7,1345,appartamento,68,4,1,3,5,si,2002,ristrutturato,A,autonomo,sud,0,no,no,nessuno,si,160,10,80000
IMM-00511,Firenze,semicentro,3.8,1040,appartamento,136,4,2,7,8,si,1967,da_ristrutturare,F,centralizzato,nord,2,no,no,posto_auto,si,246,10,305000
IMM-00512,Roma,semicentro,4.2,669,appartamento,61,1,1,3,4,si,1976,buono,E,autonomo,nord,1,no,no,nessuno,no,114,9,193000
IMM-00513,Bari,periferia,14.2,5000,appartamento,52,2,1,7,8,si,2010,buono,B,autonomo,nord,1,no,no,posto_auto,si,141,9,64000
IMM-00514,Bologna,semicentro,4.0,279,appartamento,83,5,2,7,7,no,1962,ristrutturato,G,centralizzato,nord,1,no,no,box,si,133,10,193000
IMM-00515,Padova,centro,2.0,224,attico,138,5,2,6,6,si,2022,buono,B,centralizzato,doppia,1,si,si,nessuno,si,235,3,664000
IMM-00516,Roma,periferia,13.0,3176,appartamento,61,2,1,3,9,si,1993,ristrutturato,E,centralizzato,nord,1,no,no,nessuno,no,138,7,102000
IMM-00517,Roma,periferia,10.7,1990,attico,131,5,2,11,11,no,2011,ristrutturato,A,autonomo,nord,2,si,no,nessuno,no,180,12,264000
IMM-00518,Bari,periferia,8.3,598,appartamento,105,3,2,5,10,si,1981,da_ristrutturare,E,autonomo,ovest,1,no,no,nessuno,no,162,7,100000
IMM-00519,Bari,periferia,10.8,1207,appartamento,87,3,3,3,5,si,2012,da_ristrutturare,D,autonomo,nord,1,no,no,nessuno,si,164,11,84000
IMM-00520,Bologna,semicentro,3.9,1313,villetta,167,5,3,0,3,no,1997,da_ristrutturare,E,autonomo,sud,0,si,si,box,no,30,8,443000
IMM-00521,Roma,centro,0.3,182,appartamento,83,2,3,0,7,si,1967,ristrutturato,E,centralizzato,ovest,1,no,no,nessuno,si,187,12,415000
IMM-00522,Roma,periferia,12.4,1328,appartamento,83,3,2,2,8,no,1985,buono,F,centralizzato,est,2,no,no,posto_auto,si,165,4,140000
IMM-00523,Milano,centro,1.2,303,appartamento,81,3,2,4,6,si,1919,da_ristrutturare,G,centralizzato,sud,1,no,no,nessuno,si,181,5,445000
IMM-00524,Padova,semicentro,4.4,752,appartamento,62,1,1,2,3,no,1975,da_ristrutturare,E,autonomo,sud,0,no,no,box,si,163,4,116000
IMM-00525,Firenze,periferia,11.8,1323,appartamento,123,5,2,5,7,no,1969,da_ristrutturare,F,centralizzato,doppia,2,no,no,box,si,180,2,184000
IMM-00526,Palermo,periferia,12.9,1760,attico,151,5,3,9,9,no,1962,buono,E,autonomo,est,0,si,si,box,si,171,5,106000
IMM-00527,Roma,semicentro,5.6,658,appartamento,92,4,2,1,8,si,1929,da_ristrutturare,F,centralizzato,doppia,2,no,no,nessuno,si,185,4,229000
IMM-00528,Milano,periferia,14.0,1039,appartamento,64,2,1,3,3,no,1947,da_ristrutturare,F,autonomo,sud,0,no,no,posto_auto,no,100,3,134000
IMM-00529,Roma,semicentro,3.2,641,villetta,146,5,3,0,2,no,1947,buono,G,autonomo,sud,1,si,si,box,si,17,7,510000
IMM-00530,Torino,centro,1.1,176,appartamento,90,4,2,3,3,no,1931,ristrutturato,F,autonomo,est,1,no,no,nessuno,no,166,2,266000
IMM-00531,Padova,semicentro,5.5,687,appartamento,51,1,1,1,8,no,1931,buono,G,centralizzato,est,0,no,no,nessuno,si,119,5,88000
IMM-00532,Napoli,semicentro,3.8,607,appartamento,105,4,2,1,6,si,1925,buono,F,centralizzato,sud,0,no,no,nessuno,no,189,1,282000
IMM-00533,Roma,periferia,13.0,1343,attico,105,4,2,3,3,no,1940,buono,F,autonomo,doppia,1,si,no,box,si,169,3,226000
IMM-00534,Firenze,periferia,8.4,1982,appartamento,46,3,1,0,8,no,1973,buono,F,autonomo,doppia,2,no,no,nessuno,si,101,2,105000
IMM-00535,Milano,periferia,10.5,152,appartamento,144,5,3,3,7,no,1947,da_ristrutturare,F,centralizzato,ovest,2,no,no,nessuno,no,226,3,242000
IMM-00536,Napoli,semicentro,3.0,502,attico,78,3,2,6,6,si,1976,da_ristrutturare,E,centralizzato,doppia,1,si,no,nessuno,no,215,11,211000
IMM-00537,Roma,periferia,13.6,2054,villetta,210,7,3,0,2,no,2007,buono,E,autonomo,ovest,0,no,si,box,si,0,10,426000
IMM-00538,Milano,periferia,12.3,582,attico,126,5,2,11,11,si,1973,da_ristrutturare,E,autonomo,sud,2,si,no,nessuno,si,171,6,371000
IMM-00539,Milano,semicentro,4.3,1839,appartamento,59,3,1,3,8,no,1948,buono,F,centralizzato,ovest,2,no,no,nessuno,si,132,6,217000
IMM-00540,Roma,semicentro,3.2,522,attico,147,5,3,4,4,si,1938,buono,F,autonomo,ovest,0,si,no,nessuno,si,217,10,521000
IMM-00541,Milano,periferia,7.3,800,appartamento,115,3,2,4,5,si,1999,buono,E,centralizzato,est,1,no,no,box,si,224,1,317000
IMM-00542,Napoli,semicentro,5.1,193,appartamento,70,3,1,8,8,no,1955,buono,G,centralizzato,sud,1,no,no,nessuno,si,135,8,103000
IMM-00543,Milano,centro,0.9,170,appartamento,146,6,2,5,7,no,1916,da_ristrutturare,G,autonomo,nord,3,no,no,nessuno,no,259,3,658000
IMM-00544,Palermo,centro,1.7,282,appartamento,83,3,2,2,3,no,1935,buono,G,autonomo,ovest,2,no,si,nessuno,no,138,3,165000
IMM-00545,Napoli,centro,1.8,536,appartamento,74,4,2,4,6,si,1928,buono,G,autonomo,sud,0,no,no,nessuno,no,208,5,249000
IMM-00546,Milano,centro,0.9,372,appartamento,90,3,2,2,5,no,1935,ristrutturato,D,centralizzato,sud,0,si,no,nessuno,no,171,2,722000
IMM-00547,Milano,semicentro,5.7,431,appartamento,54,1,1,5,6,si,1998,da_ristrutturare,E,autonomo,nord,3,no,no,nessuno,no,117,10,200000
IMM-00548,Torino,centro,0.5,327,attico,74,3,2,5,5,si,1900,buono,F,centralizzato,doppia,0,si,no,posto_auto,si,180,10,253000
IMM-00549,Roma,semicentro,6.0,404,appartamento,156,6,2,9,9,si,1949,buono,E,autonomo,nord,1,no,no,nessuno,si,222,9,374000
IMM-00550,Milano,semicentro,4.0,1403,appartamento,156,6,3,2,8,si,2012,da_ristrutturare,C,autonomo,sud,2,no,no,posto_auto,si,286,8,618000
IMM-00551,Padova,semicentro,4.1,912,appartamento,65,3,1,5,9,si,1985,buono,E,autonomo,est,1,no,no,posto_auto,si,176,5,140000
IMM-00552,Milano,semicentro,2.6,845,villetta,174,7,3,0,2,no,2010,da_ristrutturare,C,autonomo,sud,0,no,si,box,no,9,9,801000
IMM-00553,Roma,semicentro,4.0,549,appartamento,102,3,2,1,7,no,1972,buono,F,autonomo,est,3,no,no,nessuno,si,94,4,293000
IMM-00554,Padova,periferia,15.0,1072,appartamento,86,3,2,1,5,si,1911,buono,G,autonomo,ovest,2,no,no,box,si,197,11,113000
IMM-00555,Napoli,periferia,13.0,808,appartamento,109,5,2,0,10,si,2002,da_ristrutturare,D,autonomo,ovest,1,no,si,nessuno,no,197,11,114000
IMM-00556,Torino,semicentro,5.5,297,appartamento,57,3,1,2,3,no,1938,da_ristrutturare,F,autonomo,ovest,1,no,no,posto_auto,no,83,10,83000
IMM-00557,Torino,centro,0.2,441,appartamento,45,2,1,3,4,si,1914,buono,F,centralizzato,ovest,2,no,no,nessuno,no,211,1,118000
IMM-00558,Roma,centro,1.0,569,appartamento,65,3,1,0,7,si,1980,ristrutturato,B,centralizzato,sud,2,no,si,nessuno,si,167,1,311000
IMM-00559,Milano,semicentro,2.8,746,appartamento,129,5,2,5,5,si,1973,ristrutturato,D,centralizzato,doppia,3,no,no,nessuno,no,220,3,730000
IMM-00560,Palermo,semicentro,4.7,170,appartamento,59,1,1,1,3,no,1966,ristrutturato,D,autonomo,sud,3,no,no,nessuno,si,107,5,85000
IMM-00561,Roma,semicentro,5.2,280,appartamento,150,6,3,4,4,si,1992,buono,D,centralizzato,sud,2,no,no,nessuno,si,282,3,399000
IMM-00562,Firenze,periferia,7.5,1029,appartamento,86,3,2,3,3,no,1974,buono,E,autonomo,sud,2,no,no,posto_auto,si,110,3,187000
IMM-00563,Napoli,centro,1.4,316,appartamento,101,3,2,3,4,no,1935,ristrutturato,E,centralizzato,nord,0,no,no,posto_auto,si,182,3,392000
IMM-00564,Firenze,centro,1.3,425,appartamento,68,3,1,1,5,no,1946,ristrutturato,E,centralizzato,doppia,1,no,no,nessuno,no,180,4,388000
IMM-00565,Milano,periferia,14.7,1763,appartamento,61,2,1,4,9,si,2018,nuovo,B,autonomo,sud,0,no,no,nessuno,si,125,5,243000
IMM-00566,Genova,semicentro,5.4,824,villetta,113,4,2,0,3,no,1992,ristrutturato,E,autonomo,ovest,1,si,si,box,si,11,7,272000
IMM-00567,Genova,semicentro,4.5,961,appartamento,66,1,1,2,3,no,1990,ristrutturato,C,autonomo,ovest,2,no,no,nessuno,no,108,4,98000
IMM-00568,Napoli,periferia,6.4,5000,villetta,181,6,3,0,2,no,1999,ristrutturato,C,autonomo,doppia,0,si,si,box,si,13,2,325000
IMM-00569,Milano,centro,1.3,282,appartamento,42,2,1,2,3,no,1900,buono,F,autonomo,ovest,0,no,no,box,si,96,3,293000
IMM-00570,Padova,semicentro,5.5,373,appartamento,38,2,1,0,6,si,2022,nuovo,A,centralizzato,ovest,1,no,no,nessuno,si,161,3,181000
IMM-00571,Milano,centro,0.8,393,appartamento,123,3,1,0,6,no,1940,da_ristrutturare,F,centralizzato,est,2,no,si,nessuno,no,211,3,625000
IMM-00572,Roma,semicentro,4.1,181,appartamento,57,1,1,5,8,si,1991,da_ristrutturare,E,autonomo,doppia,2,no,no,nessuno,no,135,12,150000
IMM-00573,Firenze,semicentro,5.4,1265,attico,156,6,3,6,6,no,1962,ristrutturato,C,autonomo,sud,1,si,no,nessuno,si,221,4,589000
IMM-00574,Bologna,semicentro,3.4,1038,appartamento,86,3,2,1,5,si,2012,buono,B,autonomo,doppia,2,si,no,posto_auto,no,209,2,309000
IMM-00575,Torino,periferia,11.7,431,appartamento,84,3,2,3,8,no,1955,buono,F,centralizzato,nord,0,no,no,box,si,135,2,93000
IMM-00576,Torino,periferia,13.5,1368,appartamento,71,1,2,1,10,no,1947,da_ristrutturare,F,centralizzato,nord,1,si,no,box,no,129,5,70000
IMM-00577,Torino,centro,1.5,104,appartamento,108,5,2,4,7,si,1916,buono,G,centralizzato,sud,1,no,no,nessuno,no,221,6,312000
IMM-00578,Torino,centro,1.3,499,appartamento,84,3,2,0,7,si,1921,ristrutturato,E,centralizzato,doppia,0,no,si,nessuno,si,208,4,216000
IMM-00579,Padova,periferia,14.3,1136,appartamento,77,3,2,2,5,si,2007,buono,C,autonomo,ovest,1,si,no,posto_auto,si,175,7,105000
IMM-00580,Milano,periferia,15.0,1241,appartamento,65,3,1,7,9,si,2022,nuovo,A,autonomo,sud,2,no,no,posto_auto,no,171,9,281000
IMM-00581,Bari,semicentro,5.6,562,appartamento,34,1,1,7,8,si,1919,ristrutturato,E,autonomo,doppia,2,no,no,posto_auto,si,107,12,94000
IMM-00582,Padova,centro,1.1,238,appartamento,157,6,3,2,7,si,1910,ristrutturato,E,centralizzato,doppia,0,no,no,posto_auto,si,283,1,576000
IMM-00583,Palermo,semicentro,6.0,547,appartamento,51,2,1,4,5,si,1975,buono,F,centralizzato,est,2,no,no,nessuno,no,194,6,56000
IMM-00584,Bologna,periferia,13.1,367,appartamento,94,3,2,0,5,no,1960,ristrutturato,E,centralizzato,est,1,no,no,box,no,167,3,170000
IMM-00585,Torino,semicentro,5.6,444,appartamento,167,6,3,3,8,no,2011,ristrutturato,B,autonomo,est,0,no,no,box,no,229,4,306000
IMM-00586,Roma,centro,0.5,514,appartamento,81,3,2,4,7,no,1956,ristrutturato,D,autonomo,est,1,no,no,nessuno,si,133,9,359000
IMM-00587,Roma,periferia,6.1,3151,appartamento,124,5,2,7,11,si,1985,buono,E,centralizzato,doppia,1,no,no,box,no,265,5,251000
IMM-00588,Roma,semicentro,5.9,412,appartamento,181,5,3,3,9,si,1924,da_ristrutturare,G,centralizzato,sud,1,no,no,nessuno,si,307,4,395000
IMM-00589,Palermo,periferia,12.5,5000,appartamento,43,1,1,0,7,si,2005,da_ristrutturare,C,autonomo,sud,2,no,no,nessuno,si,99,10,26000
IMM-00590,Genova,periferia,12.7,773,villetta,218,6,3,0,2,no,1965,buono,F,autonomo,doppia,1,si,si,box,si,0,5,226000
IMM-00591,Torino,centro,1.7,180,appartamento,111,4,2,1,5,no,1909,ristrutturato,F,autonomo,doppia,2,no,no,nessuno,no,203,1,353000
IMM-00592,Bari,periferia,7.0,1256,villetta,113,5,2,0,2,no,2009,da_ristrutturare,C,autonomo,sud,2,no,si,nessuno,si,31,7,142000
IMM-00593,Torino,periferia,8.9,1537,appartamento,30,2,1,2,4,si,2009,da_ristrutturare,D,autonomo,nord,0,si,no,nessuno,si,66,12,33000
IMM-00594,Milano,semicentro,2.9,1882,appartamento,83,3,2,6,6,no,1937,buono,G,centralizzato,nord,1,no,no,box,si,169,7,272000
IMM-00595,Bari,periferia,12.5,2399,appartamento,101,4,2,3,3,no,1980,ristrutturato,D,centralizzato,sud,1,no,no,posto_auto,no,164,2,109000
IMM-00596,Roma,centro,1.9,414,appartamento,80,3,2,4,4,si,1969,ristrutturato,D,centralizzato,doppia,1,no,no,nessuno,no,243,5,378000
IMM-00597,Bologna,periferia,10.1,1102,appartamento,43,1,1,3,4,si,1959,buono,G,centralizzato,sud,2,no,no,box,si,160,1,105000
IMM-00598,Roma,centro,2.0,914,appartamento,85,3,2,4,7,si,1903,ristrutturato,E,centralizzato,nord,0,no,no,nessuno,no,209,12,417000
IMM-00599,Padova,semicentro,5.7,2655,appartamento,104,3,2,8,9,si,1979,buono,F,centralizzato,nord,2,no,no,nessuno,si,194,6,192000
IMM-00600,Padova,periferia,11.9,1268,appartamento,67,2,2,3,9,si,2018,nuovo,A,autonomo,ovest,1,si,no,box,si,106,10,158000
IMM-00601,Roma,periferia,9.6,621,appartamento,49,1,2,4,5,no,1970,buono,G,autonomo,nord,2,no,no,posto_auto,no,40,9,90000
IMM-00602,Milano,semicentro,4.8,429,appartamento,48,1,1,2,3,no,2006,buono,D,autonomo,est,1,no,no,posto_auto,si,103,3,247000
IMM-00603,Roma,semicentro,3.3,722,villetta,143,5,3,0,2,no,1989,ristrutturato,D,autonomo,doppia,1,no,si,box,no,23,6,524000
IMM-00604,Milano,periferia,14.0,1310,appartamento,71,3,2,3,6,si,1961,ristrutturato,G,autonomo,ovest,2,no,no,box,no,176,12,226000
IMM-00605,Bologna,semicentro,4.4,457,appartamento,123,4,2,2,4,no,1963,ristrutturato,E,autonomo,sud,1,no,no,posto_auto,si,158,8,405000
IMM-00606,Palermo,periferia,13.1,2891,attico,161,6,4,6,6,si,1989,da_ristrutturare,E,centralizzato,sud,2,si,no,nessuno,no,271,1,103000
IMM-00607,Padova,periferia,12.6,1019,villetta,138,5,2,0,2,no,2016,nuovo,A,autonomo,sud,1,si,si,posto_auto,no,4,12,282000
IMM-00608,Genova,semicentro,3.1,639,appartamento,64,2,1,6,9,si,1981,da_ristrutturare,E,centralizzato,doppia,2,no,no,box,no,135,3,105000
IMM-00609,Firenze,periferia,8.9,957,appartamento,88,4,1,2,3,no,2005,buono,C,autonomo,doppia,3,no,no,posto_auto,no,117,8,220000
IMM-00610,Genova,centro,1.5,273,appartamento,53,2,1,0,4,no,1952,buono,E,centralizzato,doppia,2,no,no,nessuno,si,93,11,148000
IMM-00611,Roma,semicentro,4.6,283,appartamento,90,3,1,0,3,no,1953,ristrutturato,F,centralizzato,est,1,no,si,posto_auto,no,165,3,321000
IMM-00612,Firenze,semicentro,2.9,414,villetta,161,6,3,0,3,no,1935,da_ristrutturare,G,autonomo,sud,1,no,si,box,no,8,9,567000
IMM-00613,Milano,semicentro,4.1,1098,appartamento,104,5,2,7,7,si,1951,da_ristrutturare,F,centralizzato,doppia,1,no,no,nessuno,no,226,9,364000
IMM-00614,Torino,periferia,7.2,542,appartamento,62,2,1,0,5,si,1994,ristrutturato,E,autonomo,doppia,2,no,no,box,no,119,7,116000
IMM-00615,Bari,periferia,8.5,1080,villetta,169,6,3,0,3,no,1979,buono,D,autonomo,nord,0,si,si,posto_auto,no,12,7,240000
IMM-00616,Milano,periferia,14.3,1164,appartamento,63,1,1,0,3,no,2008,buono,B,autonomo,doppia,2,no,no,posto_auto,no,68,11,223000
IMM-00617,Napoli,centro,0.7,197,appartamento,155,6,3,2,5,no,1936,da_ristrutturare,G,centralizzato,nord,1,no,no,nessuno,si,268,4,367000
IMM-00618,Padova,semicentro,5.4,839,appartamento,132,5,2,5,9,si,1991,buono,E,autonomo,est,0,si,no,nessuno,no,234,5,304000
IMM-00619,Torino,centro,1.3,664,appartamento,112,4,2,4,6,si,1969,da_ristrutturare,G,autonomo,sud,1,no,no,nessuno,si,194,6,211000
IMM-00620,Padova,periferia,9.8,520,appartamento,76,4,3,0,3,no,1935,ristrutturato,E,autonomo,est,1,no,no,box,si,107,5,156000
IMM-00621,Milano,centro,1.7,269,appartamento,95,3,2,1,3,no,1971,buono,D,autonomo,sud,2,no,no,nessuno,no,119,5,537000
IMM-00622,Genova,semicentro,2.4,851,appartamento,59,3,1,6,7,si,1970,buono,G,autonomo,nord,1,si,no,nessuno,si,165,2,92000
IMM-00623,Torino,centro,1.7,455,appartamento,83,2,2,1,7,si,1929,ristrutturato,F,autonomo,sud,0,no,no,box,si,206,12,259000
IMM-00624,Palermo,periferia,9.9,882,appartamento,48,3,1,5,5,si,2023,nuovo,B,autonomo,doppia,2,no,no,box,no,136,7,79000
IMM-00625,Bari,semicentro,3.2,891,appartamento,132,6,2,3,9,no,2002,buono,D,autonomo,est,1,no,no,box,si,180,10,228000
IMM-00626,Roma,periferia,12.8,883,villetta,118,5,2,0,3,no,1985,buono,D,autonomo,est,0,si,si,nessuno,no,19,8,213000
IMM-00627,Genova,centro,1.2,339,appartamento,90,3,2,3,5,si,2019,nuovo,A,autonomo,doppia,2,no,no,nessuno,no,203,10,327000
IMM-00628,Genova,periferia,10.1,955,appartamento,84,3,2,6,8,si,1980,buono,F,centralizzato,sud,1,no,no,nessuno,no,197,5,89000
IMM-00629,Roma,semicentro,5.2,753,appartamento,186,8,3,1,4,si,2012,da_ristrutturare,C,centralizzato,sud,2,no,no,nessuno,no,279,10,417000
IMM-00630,Milano,semicentro,5.7,281,appartamento,69,3,1,4,7,no,1916,ristrutturato,F,centralizzato,nord,0,no,no,box,si,128,3,303000
IMM-00631,Napoli,periferia,10.0,781,appartamento,45,1,1,4,4,no,1962,ristrutturato,D,centralizzato,ovest,2,no,no,box,si,99,3,86000
IMM-00632,Milano,periferia,12.0,1683,appartamento,70,2,1,0,7,no,1956,ristrutturato,D,centralizzato,est,2,no,no,box,si,128,12,218000
IMM-00633,Milano,semicentro,3.2,436,appartamento,80,2,3,6,7,no,1960,da_ristrutturare,E,centralizzato,ovest,2,no,no,box,no,113,8,238000
IMM-00634,Roma,semicentro,5.1,598,appartamento,80,3,2,4,6,si,1999,buono,E,centralizzato,doppia,2,no,no,nessuno,si,207,4,284000
IMM-00635,Firenze,semicentro,5.2,250,appartamento,57,2,1,1,5,si,2014,buono,D,autonomo,sud,1,no,no,nessuno,si,144,10,234000
IMM-00636,Torino,semicentro,2.1,248,appartamento,133,5,3,6,9,si,1983,da_ristrutturare,F,centralizzato,doppia,2,no,no,nessuno,no,227,5,200000
IMM-00637,Milano,periferia,12.5,3039,appartamento,145,5,3,0,8,no,1952,da_ristrutturare,E,centralizzato,sud,2,no,si,box,si,206,8,322000
IMM-00638,Bari,semicentro,3.7,404,appartamento,85,2,3,7,7,si,1982,buono,E,centralizzato,nord,1,no,no,posto_auto,si,179,12,158000
IMM-00639,Napoli,centro,1.2,144,appartamento,61,2,1,2,7,si,1961,buono,F,centralizzato,est,2,no,no,nessuno,si,210,6,197000
IMM-00640,Bari,semicentro,5.5,1123,appartamento,78,3,2,4,5,si,1961,ristrutturato,E,autonomo,sud,3,si,no,box,si,168,12,186000
IMM-00641,Milano,semicentro,2.9,1618,appartamento,37,2,1,0,6,si,2013,da_ristrutturare,C,autonomo,sud,1,no,si,posto_auto,no,121,10,164000
IMM-00642,Roma,centro,1.5,426,attico,282,8,4,7,7,si,1986,buono,E,centralizzato,nord,1,si,no,nessuno,si,430,8,1355000
IMM-00643,Padova,periferia,9.4,634,appartamento,83,2,2,4,11,si,1975,buono,F,centralizzato,est,3,no,no,box,no,169,11,108000
IMM-00644,Genova,semicentro,3.9,429,appartamento,110,4,1,0,3,si,1937,ristrutturato,D,centralizzato,sud,1,no,no,nessuno,si,235,6,224000
IMM-00645,Roma,semicentro,2.4,913,appartamento,122,3,2,4,4,si,2001,buono,B,autonomo,ovest,2,no,no,nessuno,no,178,6,391000
IMM-00646,Genova,periferia,7.0,2594,appartamento,54,3,1,2,4,si,1985,da_ristrutturare,E,centralizzato,doppia,0,no,no,nessuno,no,144,4,45000
IMM-00647,Roma,periferia,6.9,2247,villetta,160,5,3,0,2,no,1920,buono,G,autonomo,est,0,no,si,posto_auto,no,38,12,336000
IMM-00648,Roma,semicentro,4.7,523,appartamento,35,1,2,1,3,no,2022,buono,C,autonomo,ovest,1,no,si,nessuno,no,84,12,134000
IMM-00649,Roma,periferia,11.2,3132,appartamento,45,3,1,6,10,si,1948,buono,G,autonomo,est,0,no,no,box,si,111,4,94000
IMM-00650,Bologna,semicentro,4.7,725,appartamento,59,2,1,3,4,si,1974,buono,F,centralizzato,ovest,2,no,no,nessuno,si,159,5,163000
IMM-00651,Firenze,centro,1.0,208,appartamento,87,3,1,0,3,no,1972,ristrutturato,D,autonomo,nord,1,no,si,posto_auto,si,150,4,507000
IMM-00652,Napoli,periferia,8.9,1891,villetta,200,6,3,0,2,no,2012,ristrutturato,B,autonomo,doppia,1,si,si,box,no,0,11,410000
IMM-00653,Bologna,semicentro,2.7,336,appartamento,72,1,2,3,3,si,1983,buono,E,autonomo,doppia,1,no,no,nessuno,si,136,1,228000
IMM-00654,Palermo,centro,0.4,248,appartamento,97,3,2,3,3,no,1969,da_ristrutturare,E,centralizzato,doppia,1,no,no,nessuno,si,137,2,117000
IMM-00655,Bari,centro,1.6,191,appartamento,108,3,2,2,4,si,2013,ristrutturato,A,autonomo,doppia,2,no,no,nessuno,no,232,11,424000
IMM-00656,Milano,centro,1.5,246,appartamento,74,3,2,1,5,si,1962,buono,F,autonomo,sud,1,no,no,nessuno,si,180,6,550000
IMM-00657,Firenze,periferia,12.1,2424,appartamento,114,5,1,0,7,si,2017,nuovo,A,autonomo,nord,3,no,no,box,no,205,6,316000
IMM-00658,Roma,periferia,12.5,1219,appartamento,97,4,2,8,11,si,1989,ristrutturato,D,centralizzato,sud,2,no,no,box,si,215,10,239000
IMM-00659,Milano,periferia,8.9,1039,attico,155,5,3,10,10,si,1998,buono,F,autonomo,doppia,2,si,no,nessuno,no,278,2,505000
IMM-00660,Torino,centro,0.8,575,attico,137,4,2,5,5,no,1931,buono,G,autonomo,doppia,0,si,no,nessuno,no,215,6,347000
IMM-00661,Milano,semicentro,3.6,934,appartamento,128,3,3,6,9,si,2022,nuovo,A,centralizzato,sud,1,no,no,posto_auto,no,264,9,932000
IMM-00662,Bologna,semicentro,5.1,815,appartamento,63,3,2,0,3,no,1947,buono,G,centralizzato,est,1,no,no,box,si,140,12,185000
IMM-00663,Milano,periferia,7.4,1521,appartamento,79,2,1,8,11,si,1990,ristrutturato,C,centralizzato,ovest,1,no,no,nessuno,si,174,3,284000
IMM-00664,Torino,semicentro,4.8,323,appartamento,50,2,1,0,3,no,1963,ristrutturato,E,centralizzato,sud,2,no,no,nessuno,si,119,5,111000
IMM-00665,Roma,periferia,8.1,957,appartamento,62,2,1,1,2,no,2009,buono,D,autonomo,nord,3,si,no,box,si,105,11,160000
IMM-00666,Milano,semicentro,5.9,432,appartamento,48,1,1,5,7,si,2017,nuovo,A,centralizzato,nord,0,no,no,nessuno,no,179,9,279000
IMM-00667,Roma,semicentro,2.0,922,appartamento,109,5,2,7,7,no,1984,ristrutturato,D,autonomo,doppia,2,no,no,box,si,182,2,329000
IMM-00668,Roma,semicentro,5.8,263,appartamento,110,4,2,3,3,no,1982,buono,F,autonomo,est,3,no,no,box,no,208,7,301000
IMM-00669,Milano,semicentro,3.4,938,appartamento,93,4,2,2,4,si,1935,da_ristrutturare,G,autonomo,est,0,no,no,nessuno,si,184,5,319000
IMM-00670,Napoli,semicentro,4.6,780,appartamento,80,2,2,1,3,si,1932,ristrutturato,D,autonomo,doppia,1,no,no,nessuno,si,164,9,246000
IMM-00671,Padova,periferia,13.1,630,appartamento,71,2,2,2,7,no,2017,buono,A,centralizzato,sud,2,no,no,nessuno,si,125,6,103000
IMM-00672,Milano,semicentro,5.5,1940,appartamento,97,4,2,6,8,si,1946,da_ristrutturare,G,centralizzato,sud,1,no,no,nessuno,si,263,8,292000
IMM-00673,Bari,periferia,7.6,454,villetta,90,3,1,0,3,no,1957,ristrutturato,E,autonomo,doppia,0,no,si,box,no,20,8,142000
IMM-00674,Padova,periferia,10.2,752,attico,137,5,2,11,11,si,2012,da_ristrutturare,D,autonomo,doppia,1,si,no,nessuno,si,203,6,208000
IMM-00675,Firenze,semicentro,5.8,280,appartamento,83,3,2,4,6,no,1953,da_ristrutturare,F,autonomo,est,2,no,no,nessuno,si,98,7,207000
IMM-00676,Padova,centro,0.4,163,attico,185,7,3,3,3,no,1919,ristrutturato,F,autonomo,doppia,2,si,no,nessuno,si,275,2,778000
IMM-00677,Milano,periferia,6.6,1662,appartamento,88,4,3,10,10,si,2013,da_ristrutturare,C,autonomo,sud,2,no,no,box,no,242,1,269000
IMM-00678,Milano,centro,1.4,542,attico,75,3,2,7,7,si,1948,ristrutturato,E,centralizzato,est,1,si,no,nessuno,si,214,6,657000
IMM-00679,Roma,semicentro,4.8,1299,appartamento,102,4,2,5,6,no,1963,ristrutturato,D,autonomo,doppia,0,no,no,posto_auto,si,130,9,254000
IMM-00680,Roma,semicentro,4.0,401,appartamento,75,3,1,7,9,si,1982,ristrutturato,C,centralizzato,doppia,1,no,no,posto_auto,si,180,5,273000
IMM-00681,Genova,periferia,6.2,1839,appartamento,69,2,1,3,5,si,1990,ristrutturato,D,centralizzato,sud,2,no,no,nessuno,si,176,6,95000
IMM-00682,Bologna,periferia,11.8,1883,appartamento,89,3,1,0,11,si,1955,buono,E,centralizzato,sud,1,no,no,box,no,149,2,180000
IMM-00683,Roma,semicentro,4.2,274,appartamento,92,3,2,0,6,si,1979,buono,D,centralizzato,nord,2,no,no,nessuno,no,164,5,229000
IMM-00684,Milano,periferia,11.5,823,attico,165,6,3,3,3,si,1952,da_ristrutturare,F,autonomo,doppia,1,si,no,box,si,256,10,388000
IMM-00685,Genova,centro,1.0,672,appartamento,80,3,2,0,7,no,1954,da_ristrutturare,F,autonomo,doppia,2,no,si,posto_auto,si,154,8,183000
IMM-00686,Palermo,semicentro,3.5,458,appartamento,42,1,1,2,3,no,1983,ristrutturato,B,autonomo,doppia,1,no,no,box,no,119,7,70000
IMM-00687,Milano,semicentro,2.4,612,appartamento,116,4,2,1,9,no,1961,ristrutturato,D,centralizzato,doppia,1,no,no,nessuno,si,189,12,464000
IMM-00688,Napoli,semicentro,3.9,424,appartamento,109,4,2,1,9,si,1914,buono,G,centralizzato,nord,1,no,no,box,si,213,11,236000
IMM-00689,Milano,periferia,9.1,1568,appartamento,73,2,2,1,7,si,1985,da_ristrutturare,D,autonomo,doppia,2,no,no,posto_auto,si,161,3,197000
IMM-00690,Torino,periferia,7.4,1407,appartamento,77,3,2,2,2,no,2012,buono,C,centralizzato,nord,1,si,no,box,si,165,5,105000
IMM-00691,Palermo,periferia,14.0,394,appartamento,67,3,1,5,5,si,1999,buono,D,autonomo,sud,0,no,no,nessuno,no,138,4,63000
IMM-00692,Roma,centro,0.8,580,appartamento,78,3,2,2,3,no,1976,buono,F,centralizzato,ovest,1,no,no,nessuno,si,157,4,355000
IMM-00693,Torino,periferia,7.3,1561,villetta,198,6,3,0,3,no,2000,buono,D,autonomo,sud,1,no,si,box,no,41,11,288000
IMM-00694,Roma,semicentro,2.4,1194,appartamento,124,4,2,2,4,si,1904,ristrutturato,E,autonomo,doppia,0,no,no,box,no,213,1,416000
IMM-00695,Napoli,semicentro,3.6,396,appartamento,108,4,2,5,8,si,1997,da_ristrutturare,D,autonomo,sud,1,no,no,box,si,219,12,196000
IMM-00696,Torino,semicentro,4.6,1103,appartamento,69,2,1,5,9,si,1949,da_ristrutturare,F,autonomo,sud,1,no,no,nessuno,no,141,8,96000
IMM-00697,Genova,centro,1.4,1486,appartamento,86,2,2,4,6,si,2025,nuovo,A,autonomo,nord,1,no,no,nessuno,no,156,7,272000
IMM-00698,Napoli,semicentro,4.1,734,appartamento,168,6,3,3,3,si,1961,da_ristrutturare,F,autonomo,sud,0,no,no,box,si,284,1,307000
IMM-00699,Torino,centro,1.7,289,appartamento,68,3,1,1,4,no,1941,da_ristrutturare,F,centralizzato,est,1,no,no,nessuno,si,172,2,158000
IMM-00700,Roma,periferia,14.2,3886,appartamento,74,2,2,6,9,si,2020,nuovo,A,centralizzato,doppia,2,no,no,box,no,183,5,212000
IMM-00701,Firenze,periferia,12.2,1239,appartamento,117,3,2,6,6,si,1989,buono,F,centralizzato,sud,2,no,no,nessuno,si,209,5,265000
IMM-00702,Milano,semicentro,3.6,210,appartamento,74,2,2,0,7,si,2006,ristrutturato,B,autonomo,sud,1,si,no,box,no,190,6,416000
IMM-00703,Bologna,centro,1.3,511,appartamento,109,5,2,3,3,si,1974,buono,G,autonomo,nord,1,no,no,nessuno,no,216,9,457000
IMM-00704,Milano,centro,1.7,285,appartamento,131,5,2,2,5,si,1975,ristrutturato,E,autonomo,doppia,1,no,no,nessuno,si,241,7,1047000
IMM-00705,Firenze,periferia,8.4,1142,villetta,166,6,4,0,3,no,1949,buono,G,autonomo,est,2,si,si,box,si,0,7,471000
IMM-00706,Padova,semicentro,2.7,1848,appartamento,59,3,1,1,3,si,1995,da_ristrutturare,D,autonomo,ovest,1,no,no,posto_auto,si,147,10,105000
IMM-00707,Firenze,periferia,6.8,4943,villetta,141,5,3,0,2,no,2022,nuovo,A,autonomo,ovest,0,si,si,box,no,6,12,458000
IMM-00708,Bologna,semicentro,5.8,590,appartamento,54,2,1,1,4,no,1907,ristrutturato,E,centralizzato,ovest,0,si,no,box,si,148,3,206000
IMM-00709,Torino,periferia,11.6,1071,appartamento,88,3,3,8,11,si,2016,nuovo,A,autonomo,est,1,no,no,nessuno,si,122,6,151000
IMM-00710,Milano,periferia,6.9,825,villetta,142,5,3,0,2,no,1959,buono,G,autonomo,sud,1,no,si,box,no,18,1,447000
IMM-00711,Roma,semicentro,2.1,341,appartamento,51,3,2,5,5,no,1961,buono,G,centralizzato,doppia,1,no,no,box,si,165,10,153000
IMM-00712,Bologna,centro,1.5,428,attico,60,3,1,7,7,no,1961,ristrutturato,E,autonomo,doppia,0,si,no,nessuno,si,149,11,247000
IMM-00713,Genova,semicentro,3.7,925,appartamento,88,4,2,1,4,no,1961,buono,G,centralizzato,ovest,1,no,no,nessuno,no,199,11,120000
IMM-00714,Milano,semicentro,5.5,1103,appartamento,92,3,2,1,8,si,2018,nuovo,A,centralizzato,ovest,1,no,no,nessuno,no,225,2,520000
IMM-00715,Torino,centro,1.5,553,appartamento,182,7,4,5,6,si,1960,buono,F,autonomo,doppia,2,si,no,nessuno,no,324,5,443000
IMM-00716,Roma,periferia,7.2,1322,appartamento,72,3,2,10,10,no,1954,buono,G,autonomo,nord,2,no,no,box,no,136,5,111000
IMM-00717,Genova,periferia,14.5,528,appartamento,82,4,2,2,6,si,1955,ristrutturato,E,autonomo,sud,1,no,no,box,si,164,3,113000
IMM-00718,Torino,centro,1.1,387,appartamento,78,2,2,4,6,si,1903,ristrutturato,D,centralizzato,doppia,1,no,no,nessuno,no,180,1,294000
IMM-00719,Roma,periferia,8.9,3417,appartamento,47,3,1,0,4,si,1910,ristrutturato,E,autonomo,nord,1,no,no,nessuno,si,145,6,100000
IMM-00720,Milano,periferia,11.1,2205,appartamento,40,2,1,2,11,si,1962,da_ristrutturare,F,centralizzato,sud,0,no,no,posto_auto,si,146,12,89000
IMM-00721,Palermo,periferia,12.4,1955,villetta,192,7,3,0,2,no,2019,nuovo,A,autonomo,ovest,2,si,si,box,no,14,9,240000
IMM-00722,Roma,semicentro,5.4,718,appartamento,75,3,2,4,4,si,1995,buono,E,centralizzato,sud,2,no,no,nessuno,si,191,3,224000
IMM-00723,Napoli,periferia,10.7,5000,appartamento,81,3,1,7,7,si,1952,ristrutturato,E,autonomo,sud,1,no,no,posto_auto,si,183,10,149000
IMM-00724,Torino,periferia,14.4,711,appartamento,72,3,2,3,5,si,2014,buono,B,autonomo,nord,1,no,si,box,no,205,3,123000
IMM-00725,Roma,semicentro,3.0,223,appartamento,48,1,1,1,3,si,2024,nuovo,A,autonomo,nord,1,no,no,nessuno,si,131,1,209000
IMM-00726,Napoli,semicentro,2.7,1099,appartamento,105,4,2,5,5,si,1973,buono,F,centralizzato,ovest,2,no,no,nessuno,si,243,4,221000
IMM-00727,Padova,centro,1.9,721,appartamento,51,2,1,3,4,si,1984,ristrutturato,D,centralizzato,sud,2,no,no,nessuno,no,234,8,195000
IMM-00728,Firenze,semicentro,4.4,857,appartamento,142,5,3,2,3,no,2018,nuovo,A,autonomo,doppia,0,no,no,box,no,243,9,740000
IMM-00729,Palermo,centro,0.8,321,appartamento,70,2,1,5,7,no,1941,da_ristrutturare,F,centralizzato,est,0,no,no,nessuno,si,114,5,99000
IMM-00730,Torino,periferia,9.8,3349,villetta,193,7,3,0,2,no,1974,ristrutturato,C,autonomo,est,1,no,si,box,si,6,2,225000
IMM-00731,Milano,semicentro,3.5,546,appartamento,99,4,2,2,3,no,2011,buono,C,autonomo,ovest,1,no,no,nessuno,no,176,10,490000
IMM-00732,Genova,semicentro,5.4,539,appartamento,173,6,3,5,5,si,2024,nuovo,C,autonomo,nord,2,no,no,posto_auto,no,294,11,365000
IMM-00733,Milano,semicentro,2.9,421,appartamento,48,1,1,1,3,no,2008,buono,D,autonomo,ovest,1,no,no,nessuno,no,113,1,231000
IMM-00734,Genova,periferia,12.4,1479,villetta,141,4,3,0,3,no,1996,da_ristrutturare,E,autonomo,ovest,0,si,no,box,no,19,10,125000
IMM-00735,Milano,centro,0.8,203,appartamento,89,3,2,6,7,si,1912,da_ristrutturare,G,centralizzato,nord,0,no,no,nessuno,si,235,8,430000
IMM-00736,Torino,periferia,10.3,1398,appartamento,74,4,2,1,7,si,2002,buono,C,autonomo,doppia,2,no,no,nessuno,no,167,12,84000
IMM-00737,Palermo,semicentro,5.7,1402,appartamento,91,4,2,0,9,si,1997,da_ristrutturare,E,autonomo,sud,2,no,no,nessuno,no,171,10,73000
IMM-00738,Torino,semicentro,3.4,1325,appartamento,75,3,2,5,7,si,1962,da_ristrutturare,G,centralizzato,nord,2,no,no,box,si,148,12,111000
IMM-00739,Milano,periferia,14.0,1653,appartamento,77,3,2,3,6,si,1983,buono,F,centralizzato,doppia,1,no,no,nessuno,no,186,12,197000
IMM-00740,Milano,semicentro,4.3,505,appartamento,102,4,2,1,4,si,1995,ristrutturato,C,centralizzato,sud,1,no,no,box,no,248,7,507000
IMM-00741,Bari,centro,0.3,537,appartamento,76,2,2,1,4,si,2004,da_ristrutturare,C,autonomo,doppia,1,no,no,posto_auto,si,183,7,198000
IMM-00742,Torino,semicentro,4.3,1790,appartamento,213,8,3,0,4,si,1997,buono,D,centralizzato,est,1,no,no,nessuno,no,332,7,311000
IMM-00743,Milano,semicentro,4.9,1169,appartamento,71,2,2,2,5,si,1992,ristrutturato,C,autonomo,ovest,1,no,no,nessuno,no,161,2,296000
IMM-00744,Bari,periferia,10.9,851,appartamento,151,6,3,6,9,si,2008,ristrutturato,B,centralizzato,nord,0,no,no,posto_auto,si,258,5,201000
IMM-00745,Roma,semicentro,4.8,1111,appartamento,81,3,2,0,4,si,2017,nuovo,A,autonomo,est,1,no,si,box,si,166,2,369000
IMM-00746,Padova,periferia,8.3,364,attico,145,5,3,7,7,si,1978,buono,D,autonomo,est,3,si,no,box,no,238,3,236000
IMM-00747,Palermo,centro,0.4,252,appartamento,90,3,2,3,4,no,1918,da_ristrutturare,E,centralizzato,est,0,no,no,nessuno,si,198,8,120000
IMM-00748,Padova,periferia,10.6,1646,appartamento,74,2,2,1,4,si,2015,ristrutturato,A,autonomo,ovest,1,no,no,box,no,186,5,122000
IMM-00749,Napoli,periferia,11.8,815,attico,110,4,2,2,2,si,2024,nuovo,A,centralizzato,ovest,1,si,no,nessuno,no,270,4,208000
IMM-00750,Firenze,periferia,6.9,2997,appartamento,88,5,2,1,2,no,1969,buono,G,autonomo,doppia,2,no,no,box,no,168,5,229000
IMM-00751,Bologna,semicentro,2.9,510,villetta,183,7,3,0,3,no,1984,buono,D,autonomo,est,0,no,si,nessuno,no,27,11,476000
IMM-00752,Milano,centro,0.3,480,appartamento,95,4,2,4,7,si,1939,buono,E,centralizzato,doppia,0,no,no,nessuno,si,172,9,639000
IMM-00753,Torino,centro,1.8,897,attico,145,5,3,4,4,si,1913,ristrutturato,E,autonomo,ovest,0,si,no,nessuno,si,243,2,508000
IMM-00754,Bologna,centro,0.6,344,appartamento,132,5,2,4,5,si,1994,ristrutturato,D,centralizzato,nord,1,no,no,nessuno,no,215,2,617000
IMM-00755,Torino,semicentro,5.9,759,appartamento,60,2,1,1,5,no,1961,ristrutturato,D,centralizzato,sud,2,no,no,nessuno,no,142,4,141000
IMM-00756,Bari,periferia,6.5,1914,appartamento,161,5,3,7,9,si,2012,ristrutturato,A,autonomo,doppia,1,si,no,box,no,236,3,297000
IMM-00757,Padova,semicentro,2.2,218,appartamento,116,4,2,2,3,si,1968,buono,F,autonomo,est,1,no,no,nessuno,si,205,6,214000
IMM-00758,Milano,periferia,13.4,1889,appartamento,70,3,1,2,10,si,1976,ristrutturato,C,autonomo,sud,1,no,no,box,si,154,1,227000
IMM-00759,Genova,centro,1.0,405,appartamento,87,2,1,5,6,no,1933,buono,F,autonomo,ovest,1,no,no,nessuno,si,110,10,173000
IMM-00760,Firenze,semicentro,3.1,676,villetta,184,6,3,0,2,no,2007,buono,E,autonomo,sud,1,no,si,box,si,3,8,732000
IMM-00761,Milano,periferia,14.9,1502,appartamento,86,4,2,1,6,si,1967,buono,E,centralizzato,doppia,1,no,no,posto_auto,no,201,11,180000
IMM-00762,Padova,semicentro,5.7,541,villetta,122,5,2,0,2,no,1996,da_ristrutturare,F,autonomo,doppia,1,no,si,box,si,17,3,203000
IMM-00763,Milano,periferia,14.7,569,appartamento,83,3,2,5,7,si,2005,buono,E,autonomo,sud,1,no,no,nessuno,no,165,8,256000
IMM-00764,Genova,semicentro,5.0,302,appartamento,92,3,2,5,6,si,1987,ristrutturato,C,centralizzato,sud,0,si,no,nessuno,si,245,6,168000
IMM-00765,Milano,semicentro,4.1,755,villetta,207,7,3,0,2,no,2022,nuovo,A,autonomo,est,2,no,si,nessuno,si,2,5,1308000
IMM-00766,Roma,periferia,6.9,1468,villetta,192,7,3,0,2,no,1990,buono,E,autonomo,doppia,0,si,si,posto_auto,no,50,11,429000
IMM-00767,Bologna,periferia,6.1,1200,appartamento,84,3,2,4,5,si,1949,ristrutturato,E,autonomo,nord,3,no,no,posto_auto,si,135,5,215000
IMM-00768,Napoli,centro,0.6,335,attico,95,3,3,7,7,si,1962,da_ristrutturare,G,centralizzato,sud,0,no,no,posto_auto,no,235,12,282000
IMM-00769,Napoli,semicentro,3.2,305,appartamento,92,3,2,3,8,no,1934,ristrutturato,E,autonomo,est,1,no,no,posto_auto,no,69,7,225000
IMM-00770,Bologna,periferia,13.9,562,appartamento,104,4,2,2,2,si,2022,nuovo,A,autonomo,doppia,1,no,no,box,si,169,1,303000
IMM-00771,Torino,periferia,10.6,2675,appartamento,45,2,1,2,8,si,2010,ristrutturato,B,centralizzato,doppia,0,no,no,nessuno,si,148,4,67000
IMM-00772,Milano,periferia,6.6,1717,appartamento,94,4,2,6,11,si,2000,buono,B,autonomo,nord,2,no,no,box,si,198,10,407000
IMM-00773,Bologna,centro,1.6,217,appartamento,130,6,3,2,6,si,1970,buono,F,autonomo,ovest,1,no,no,nessuno,si,277,10,540000
IMM-00774,Roma,periferia,15.0,1320,appartamento,109,3,3,5,11,si,1904,buono,G,centralizzato,nord,0,no,no,posto_auto,no,217,3,224000
IMM-00775,Milano,periferia,14.8,393,appartamento,65,3,1,3,5,si,2017,nuovo,A,autonomo,sud,2,si,no,posto_auto,si,138,11,260000
IMM-00776,Roma,periferia,6.3,1221,appartamento,66,2,1,0,9,si,1981,ristrutturato,D,centralizzato,ovest,1,no,no,nessuno,si,185,8,128000
IMM-00777,Bari,semicentro,2.3,243,appartamento,71,2,3,6,7,no,1947,buono,F,centralizzato,est,3,no,no,posto_auto,no,146,4,99000
IMM-00778,Genova,semicentro,4.7,647,villetta,157,6,3,0,2,no,1904,buono,G,autonomo,sud,1,no,si,box,si,11,9,270000
IMM-00779,Napoli,periferia,8.4,2905,villetta,130,4,2,0,2,no,2023,nuovo,A,autonomo,ovest,2,no,si,posto_auto,si,25,10,318000
IMM-00780,Bari,centro,1.5,153,appartamento,77,2,2,1,7,si,2013,da_ristrutturare,B,centralizzato,doppia,0,no,no,nessuno,no,191,9,156000
IMM-00781,Roma,semicentro,5.7,493,attico,74,2,2,4,4,si,1960,buono,F,autonomo,sud,1,si,no,box,no,207,6,316000
IMM-00782,Napoli,semicentro,2.6,484,appartamento,75,3,2,1,8,si,2020,nuovo,B,centralizzato,doppia,2,no,no,posto_auto,no,185,9,244000
IMM-00783,Padova,semicentro,2.2,732,appartamento,98,4,2,5,9,si,2015,da_ristrutturare,D,autonomo,doppia,0,no,no,posto_auto,si,149,9,196000
IMM-00784,Bari,semicentro,4.2,1150,appartamento,71,2,2,3,5,si,2012,ristrutturato,B,autonomo,nord,1,si,no,posto_auto,si,137,1,184000
IMM-00785,Bari,periferia,6.9,855,villetta,218,8,3,0,3,no,2001,buono,D,autonomo,sud,1,no,si,box,no,17,3,326000
IMM-00786,Milano,centro,0.2,135,appartamento,110,3,2,3,6,si,1905,da_ristrutturare,G,autonomo,sud,1,no,no,nessuno,si,188,6,665000
IMM-00787,Genova,centro,0.9,609,attico,135,5,2,7,7,si,1969,buono,F,autonomo,nord,1,si,no,nessuno,si,183,11,373000
IMM-00788,Milano,semicentro,2.1,757,appartamento,93,3,2,0,4,no,1967,da_ristrutturare,F,centralizzato,doppia,1,no,no,box,no,125,8,336000
IMM-00789,Palermo,semicentro,3.3,412,appartamento,85,3,2,1,6,no,1950,ristrutturato,D,centralizzato,ovest,2,no,si,posto_auto,si,173,5,133000
IMM-00790,Milano,semicentro,5.0,820,villetta,156,6,3,0,2,no,1920,da_ristrutturare,G,autonomo,nord,2,si,si,box,no,7,2,779000
IMM-00791,Torino,centro,1.1,328,appartamento,67,3,1,4,5,si,1999,ristrutturato,B,autonomo,nord,3,no,no,nessuno,no,154,6,234000
IMM-00792,Bologna,centro,1.3,269,appartamento,60,1,1,0,3,no,1900,buono,E,autonomo,doppia,1,no,si,nessuno,no,131,6,284000
IMM-00793,Genova,periferia,8.3,2638,appartamento,65,2,1,0,4,si,1986,ristrutturato,D,centralizzato,sud,1,no,no,nessuno,no,206,4,77000
IMM-00794,Roma,semicentro,3.9,1205,appartamento,80,3,2,7,9,si,1995,buono,F,autonomo,nord,0,no,no,nessuno,si,144,12,247000
IMM-00795,Roma,periferia,11.4,1549,appartamento,97,4,2,0,2,no,1996,buono,E,autonomo,nord,1,si,no,box,no,134,6,179000
IMM-00796,Napoli,periferia,7.1,5000,appartamento,76,1,1,3,11,si,2001,buono,D,centralizzato,doppia,0,no,no,nessuno,si,178,7,98000
IMM-00797,Firenze,semicentro,5.2,1957,appartamento,121,4,2,3,3,no,1992,ristrutturato,C,autonomo,ovest,2,no,no,nessuno,no,171,9,387000
IMM-00798,Bologna,periferia,10.5,1594,appartamento,102,4,3,1,6,si,2011,ristrutturato,B,autonomo,ovest,1,no,no,nessuno,no,192,11,186000
IMM-00799,Napoli,semicentro,4.0,614,appartamento,77,3,2,6,6,si,1990,ristrutturato,D,autonomo,est,0,no,no,nessuno,no,171,5,208000
IMM-00800,Roma,periferia,13.4,1610,appartamento,160,6,3,5,6,no,2019,nuovo,A,autonomo,sud,0,no,no,nessuno,no,200,9,264000
IMM-00801,Milano,periferia,11.1,1330,attico,81,3,2,6,6,no,1974,buono,D,autonomo,doppia,1,si,no,posto_auto,no,96,6,243000
IMM-00802,Roma,centro,0.8,273,appartamento,102,4,2,0,4,no,1958,buono,F,autonomo,est,1,si,si,nessuno,no,152,7,501000
IMM-00803,Torino,semicentro,3.8,1781,appartamento,81,2,2,2,8,si,2002,buono,A,centralizzato,doppia,1,si,no,nessuno,si,182,3,150000
IMM-00804,Padova,periferia,14.8,3056,villetta,185,7,3,0,3,no,2006,da_ristrutturare,B,autonomo,ovest,0,si,si,posto_auto,no,2,9,186000
IMM-00805,Roma,periferia,14.2,1191,appartamento,53,3,1,3,4,si,1981,ristrutturato,D,autonomo,doppia,2,no,no,posto_auto,si,94,8,138000
IMM-00806,Milano,periferia,8.1,1576,villetta,197,7,3,0,3,no,1929,buono,F,autonomo,est,1,no,si,posto_auto,si,50,2,600000
IMM-00807,Bologna,semicentro,5.0,390,villetta,130,6,2,0,3,no,2018,nuovo,A,autonomo,sud,1,si,si,box,si,22,2,679000
IMM-00808,Torino,semicentro,4.8,710,appartamento,100,4,2,4,8,si,1983,ristrutturato,D,autonomo,doppia,1,no,no,box,si,219,1,226000
IMM-00809,Torino,semicentro,5.4,234,appartamento,107,4,2,5,8,si,1961,da_ristrutturare,F,autonomo,sud,2,no,no,box,no,184,3,153000
IMM-00810,Milano,centro,1.2,293,appartamento,62,2,1,0,5,si,2009,ristrutturato,B,centralizzato,est,2,no,no,nessuno,si,216,10,563000
IMM-00811,Milano,periferia,14.7,656,appartamento,139,5,2,5,5,si,1995,da_ristrutturare,D,autonomo,sud,1,no,no,box,no,205,10,303000
IMM-00812,Milano,periferia,13.2,1532,appartamento,89,3,2,7,7,no,1972,ristrutturato,D,centralizzato,ovest,3,no,no,box,si,194,12,200000
IMM-00813,Torino,periferia,8.3,1317,appartamento,91,3,2,3,6,no,1965,ristrutturato,D,autonomo,sud,2,no,no,nessuno,no,118,1,92000
IMM-00814,Genova,semicentro,4.3,489,appartamento,117,5,2,3,6,no,1967,ristrutturato,E,centralizzato,doppia,0,no,no,nessuno,si,190,12,175000
IMM-00815,Milano,periferia,10.2,284,appartamento,110,3,2,10,11,si,2024,nuovo,A,autonomo,ovest,0,no,no,posto_auto,si,187,6,509000
IMM-00816,Roma,semicentro,2.2,2198,appartamento,72,2,2,5,8,si,2004,buono,B,autonomo,doppia,3,no,no,posto_auto,no,148,7,287000
IMM-00817,Genova,semicentro,3.3,667,appartamento,79,3,2,6,7,si,1981,buono,F,centralizzato,nord,2,no,no,box,no,246,3,143000
IMM-00818,Genova,periferia,9.3,659,villetta,147,5,3,0,3,no,1960,da_ristrutturare,G,autonomo,sud,0,si,si,posto_auto,no,15,8,131000
IMM-00819,Roma,centro,1.8,812,appartamento,92,3,2,0,6,si,2010,buono,D,autonomo,doppia,1,no,si,nessuno,no,215,2,437000
IMM-00820,Napoli,centro,0.3,513,appartamento,55,2,1,2,4,no,1954,ristrutturato,C,centralizzato,ovest,0,no,no,nessuno,no,142,7,227000
IMM-00821,Roma,periferia,6.1,263,appartamento,128,6,2,1,5,si,2001,ristrutturato,A,autonomo,sud,1,no,no,box,si,204,4,322000
IMM-00822,Roma,periferia,11.4,1080,appartamento,57,3,1,2,9,si,1993,ristrutturato,B,autonomo,ovest,1,no,no,nessuno,no,190,3,126000
IMM-00823,Milano,semicentro,4.2,717,appartamento,100,4,2,2,8,no,1973,ristrutturato,F,centralizzato,nord,0,no,no,nessuno,si,146,6,380000
IMM-00824,Bari,periferia,8.4,378,appartamento,129,5,2,3,5,si,2004,buono,C,centralizzato,doppia,1,no,no,box,si,234,6,165000
IMM-00825,Milano,periferia,12.1,5000,appartamento,114,4,2,2,10,si,1990,da_ristrutturare,F,autonomo,doppia,3,no,no,nessuno,no,191,3,222000
IMM-00826,Roma,periferia,14.4,1272,appartamento,64,2,1,1,4,no,2021,nuovo,A,autonomo,est,3,no,no,box,no,78,8,194000
IMM-00827,Bari,centro,1.5,300,appartamento,67,2,2,6,7,no,1965,ristrutturato,D,centralizzato,doppia,1,no,no,nessuno,si,119,6,152000
IMM-00828,Bologna,centro,0.4,256,appartamento,90,4,2,0,4,si,1940,buono,G,autonomo,doppia,1,no,no,nessuno,si,205,2,433000
IMM-00829,Roma,periferia,10.9,392,appartamento,150,6,3,0,2,si,1950,buono,G,autonomo,nord,3,si,no,nessuno,no,277,10,218000
IMM-00830,Bologna,semicentro,4.5,863,appartamento,35,1,1,0,6,si,1979,ristrutturato,D,centralizzato,doppia,2,no,si,nessuno,no,118,9,130000
IMM-00831,Genova,semicentro,6.0,133,appartamento,110,3,2,0,3,no,1902,ristrutturato,F,autonomo,sud,1,no,si,posto_auto,si,142,10,207000
IMM-00832,Milano,semicentro,3.3,958,appartamento,111,3,2,3,8,si,1996,buono,E,autonomo,est,1,no,no,posto_auto,si,164,6,445000
IMM-00833,Bologna,centro,2.0,377,appartamento,43,3,1,0,3,no,1970,buono,F,autonomo,sud,1,si,si,nessuno,si,132,1,254000
IMM-00834,Roma,centro,0.8,143,appartamento,69,2,1,1,5,no,1928,buono,G,centralizzato,sud,0,no,no,posto_auto,si,136,12,343000
IMM-00835,Bari,centro,1.3,225,appartamento,70,2,1,0,3,no,1984,ristrutturato,C,autonomo,nord,0,si,no,nessuno,no,111,9,236000
IMM-00836,Roma,periferia,8.9,1546,appartamento,41,1,1,0,2,si,1932,buono,F,autonomo,est,2,no,no,nessuno,no,154,9,77000
IMM-00837,Milano,centro,0.7,118,appartamento,99,4,2,7,7,no,1933,buono,F,autonomo,nord,2,no,no,nessuno,no,164,6,475000
IMM-00838,Torino,centro,0.8,416,appartamento,116,4,2,2,5,no,1906,da_ristrutturare,G,autonomo,sud,1,no,si,nessuno,si,233,5,249000
IMM-00839,Napoli,periferia,12.6,1093,appartamento,60,2,1,4,5,si,1981,ristrutturato,B,centralizzato,doppia,1,no,no,nessuno,si,169,9,107000
IMM-00840,Milano,centro,0.9,197,appartamento,68,3,1,1,7,no,1970,buono,G,centralizzato,doppia,2,no,no,posto_auto,si,189,4,534000
IMM-00841,Roma,periferia,11.2,1902,appartamento,41,1,1,2,2,no,2008,buono,C,autonomo,doppia,3,no,no,box,no,107,10,114000
IMM-00842,Torino,periferia,13.4,717,attico,133,5,2,6,6,si,2016,buono,A,autonomo,sud,0,si,no,box,si,256,10,271000
IMM-00843,Bari,semicentro,2.7,473,appartamento,78,4,1,4,8,no,1952,da_ristrutturare,G,centralizzato,nord,0,no,no,nessuno,si,172,1,79000
IMM-00844,Bari,periferia,6.7,954,villetta,113,5,2,0,3,no,2012,da_ristrutturare,D,autonomo,nord,0,si,si,box,si,9,9,149000
IMM-00845,Roma,periferia,13.1,2014,villetta,169,6,3,0,2,no,1966,da_ristrutturare,F,autonomo,doppia,2,si,no,box,si,38,6,270000
IMM-00846,Roma,periferia,6.3,1029,appartamento,39,1,1,1,2,si,1993,ristrutturato,B,autonomo,doppia,2,no,no,box,si,134,8,130000
IMM-00847,Roma,semicentro,2.4,610,appartamento,79,3,2,8,9,si,1936,buono,G,autonomo,doppia,1,no,no,nessuno,no,212,4,248000
IMM-00848,Milano,centro,0.7,187,attico,127,5,2,4,4,si,1915,buono,G,autonomo,sud,1,si,no,nessuno,no,240,2,1091000
IMM-00849,Napoli,semicentro,4.9,659,appartamento,69,4,1,0,3,si,2023,nuovo,A,autonomo,doppia,3,si,no,nessuno,no,197,10,237000
IMM-00850,Roma,semicentro,4.3,1419,attico,97,3,1,3,3,no,1949,ristrutturato,D,autonomo,doppia,2,si,no,nessuno,no,155,10,426000
IMM-00851,Napoli,centro,1.8,305,appartamento,71,3,2,0,6,si,1978,buono,E,centralizzato,est,1,no,si,nessuno,no,246,11,297000
IMM-00852,Milano,semicentro,4.8,735,appartamento,85,3,2,3,6,si,1987,buono,E,autonomo,sud,3,si,no,box,si,160,1,409000
IMM-00853,Palermo,periferia,12.1,2120,appartamento,106,5,2,6,11,si,2000,ristrutturato,A,centralizzato,ovest,1,no,no,box,no,243,7,110000
IMM-00854,Palermo,centro,2.0,282,appartamento,204,8,3,4,4,si,1983,da_ristrutturare,E,autonomo,sud,1,no,no,nessuno,no,309,8,323000
IMM-00855,Torino,periferia,6.0,1463,villetta,199,6,3,0,2,no,1992,buono,D,autonomo,est,1,si,si,box,no,11,4,320000
IMM-00856,Napoli,semicentro,6.0,230,appartamento,75,3,2,5,7,si,1959,da_ristrutturare,D,autonomo,doppia,1,no,no,nessuno,si,140,8,136000
IMM-00857,Torino,centro,1.6,404,appartamento,98,3,2,0,4,si,1935,da_ristrutturare,G,autonomo,nord,0,no,si,nessuno,si,272,2,255000
IMM-00858,Torino,semicentro,3.9,806,attico,101,3,2,9,9,si,1945,buono,G,centralizzato,nord,2,si,no,nessuno,si,177,6,230000
IMM-00859,Bari,semicentro,4.4,295,appartamento,52,2,1,5,9,si,1944,ristrutturato,D,centralizzato,doppia,0,no,no,nessuno,si,145,5,105000
IMM-00860,Bologna,semicentro,2.3,1354,appartamento,85,3,3,4,8,si,1952,ristrutturato,E,autonomo,sud,0,no,no,nessuno,si,210,2,350000
IMM-00861,Palermo,semicentro,4.8,516,appartamento,136,5,2,4,6,si,1998,ristrutturato,C,autonomo,doppia,1,no,no,nessuno,no,239,2,163000
IMM-00862,Milano,semicentro,4.7,1276,attico,130,5,2,9,9,si,1990,ristrutturato,C,autonomo,doppia,2,si,no,posto_auto,no,205,7,882000
IMM-00863,Genova,centro,1.6,1031,appartamento,74,3,2,0,3,no,1915,buono,F,autonomo,est,1,no,no,posto_auto,si,140,5,203000
IMM-00864,Genova,semicentro,6.0,810,appartamento,85,3,2,4,4,no,1964,buono,F,centralizzato,ovest,2,no,no,posto_auto,si,170,7,108000
IMM-00865,Roma,periferia,14.9,2472,appartamento,58,3,1,4,4,no,1949,ristrutturato,E,centralizzato,doppia,1,no,no,posto_auto,no,100,10,99000
IMM-00866,Roma,semicentro,3.6,382,villetta,171,6,3,0,2,no,1921,buono,G,autonomo,sud,0,no,no,box,si,42,5,465000
IMM-00867,Milano,centro,1.8,233,appartamento,71,2,2,3,7,si,1988,buono,E,autonomo,ovest,1,no,no,posto_auto,si,188,7,610000
IMM-00868,Milano,semicentro,4.9,411,appartamento,67,2,1,1,3,no,1967,buono,F,autonomo,ovest,1,no,no,box,no,115,5,313000
IMM-00869,Milano,centro,0.3,521,appartamento,96,4,1,1,3,no,1905,da_ristrutturare,G,autonomo,sud,1,no,no,nessuno,no,170,4,587000
IMM-00870,Roma,periferia,12.0,2986,appartamento,167,5,3,0,9,si,2011,buono,A,autonomo,ovest,1,no,no,nessuno,no,258,11,287000
IMM-00871,Milano,periferia,8.2,1685,villetta,148,5,3,0,3,no,2001,buono,D,autonomo,nord,0,no,si,nessuno,no,15,2,410000
IMM-00872,Napoli,semicentro,5.2,630,appartamento,89,3,2,5,8,si,1991,da_ristrutturare,C,autonomo,ovest,3,no,no,nessuno,no,170,5,151000
IMM-00873,Padova,periferia,8.4,1518,appartamento,72,3,2,1,8,si,2017,nuovo,A,autonomo,ovest,1,no,no,box,si,192,10,163000
IMM-00874,Milano,semicentro,5.2,884,appartamento,53,1,1,2,8,si,1957,buono,E,centralizzato,sud,2,no,no,nessuno,no,176,6,229000
IMM-00875,Roma,periferia,13.1,3104,attico,161,6,3,5,5,si,1994,ristrutturato,B,autonomo,doppia,1,si,no,nessuno,si,237,12,362000
IMM-00876,Firenze,semicentro,5.0,1250,appartamento,89,2,2,2,3,no,2005,ristrutturato,A,autonomo,sud,1,no,no,box,si,140,2,368000
IMM-00877,Napoli,centro,1.2,565,appartamento,63,2,2,0,3,no,1984,buono,F,autonomo,est,1,no,no,nessuno,si,138,10,182000
IMM-00878,Bari,periferia,7.3,340,appartamento,68,2,1,5,5,si,1991,ristrutturato,D,autonomo,est,1,no,no,box,no,152,10,126000
IMM-00879,Palermo,semicentro,4.6,439,attico,97,4,2,5,5,si,1993,da_ristrutturare,E,autonomo,nord,1,si,no,posto_auto,si,144,6,116000
IMM-00880,Firenze,centro,1.2,240,appartamento,65,3,1,2,5,si,1964,da_ristrutturare,G,autonomo,doppia,1,no,no,nessuno,no,188,6,259000
IMM-00881,Torino,periferia,6.7,5000,appartamento,112,4,2,2,10,si,2018,nuovo,A,autonomo,sud,1,no,no,nessuno,si,219,4,175000
IMM-00882,Firenze,semicentro,5.3,738,appartamento,78,3,2,1,8,si,1911,da_ristrutturare,F,autonomo,nord,1,no,no,box,si,159,8,263000
IMM-00883,Roma,semicentro,3.8,1845,appartamento,45,1,1,1,3,no,1907,ristrutturato,E,centralizzato,ovest,1,si,no,nessuno,si,118,12,128000
IMM-00884,Roma,periferia,9.7,655,attico,112,4,2,2,2,si,2008,buono,C,autonomo,nord,1,si,no,posto_auto,no,214,2,288000
IMM-00885,Milano,semicentro,3.5,855,appartamento,77,3,2,4,8,no,1960,ristrutturato,D,centralizzato,est,0,si,no,nessuno,si,151,6,296000
IMM-00886,Torino,semicentro,3.2,1044,appartamento,100,3,2,4,4,si,2005,buono,C,autonomo,est,2,no,no,box,si,174,7,228000
IMM-00887,Roma,semicentro,3.9,573,attico,146,5,3,5,5,si,1949,buono,G,centralizzato,est,3,si,no,box,si,237,4,519000
IMM-00888,Bari,periferia,13.6,2818,appartamento,134,4,2,0,9,si,2025,nuovo,A,autonomo,doppia,1,no,no,nessuno,no,238,6,171000
IMM-00889,Torino,semicentro,3.1,391,appartamento,106,4,2,3,6,si,2010,buono,C,centralizzato,ovest,2,no,no,nessuno,no,241,6,183000
IMM-00890,Milano,periferia,11.7,1113,attico,89,2,2,11,11,si,1989,buono,E,centralizzato,sud,2,no,no,posto_auto,no,225,9,329000
IMM-00891,Roma,semicentro,4.9,445,appartamento,98,4,2,1,6,si,1964,da_ristrutturare,F,centralizzato,doppia,0,no,no,nessuno,si,202,5,187000
IMM-00892,Torino,semicentro,5.1,463,villetta,151,5,3,0,3,no,1977,ristrutturato,D,autonomo,doppia,1,si,si,box,no,1,3,399000
IMM-00893,Firenze,periferia,8.2,1451,appartamento,55,1,2,6,6,no,1958,da_ristrutturare,F,autonomo,doppia,1,no,no,posto_auto,si,116,1,77000
IMM-00894,Padova,periferia,14.8,1866,attico,174,7,3,11,11,si,1988,da_ristrutturare,F,autonomo,doppia,0,si,no,box,si,284,4,207000
IMM-00895,Palermo,centro,1.6,317,appartamento,81,2,2,5,5,si,1950,buono,E,centralizzato,doppia,2,no,no,nessuno,si,233,9,159000
IMM-00896,Bologna,periferia,6.9,5000,appartamento,82,3,2,5,8,si,2021,nuovo,A,autonomo,doppia,1,no,no,box,no,118,11,217000
IMM-00897,Bari,periferia,15.0,388,appartamento,78,2,2,0,4,si,1969,buono,F,autonomo,sud,0,no,si,nessuno,no,178,1,61000
IMM-00898,Firenze,periferia,7.4,1168,appartamento,90,3,2,0,7,si,1985,da_ristrutturare,E,autonomo,ovest,2,no,no,box,no,172,2,180000
IMM-00899,Roma,semicentro,4.5,367,appartamento,137,4,2,3,6,si,1968,da_ristrutturare,E,autonomo,est,1,no,no,nessuno,si,248,5,310000
IMM-00900,Bari,semicentro,5.5,194,appartamento,94,3,2,1,5,si,2022,nuovo,A,centralizzato,est,1,si,no,posto_auto,si,209,3,214000
IMM-00901,Padova,semicentro,5.4,664,appartamento,49,1,1,2,7,si,1983,buono,E,autonomo,est,2,no,no,nessuno,si,167,2,114000
IMM-00902,Torino,periferia,10.4,963,villetta,181,7,3,0,2,no,1947,buono,G,autonomo,doppia,1,no,si,posto_auto,no,28,6,187000
IMM-00903,Roma,semicentro,2.6,1049,appartamento,109,4,3,2,4,no,1948,buono,E,centralizzato,doppia,2,no,no,nessuno,si,159,3,242000
IMM-00904,Firenze,centro,1.3,426,appartamento,96,3,2,2,3,no,1970,da_ristrutturare,D,centralizzato,doppia,2,no,no,nessuno,no,202,10,418000
IMM-00905,Torino,periferia,8.6,2236,appartamento,44,1,1,2,2,no,2018,nuovo,A,centralizzato,doppia,2,si,no,nessuno,no,97,1,92000
IMM-00906,Torino,periferia,13.1,1178,appartamento,87,2,2,4,4,si,2023,nuovo,A,autonomo,doppia,1,no,no,nessuno,no,180,8,170000
IMM-00907,Napoli,periferia,9.7,2317,appartamento,65,3,1,0,9,si,1979,buono,E,autonomo,doppia,2,no,no,box,no,134,6,113000
IMM-00908,Palermo,semicentro,5.3,377,appartamento,91,2,2,6,8,si,1978,da_ristrutturare,G,centralizzato,est,1,no,no,box,no,202,9,108000
IMM-00909,Genova,centro,0.3,173,villetta,167,6,4,0,2,no,1908,da_ristrutturare,E,autonomo,nord,2,no,si,box,si,30,7,468000
IMM-00910,Firenze,periferia,12.1,333,appartamento,80,3,3,1,4,si,1956,ristrutturato,E,centralizzato,doppia,2,no,no,box,no,224,2,218000
IMM-00911,Bologna,centro,1.6,210,appartamento,144,5,3,4,6,si,1903,da_ristrutturare,G,autonomo,ovest,1,no,no,posto_auto,si,209,9,448000
IMM-00912,Torino,periferia,13.3,4334,appartamento,68,2,1,4,11,si,1962,ristrutturato,E,autonomo,doppia,1,no,no,posto_auto,si,157,2,79000
IMM-00913,Torino,periferia,6.5,353,appartamento,90,3,2,0,4,si,1947,ristrutturato,E,centralizzato,sud,1,no,no,posto_auto,no,233,7,120000
IMM-00914,Milano,centro,1.2,138,appartamento,90,3,2,1,7,no,1933,ristrutturato,F,centralizzato,sud,2,no,no,nessuno,si,129,5,576000
IMM-00915,Roma,periferia,6.2,501,appartamento,67,2,1,3,3,si,1989,buono,E,autonomo,ovest,1,no,no,nessuno,no,159,5,134000
IMM-00916,Milano,centro,0.4,272,appartamento,48,3,1,2,7,si,1930,ristrutturato,E,centralizzato,sud,1,no,no,nessuno,no,195,9,484000
IMM-00917,Bari,semicentro,4.5,1482,appartamento,102,4,3,3,8,no,1972,buono,F,autonomo,ovest,1,no,no,box,si,157,1,172000
IMM-00918,Torino,semicentro,4.4,656,appartamento,98,3,2,2,5,si,1953,da_ristrutturare,G,centralizzato,doppia,3,no,no,nessuno,si,187,1,117000
IMM-00919,Genova,periferia,9.1,1696,attico,126,5,2,10,10,si,1986,ristrutturato,D,centralizzato,nord,2,si,no,posto_auto,no,272,8,160000
IMM-00920,Milano,periferia,9.8,540,appartamento,112,3,2,8,9,si,2015,buono,D,autonomo,est,1,no,no,nessuno,no,180,2,332000
IMM-00921,Genova,semicentro,5.2,500,appartamento,137,5,3,4,7,no,1947,buono,E,centralizzato,est,2,no,no,nessuno,si,242,12,190000
IMM-00922,Genova,periferia,9.8,839,appartamento,128,5,2,8,9,no,1946,buono,F,centralizzato,doppia,1,no,si,posto_auto,no,239,11,92000
IMM-00923,Bari,semicentro,2.0,239,appartamento,166,6,2,1,4,no,1926,buono,F,autonomo,doppia,0,no,no,box,si,212,5,313000
IMM-00924,Milano,semicentro,4.3,238,villetta,166,6,2,0,2,no,1950,buono,G,autonomo,sud,0,si,si,box,no,17,6,915000
IMM-00925,Genova,periferia,10.7,684,appartamento,90,4,2,1,9,no,1902,buono,G,centralizzato,ovest,1,no,no,nessuno,si,167,3,78000
IMM-00926,Roma,semicentro,4.9,497,appartamento,112,4,2,0,7,si,2001,buono,C,autonomo,nord,1,no,si,nessuno,no,200,8,278000
IMM-00927,Padova,periferia,13.6,1405,appartamento,57,2,1,1,4,no,1986,da_ristrutturare,C,autonomo,doppia,2,no,no,nessuno,no,115,7,69000
IMM-00928,Roma,centro,1.8,588,appartamento,49,2,1,6,7,si,1971,buono,F,autonomo,nord,0,no,no,nessuno,si,187,5,163000
IMM-00929,Genova,periferia,9.0,1632,appartamento,59,2,1,1,5,si,2015,da_ristrutturare,C,autonomo,doppia,1,no,no,box,si,81,9,77000
IMM-00930,Firenze,centro,2.0,86,appartamento,80,2,2,0,4,si,1964,buono,F,centralizzato,sud,1,no,si,posto_auto,si,168,7,348000
IMM-00931,Firenze,periferia,12.3,1455,villetta,170,6,3,0,2,no,2023,nuovo,A,autonomo,est,2,si,si,box,si,26,4,697000
IMM-00932,Bari,centro,1.1,416,appartamento,71,2,2,2,5,si,1991,buono,E,autonomo,doppia,0,no,no,nessuno,no,176,4,186000
IMM-00933,Milano,periferia,12.5,756,appartamento,50,2,1,1,8,si,1990,buono,E,autonomo,sud,1,no,no,box,no,172,10,158000
IMM-00934,Milano,centro,1.3,201,appartamento,70,2,1,2,6,si,1995,ristrutturato,C,autonomo,doppia,2,no,no,nessuno,si,142,11,560000
IMM-00935,Bari,semicentro,3.8,798,attico,102,4,3,4,4,si,1966,buono,F,autonomo,nord,1,si,no,posto_auto,si,193,6,214000
IMM-00936,Genova,periferia,7.2,1133,appartamento,71,3,2,3,6,si,2015,buono,B,autonomo,sud,2,no,no,nessuno,si,165,5,90000
IMM-00937,Bologna,centro,1.3,230,appartamento,91,4,2,1,4,no,1967,buono,G,centralizzato,doppia,1,no,no,nessuno,si,205,2,389000
IMM-00938,Torino,centro,1.0,290,appartamento,83,3,2,2,3,no,1963,ristrutturato,E,centralizzato,sud,2,no,no,nessuno,no,161,9,228000
IMM-00939,Firenze,periferia,13.1,324,appartamento,71,2,2,0,2,no,1946,ristrutturato,E,autonomo,doppia,0,no,no,box,si,89,10,174000
IMM-00940,Torino,centro,0.3,409,appartamento,120,4,2,4,4,no,1973,da_ristrutturare,G,centralizzato,doppia,0,no,no,posto_auto,no,243,10,193000
IMM-00941,Genova,semicentro,3.9,1029,appartamento,73,2,2,1,3,no,1967,ristrutturato,E,autonomo,sud,2,no,no,nessuno,no,124,8,125000
IMM-00942,Milano,semicentro,5.1,1252,attico,155,6,2,8,8,si,1990,da_ristrutturare,E,centralizzato,sud,1,si,no,nessuno,no,262,1,604000
IMM-00943,Roma,semicentro,3.5,319,appartamento,50,2,1,1,6,si,2023,buono,A,centralizzato,doppia,1,no,no,box,no,176,4,212000
IMM-00944,Genova,periferia,13.3,1072,appartamento,94,2,2,3,5,si,2015,buono,D,autonomo,sud,1,no,no,posto_auto,no,205,5,133000
IMM-00945,Milano,semicentro,3.8,1305,attico,101,4,2,7,7,si,1980,da_ristrutturare,G,centralizzato,nord,1,no,no,nessuno,si,210,9,377000
IMM-00946,Roma,centro,1.3,243,appartamento,137,5,2,1,6,si,1968,buono,G,centralizzato,ovest,1,no,no,nessuno,si,242,8,414000
IMM-00947,Bari,centro,1.9,164,appartamento,83,3,1,1,5,no,1933,buono,G,centralizzato,est,1,no,no,posto_auto,no,156,10,191000
IMM-00948,Napoli,semicentro,4.1,445,attico,157,5,3,8,8,si,1998,ristrutturato,C,autonomo,nord,1,si,no,nessuno,no,301,1,444000
IMM-00949,Milano,periferia,9.1,1419,appartamento,158,6,3,1,11,si,1980,buono,E,centralizzato,nord,3,no,no,posto_auto,si,289,10,458000
IMM-00950,Roma,periferia,8.6,752,villetta,155,5,3,0,2,no,2005,ristrutturato,B,autonomo,est,1,no,si,box,si,11,10,411000
IMM-00951,Milano,semicentro,5.2,250,appartamento,82,3,2,3,5,si,2005,da_ristrutturare,C,autonomo,ovest,2,no,no,posto_auto,no,151,9,295000
IMM-00952,Torino,semicentro,3.5,468,appartamento,109,4,2,0,5,si,2021,buono,B,autonomo,ovest,2,no,no,box,no,182,7,253000
IMM-00953,Milano,centro,1.0,573,villetta,195,8,3,0,2,no,1937,buono,F,autonomo,doppia,0,no,si,box,no,28,7,1281000
IMM-00954,Milano,semicentro,2.9,911,appartamento,93,3,2,3,7,si,1984,buono,D,centralizzato,nord,2,no,no,box,si,232,11,467000
IMM-00955,Genova,semicentro,3.5,386,appartamento,104,4,2,3,6,si,1907,ristrutturato,E,centralizzato,sud,0,no,no,nessuno,si,233,6,202000
IMM-00956,Torino,semicentro,5.4,1002,appartamento,38,2,1,0,3,no,1989,buono,F,autonomo,est,0,no,si,nessuno,no,81,4,63000
IMM-00957,Milano,semicentro,2.5,812,appartamento,77,2,2,5,7,no,1922,da_ristrutturare,G,autonomo,doppia,2,si,no,nessuno,si,120,9,245000
IMM-00958,Genova,semicentro,5.4,273,appartamento,163,6,2,2,3,no,1946,da_ristrutturare,F,autonomo,doppia,1,si,no,posto_auto,si,255,10,169000
IMM-00959,Bologna,semicentro,3.9,1045,appartamento,85,2,2,1,8,no,1973,buono,F,centralizzato,nord,1,no,no,posto_auto,si,136,12,206000
IMM-00960,Roma,periferia,14.2,1979,attico,119,4,2,11,11,si,1998,ristrutturato,F,autonomo,est,1,si,no,posto_auto,no,234,11,271000
IMM-00961,Milano,semicentro,5.8,825,appartamento,73,3,2,1,5,si,2012,ristrutturato,A,autonomo,sud,0,no,no,box,no,152,2,422000
IMM-00962,Milano,semicentro,5.4,1235,appartamento,87,3,2,4,5,si,1953,buono,F,centralizzato,nord,0,no,no,nessuno,si,225,11,332000
IMM-00963,Bari,centro,0.5,582,appartamento,105,2,2,3,7,si,1955,buono,E,centralizzato,doppia,2,no,no,nessuno,si,245,1,270000
IMM-00964,Firenze,semicentro,3.9,971,appartamento,30,1,1,8,8,si,1978,buono,D,autonomo,doppia,2,si,no,nessuno,si,104,6,145000
IMM-00965,Roma,semicentro,4.7,600,appartamento,151,6,3,4,4,si,1985,buono,E,centralizzato,doppia,2,no,no,nessuno,no,253,6,436000
IMM-00966,Napoli,periferia,9.1,750,appartamento,205,8,2,2,4,no,1948,ristrutturato,F,centralizzato,est,2,no,no,box,no,248,6,251000
IMM-00967,Napoli,semicentro,5.3,826,appartamento,75,3,2,6,9,si,1941,da_ristrutturare,G,centralizzato,sud,2,no,no,posto_auto,no,179,1,147000
IMM-00968,Genova,periferia,11.7,2004,villetta,159,5,3,0,2,no,1969,ristrutturato,F,autonomo,doppia,0,no,si,box,si,31,12,220000
IMM-00969,Bari,semicentro,4.7,743,appartamento,110,4,1,0,9,no,1961,buono,F,autonomo,doppia,1,no,no,posto_auto,no,205,2,173000
IMM-00970,Firenze,centro,0.3,260,appartamento,51,1,1,0,4,no,1962,ristrutturato,E,centralizzato,sud,1,no,no,box,si,166,7,318000
IMM-00971,Napoli,periferia,7.1,2499,appartamento,60,3,1,0,4,si,1979,buono,D,centralizzato,sud,0,no,no,posto_auto,no,132,3,97000
IMM-00972,Padova,periferia,8.5,2867,appartamento,37,2,1,2,3,no,2002,buono,D,centralizzato,doppia,0,no,no,nessuno,no,110,1,57000
IMM-00973,Milano,semicentro,4.0,601,appartamento,100,3,2,3,7,si,2017,nuovo,A,centralizzato,nord,1,no,no,nessuno,no,166,9,527000
IMM-00974,Bologna,periferia,6.1,567,appartamento,89,3,2,1,8,si,1984,ristrutturato,C,centralizzato,sud,1,no,no,posto_auto,si,249,10,220000
IMM-00975,Roma,semicentro,3.6,2691,appartamento,91,3,2,0,4,si,1997,buono,E,autonomo,sud,2,no,si,posto_auto,no,144,1,274000
IMM-00976,Torino,centro,0.3,411,appartamento,75,3,1,4,4,si,1912,buono,G,autonomo,sud,0,no,no,nessuno,si,201,4,207000
IMM-00977,Milano,periferia,8.8,502,appartamento,65,2,1,5,11,no,1968,buono,G,centralizzato,doppia,2,no,no,nessuno,no,125,5,166000
IMM-00978,Milano,centro,1.7,204,appartamento,82,2,2,5,5,si,1962,da_ristrutturare,G,autonomo,sud,1,no,no,nessuno,si,153,7,376000
IMM-00979,Roma,semicentro,3.5,1203,appartamento,87,3,2,6,8,si,1946,ristrutturato,E,centralizzato,nord,1,si,no,posto_auto,si,208,6,288000
IMM-00980,Palermo,semicentro,3.5,2841,attico,79,3,2,8,8,si,1952,ristrutturato,D,centralizzato,doppia,2,no,no,box,no,162,4,147000
IMM-00981,Napoli,semicentro,5.5,794,appartamento,104,3,2,2,6,si,1992,buono,F,autonomo,sud,0,no,si,nessuno,no,211,6,244000
IMM-00982,Firenze,periferia,13.5,2086,appartamento,51,2,1,3,6,si,1908,buono,E,centralizzato,sud,1,no,no,box,no,166,12,151000
IMM-00983,Napoli,semicentro,3.8,303,attico,134,5,2,4,4,si,1988,da_ristrutturare,D,autonomo,doppia,1,si,no,box,no,229,4,371000
IMM-00984,Firenze,centro,0.7,259,appartamento,99,3,3,4,5,no,1903,da_ristrutturare,F,centralizzato,sud,1,no,no,nessuno,no,195,5,370000
IMM-00985,Torino,semicentro,5.9,376,appartamento,82,3,2,0,5,si,2015,buono,C,autonomo,est,1,no,no,posto_auto,si,174,8,147000
IMM-00986,Napoli,semicentro,2.4,289,appartamento,98,3,2,1,4,si,1988,da_ristrutturare,F,centralizzato,est,1,no,no,box,si,225,12,226000
IMM-00987,Napoli,centro,1.2,525,appartamento,59,2,1,2,7,si,1927,buono,F,autonomo,sud,0,no,no,nessuno,si,125,3,241000
IMM-00988,Milano,periferia,10.4,1726,appartamento,70,3,1,3,11,si,2025,nuovo,A,autonomo,sud,2,no,no,box,no,129,4,378000
IMM-00989,Bari,semicentro,4.1,680,appartamento,65,3,1,6,6,si,1977,ristrutturato,E,autonomo,doppia,1,si,no,box,no,162,10,200000
IMM-00990,Genova,semicentro,3.6,746,appartamento,57,2,1,0,4,no,1926,da_ristrutturare,G,centralizzato,sud,1,si,si,box,si,110,7,103000
IMM-00991,Milano,periferia,11.1,1212,appartamento,67,2,1,3,4,si,1988,da_ristrutturare,E,centralizzato,est,1,no,no,posto_auto,si,137,1,167000
IMM-00992,Roma,semicentro,4.9,509,appartamento,96,4,2,6,6,no,1949,buono,F,autonomo,est,1,si,no,nessuno,si,162,9,210000
IMM-00993,Genova,semicentro,5.0,412,appartamento,85,3,3,3,4,si,1994,da_ristrutturare,D,autonomo,sud,1,si,no,nessuno,no,145,4,124000
IMM-00994,Roma,periferia,14.9,507,appartamento,56,2,1,6,7,si,1988,ristrutturato,B,autonomo,doppia,2,no,no,posto_auto,si,139,3,164000
IMM-00995,Torino,semicentro,4.9,493,appartamento,78,4,2,2,7,si,1971,buono,E,centralizzato,nord,1,no,no,box,si,188,11,140000
IMM-00996,Bari,periferia,12.7,3292,villetta,117,5,2,0,3,no,1998,buono,D,autonomo,est,0,si,si,box,no,0,4,162000
IMM-00997,Napoli,semicentro,3.6,220,appartamento,58,2,1,7,7,no,1954,ristrutturato,E,centralizzato,sud,2,si,no,nessuno,si,135,3,120000
IMM-00998,Roma,semicentro,4.5,530,appartamento,118,3,2,1,7,si,2008,buono,D,centralizzato,doppia,1,no,no,box,si,232,7,389000
IMM-00999,Bari,semicentro,3.9,323,appartamento,93,3,2,0,7,no,1950,ristrutturato,E,centralizzato,doppia,0,no,no,nessuno,si,162,8,154000
IMM-01000,Milano,semicentro,2.5,1154,appartamento,73,2,2,0,9,no,1973,da_ristrutturare,F,centralizzato,sud,1,no,si,nessuno,si,207,12,265000
IMM-01001,Napoli,semicentro,4.0,931,appartamento,79,3,2,3,3,no,1951,ristrutturato,D,autonomo,ovest,1,no,no,box,si,149,3,202000
IMM-01002,Palermo,semicentro,5.9,1203,appartamento,150,5,3,0,3,no,2004,ristrutturato,B,autonomo,est,1,si,no,posto_auto,si,169,3,198000
IMM-01003,Bologna,periferia,10.3,1349,appartamento,36,1,1,0,5,si,1968,buono,G,centralizzato,sud,2,no,no,nessuno,no,145,10,61000
IMM-01004,Padova,semicentro,4.2,442,appartamento,85,3,2,7,7,no,1974,da_ristrutturare,E,centralizzato,nord,2,no,no,nessuno,no,146,1,101000
IMM-01005,Padova,periferia,7.9,1399,appartamento,157,6,3,9,10,si,1911,da_ristrutturare,G,autonomo,sud,2,no,no,box,si,237,6,184000
IMM-01006,Napoli,centro,0.8,210,appartamento,40,1,1,1,6,si,1915,buono,G,centralizzato,nord,0,no,no,box,no,180,10,166000
IMM-01007,Roma,semicentro,2.9,482,appartamento,69,3,1,8,9,si,1996,buono,E,centralizzato,doppia,2,no,no,box,si,149,11,264000
IMM-01008,Bologna,periferia,6.1,1079,villetta,186,7,3,0,3,no,1961,ristrutturato,D,autonomo,sud,0,no,si,posto_auto,si,7,1,429000
IMM-01009,Napoli,centro,0.3,217,appartamento,109,3,2,4,4,si,1950,buono,G,centralizzato,est,2,no,no,nessuno,no,255,9,359000
IMM-01010,Milano,semicentro,3.8,486,appartamento,68,3,1,0,6,si,1963,ristrutturato,E,centralizzato,sud,2,no,si,posto_auto,no,168,6,430000
IMM-01011,Roma,semicentro,3.7,278,appartamento,102,3,3,4,6,no,1958,buono,E,centralizzato,sud,1,no,no,nessuno,si,201,6,248000
IMM-01012,Napoli,centro,0.8,360,appartamento,98,3,2,0,3,no,1929,ristrutturato,E,centralizzato,nord,0,no,no,posto_auto,si,167,12,365000
IMM-01013,Bologna,periferia,6.6,557,villetta,149,5,3,0,3,no,2015,da_ristrutturare,C,autonomo,nord,1,no,si,nessuno,no,17,5,261000
IMM-01014,Milano,semicentro,4.0,1012,attico,130,5,2,8,8,si,1951,buono,D,centralizzato,doppia,1,si,no,box,si,234,11,725000
IMM-01015,Milano,semicentro,5.1,567,attico,82,4,2,9,9,si,1984,buono,E,centralizzato,nord,2,si,no,posto_auto,si,200,9,444000
IMM-01016,Torino,periferia,9.2,1360,appartamento,68,3,1,2,4,si,1961,da_ristrutturare,E,centralizzato,nord,2,no,no,nessuno,si,132,8,54000
IMM-01017,Milano,periferia,11.7,1276,villetta,153,5,3,0,2,no,1983,ristrutturato,D,autonomo,doppia,2,no,si,box,si,12,8,522000
IMM-01018,Genova,semicentro,3.6,515,appartamento,119,4,2,2,6,si,1908,buono,G,centralizzato,est,1,no,no,box,no,225,5,189000
IMM-01019,Milano,periferia,13.4,1393,villetta,108,5,2,0,2,no,1942,buono,G,autonomo,est,0,no,si,box,si,28,12,335000
IMM-01020,Napoli,semicentro,5.2,905,appartamento,65,3,1,7,8,no,1960,buono,E,autonomo,nord,2,no,no,nessuno,no,149,1,101000
IMM-01021,Roma,periferia,13.4,272,appartamento,81,3,2,4,6,no,1953,ristrutturato,E,autonomo,doppia,2,no,no,box,no,170,2,178000
IMM-01022,Padova,periferia,8.3,1384,appartamento,71,3,2,3,4,si,1978,buono,E,centralizzato,est,1,no,no,posto_auto,si,137,7,102000
IMM-01023,Roma,periferia,6.4,2002,villetta,118,4,2,0,3,no,2009,da_ristrutturare,C,autonomo,sud,1,si,si,box,no,9,11,268000
IMM-01024,Firenze,semicentro,5.8,286,appartamento,105,5,2,5,7,si,1963,buono,F,autonomo,ovest,1,no,no,nessuno,si,167,3,381000
IMM-01025,Padova,periferia,12.0,379,appartamento,130,4,2,1,10,si,1960,buono,G,autonomo,sud,1,no,no,box,si,229,12,136000
IMM-01026,Bologna,centro,0.9,378,appartamento,35,1,2,3,5,no,1925,buono,G,autonomo,est,1,no,no,nessuno,si,72,1,163000
IMM-01027,Bari,semicentro,3.3,1313,appartamento,64,1,1,5,9,si,2023,nuovo,B,autonomo,doppia,1,no,no,posto_auto,no,132,11,197000
IMM-01028,Torino,semicentro,2.6,1359,appartamento,51,3,1,1,4,no,1967,da_ristrutturare,G,centralizzato,doppia,1,no,no,nessuno,no,135,2,57000
IMM-01029,Firenze,centro,0.3,266,appartamento,85,2,2,6,6,no,1902,buono,E,autonomo,nord,0,no,no,nessuno,no,169,3,299000
IMM-01030,Bologna,semicentro,3.9,506,appartamento,66,3,1,5,6,no,1946,buono,E,centralizzato,sud,2,no,no,posto_auto,si,128,3,168000
IMM-01031,Torino,semicentro,2.4,378,appartamento,69,3,1,1,7,si,1932,buono,F,autonomo,ovest,0,no,no,nessuno,si,140,3,142000
IMM-01032,Milano,periferia,7.4,1172,appartamento,40,1,1,4,4,si,1974,da_ristrutturare,F,centralizzato,doppia,2,no,no,nessuno,si,159,6,110000
IMM-01033,Milano,semicentro,5.1,952,appartamento,49,1,1,0,3,si,1990,buono,C,autonomo,sud,2,no,si,box,no,66,10,294000
IMM-01034,Roma,periferia,13.2,1160,appartamento,154,6,3,0,5,si,2018,nuovo,A,autonomo,sud,1,no,no,nessuno,si,267,3,350000
IMM-01035,Milano,periferia,8.2,561,appartamento,74,3,2,0,3,no,2003,buono,D,centralizzato,doppia,1,no,no,box,no,201,5,318000
IMM-01036,Bologna,semicentro,4.8,586,appartamento,68,3,1,4,6,no,1957,buono,E,centralizzato,doppia,2,no,no,box,si,139,2,178000
IMM-01037,Bari,centro,1.6,660,appartamento,90,4,2,3,5,si,1974,ristrutturato,E,autonomo,est,2,no,no,nessuno,no,177,10,261000
IMM-01038,Roma,centro,0.9,237,appartamento,122,4,2,0,3,si,1970,da_ristrutturare,G,centralizzato,ovest,0,no,no,nessuno,si,254,3,328000
IMM-01039,Milano,periferia,10.9,2522,villetta,169,5,3,0,2,no,2001,buono,C,autonomo,sud,0,si,si,box,si,20,8,582000
IMM-01040,Napoli,semicentro,3.4,279,appartamento,86,3,2,5,7,si,1995,buono,D,autonomo,doppia,1,no,no,box,si,179,10,239000
IMM-01041,Bologna,periferia,10.7,1223,appartamento,78,4,2,0,4,no,1997,ristrutturato,D,autonomo,sud,0,no,si,posto_auto,no,113,4,168000
IMM-01042,Napoli,semicentro,5.4,326,appartamento,76,4,2,2,3,no,2010,da_ristrutturare,D,centralizzato,sud,2,no,no,box,si,167,11,177000
IMM-01043,Roma,centro,0.3,384,appartamento,112,5,2,0,7,si,1962,ristrutturato,D,centralizzato,ovest,1,no,no,nessuno,si,238,5,416000
IMM-01044,Torino,centro,1.9,375,appartamento,116,4,3,7,7,si,1977,da_ristrutturare,E,centralizzato,sud,3,no,no,nessuno,si,237,9,213000
IMM-01045,Roma,centro,1.1,486,appartamento,77,3,2,5,6,si,1965,da_ristrutturare,E,centralizzato,nord,1,no,no,nessuno,si,213,3,273000
IMM-01046,Torino,semicentro,2.9,745,appartamento,107,4,2,6,6,no,1968,ristrutturato,C,centralizzato,sud,1,no,no,nessuno,si,197,7,168000
IMM-01047,Genova,centro,1.1,362,appartamento,132,5,2,1,5,no,1923,ristrutturato,E,autonomo,doppia,0,no,no,nessuno,si,196,10,361000
IMM-01048,Palermo,semicentro,2.5,222,appartamento,101,3,1,6,6,no,1911,da_ristrutturare,E,autonomo,nord,2,no,no,posto_auto,si,156,9,99000
IMM-01049,Palermo,centro,1.1,378,appartamento,139,5,2,6,7,no,1905,da_ristrutturare,F,centralizzato,ovest,2,no,no,nessuno,si,253,4,170000
IMM-01050,Genova,centro,0.4,120,appartamento,87,4,3,0,7,no,1923,ristrutturato,E,centralizzato,sud,0,si,no,nessuno,si,189,2,233000
IMM-01051,Roma,centro,2.0,654,appartamento,149,7,2,0,3,no,1973,buono,G,autonomo,nord,1,no,no,nessuno,si,231,1,518000
IMM-01052,Padova,centro,1.9,362,attico,123,4,2,3,3,no,1906,da_ristrutturare,F,centralizzato,nord,1,no,no,nessuno,no,252,9,300000
IMM-01053,Palermo,semicentro,3.7,675,appartamento,182,6,3,5,8,si,2019,nuovo,A,autonomo,ovest,2,si,no,posto_auto,no,287,1,337000
IMM-01054,Torino,centro,0.4,585,appartamento,78,2,2,2,3,no,1903,ristrutturato,E,autonomo,doppia,1,no,si,nessuno,si,132,9,272000
IMM-01055,Milano,periferia,12.2,2942,villetta,253,8,4,0,2,no,1998,buono,E,autonomo,doppia,0,no,si,nessuno,no,10,2,598000
IMM-01056,Roma,centro,1.1,409,appartamento,68,3,1,2,4,si,1990,da_ristrutturare,E,autonomo,sud,1,no,no,nessuno,no,185,5,275000
IMM-01057,Bologna,periferia,9.4,3233,attico,103,3,1,3,3,no,1952,buono,G,centralizzato,doppia,1,si,no,box,si,132,12,207000
IMM-01058,Bari,periferia,7.2,3540,appartamento,61,3,1,0,5,si,1995,buono,E,autonomo,ovest,1,no,no,box,no,169,11,79000
IMM-01059,Firenze,periferia,10.6,1719,attico,142,5,3,7,7,si,2005,buono,C,autonomo,sud,0,si,no,nessuno,si,262,7,518000
IMM-01060,Roma,centro,0.2,452,appartamento,53,1,1,1,4,si,1968,ristrutturato,E,centralizzato,nord,1,no,si,nessuno,no,181,11,260000
IMM-01061,Firenze,centro,0.2,350,attico,89,4,2,7,7,si,1989,ristrutturato,E,autonomo,nord,1,si,no,nessuno,si,192,2,647000
IMM-01062,Milano,centro,0.2,206,appartamento,117,3,2,1,4,si,2025,nuovo,A,autonomo,doppia,2,no,no,nessuno,si,225,12,1128000
IMM-01063,Torino,periferia,12.2,1786,appartamento,137,5,2,2,4,si,2022,nuovo,A,centralizzato,nord,2,no,no,nessuno,si,223,7,181000
IMM-01064,Roma,semicentro,3.3,935,appartamento,41,1,1,2,4,no,1967,da_ristrutturare,F,centralizzato,ovest,0,no,no,nessuno,si,130,5,86000
IMM-01065,Milano,centro,0.6,386,appartamento,54,2,1,4,4,si,1920,buono,F,centralizzato,doppia,0,no,no,nessuno,no,173,10,417000
IMM-01066,Torino,centro,1.9,295,appartamento,79,3,2,5,5,si,1985,buono,F,autonomo,ovest,2,no,no,nessuno,no,135,2,200000
IMM-01067,Palermo,periferia,13.1,1499,appartamento,60,2,1,3,5,si,2023,buono,B,autonomo,sud,1,no,no,posto_auto,no,145,3,59000
IMM-01068,Bari,semicentro,4.9,590,appartamento,74,4,3,2,3,no,1962,buono,F,autonomo,ovest,1,no,no,box,no,107,7,139000
IMM-01069,Milano,semicentro,5.1,710,appartamento,89,3,2,3,3,no,2018,nuovo,A,centralizzato,doppia,0,no,no,nessuno,no,152,6,534000
IMM-01070,Milano,semicentro,2.9,540,appartamento,110,4,2,3,3,no,2021,nuovo,A,centralizzato,doppia,2,no,no,posto_auto,si,187,5,780000
IMM-01071,Milano,centro,1.7,501,appartamento,41,1,1,2,4,si,1953,buono,G,autonomo,sud,2,no,no,nessuno,si,133,8,342000
IMM-01072,Roma,periferia,6.7,2750,appartamento,67,2,1,0,9,si,2008,da_ristrutturare,D,autonomo,sud,2,no,no,nessuno,no,138,6,99000
IMM-01073,Bologna,periferia,14.4,1833,appartamento,95,4,1,4,4,si,1983,ristrutturato,C,autonomo,sud,2,no,no,nessuno,no,192,10,187000
IMM-01074,Bari,periferia,6.1,1739,attico,145,5,3,9,9,no,1935,buono,F,centralizzato,nord,2,si,no,box,si,305,11,155000
IMM-01075,Bari,semicentro,5.4,610,appartamento,97,4,3,3,7,si,1928,ristrutturato,D,autonomo,nord,1,no,no,posto_auto,no,217,3,174000
IMM-01076,Firenze,periferia,14.8,3094,appartamento,65,2,1,0,7,si,2008,buono,D,autonomo,doppia,1,no,si,nessuno,no,188,5,162000
IMM-01077,Roma,periferia,10.5,1449,villetta,151,5,3,0,2,no,2007,buono,E,autonomo,sud,2,no,si,box,no,0,2,336000
IMM-01078,Padova,semicentro,6.0,1756,appartamento,37,1,1,0,3,no,1952,ristrutturato,D,autonomo,nord,2,no,si,box,no,30,3,113000
IMM-01079,Padova,centro,1.2,140,appartamento,156,5,3,0,3,no,1970,da_ristrutturare,F,autonomo,ovest,2,no,si,nessuno,si,247,12,320000
IMM-01080,Firenze,periferia,6.4,1634,appartamento,82,3,2,3,3,no,1957,buono,F,autonomo,ovest,2,no,no,box,si,186,11,191000
IMM-01081,Roma,semicentro,3.0,981,appartamento,79,3,2,7,9,si,1955,buono,G,centralizzato,doppia,2,no,no,box,no,221,1,297000
IMM-01082,Roma,semicentro,4.1,293,appartamento,47,1,1,2,9,si,2022,nuovo,A,autonomo,est,2,no,no,box,no,141,7,256000
IMM-01083,Milano,periferia,10.3,1677,appartamento,68,1,2,1,7,si,1994,da_ristrutturare,D,autonomo,doppia,1,no,no,posto_auto,no,205,5,159000
IMM-01084,Bologna,centro,1.0,220,appartamento,106,4,1,3,3,no,1916,buono,F,autonomo,nord,0,no,no,box,si,179,9,455000
IMM-01085,Torino,semicentro,5.2,169,appartamento,155,5,3,1,3,si,1984,buono,E,autonomo,est,1,no,no,nessuno,si,205,10,230000
IMM-01086,Roma,periferia,12.0,1567,villetta,136,4,2,0,2,no,1946,buono,G,autonomo,ovest,0,si,no,posto_auto,si,30,4,229000
IMM-01087,Milano,periferia,8.9,1271,villetta,200,8,3,0,2,no,1993,da_ristrutturare,C,autonomo,sud,2,si,si,box,si,15,1,599000
IMM-01088,Firenze,centro,1.6,364,appartamento,57,3,1,3,7,si,1909,buono,F,centralizzato,nord,0,no,no,nessuno,no,144,3,338000
IMM-01089,Roma,semicentro,2.7,593,appartamento,80,4,3,7,7,si,1918,da_ristrutturare,G,centralizzato,sud,1,no,no,nessuno,no,178,12,172000
IMM-01090,Milano,periferia,14.4,906,appartamento,73,4,2,3,4,si,1979,buono,D,centralizzato,doppia,1,no,no,posto_auto,si,207,11,210000
IMM-01091,Napoli,centro,1.8,487,appartamento,86,4,2,1,6,no,1953,buono,G,centralizzato,doppia,1,no,no,nessuno,si,191,3,262000
IMM-01092,Bologna,centro,1.0,192,appartamento,54,2,1,0,4,si,2010,ristrutturato,B,centralizzato,ovest,1,no,si,nessuno,no,190,6,366000
IMM-01093,Roma,semicentro,4.2,423,appartamento,54,1,1,1,4,si,1976,buono,F,centralizzato,sud,0,no,no,nessuno,no,162,4,153000
IMM-01094,Palermo,semicentro,4.6,272,appartamento,102,5,2,0,4,si,2003,buono,C,autonomo,sud,2,no,no,posto_auto,si,188,11,137000
IMM-01095,Genova,periferia,7.3,2502,appartamento,127,5,2,1,5,si,1978,buono,E,autonomo,doppia,1,no,no,posto_auto,si,216,3,135000
IMM-01096,Napoli,periferia,12.3,5000,appartamento,116,4,3,5,9,si,1986,ristrutturato,E,autonomo,sud,1,no,no,posto_auto,si,262,2,148000
IMM-01097,Palermo,periferia,14.5,629,appartamento,56,2,1,0,7,si,1986,ristrutturato,D,autonomo,doppia,1,no,si,nessuno,si,108,4,44000
IMM-01098,Roma,semicentro,3.2,1303,appartamento,122,5,2,5,5,si,1955,buono,G,centralizzato,nord,1,si,no,box,no,258,6,345000
IMM-01099,Bologna,periferia,8.2,2113,appartamento,109,4,2,8,11,si,2014,buono,D,autonomo,est,2,no,no,box,no,201,11,244000
IMM-01100,Bologna,semicentro,5.1,155,attico,205,7,3,5,5,si,1955,ristrutturato,D,autonomo,est,1,si,no,nessuno,no,307,11,630000
IMM-01101,Bologna,semicentro,4.2,592,appartamento,72,2,2,3,3,si,2018,nuovo,A,centralizzato,ovest,2,no,no,nessuno,no,186,7,292000
IMM-01102,Padova,centro,1.0,537,appartamento,108,4,2,1,7,no,1987,buono,E,autonomo,doppia,2,no,si,nessuno,si,216,10,331000
IMM-01103,Torino,periferia,12.8,1408,villetta,116,4,2,0,3,no,1953,buono,F,autonomo,ovest,0,si,si,box,si,19,5,169000
IMM-01104,Palermo,periferia,13.3,2009,appartamento,102,4,2,8,10,si,2025,nuovo,B,autonomo,sud,1,no,no,box,si,151,7,143000
IMM-01105,Genova,periferia,8.5,501,appartamento,91,3,2,3,8,si,2007,buono,E,centralizzato,doppia,2,no,no,box,no,201,7,124000
IMM-01106,Roma,periferia,13.4,1699,appartamento,81,4,2,8,10,no,1954,buono,G,autonomo,doppia,1,no,no,box,si,103,2,138000
IMM-01107,Roma,centro,0.7,632,appartamento,60,2,1,1,3,si,1975,ristrutturato,D,centralizzato,sud,2,no,no,nessuno,no,176,2,289000
IMM-01108,Torino,semicentro,3.4,748,appartamento,69,2,1,5,8,si,1921,da_ristrutturare,G,centralizzato,doppia,0,no,no,nessuno,si,204,7,90000
IMM-01109,Roma,periferia,13.4,3603,villetta,96,3,2,0,3,no,1970,da_ristrutturare,G,autonomo,doppia,0,si,si,box,no,31,11,151000
IMM-01110,Milano,semicentro,4.8,478,attico,117,4,2,5,5,no,1956,ristrutturato,E,centralizzato,doppia,3,no,no,nessuno,si,203,8,472000
IMM-01111,Milano,periferia,9.0,440,appartamento,73,3,2,3,4,si,2010,buono,C,autonomo,doppia,1,no,no,nessuno,si,163,9,265000
IMM-01112,Roma,semicentro,5.0,2355,appartamento,66,2,1,1,7,no,1975,ristrutturato,F,centralizzato,ovest,3,no,no,box,no,95,2,236000
IMM-01113,Napoli,centro,0.2,332,appartamento,90,3,3,2,3,no,1913,buono,F,autonomo,sud,1,no,no,nessuno,no,126,6,418000
IMM-01114,Milano,semicentro,2.0,830,appartamento,88,3,2,3,3,no,1977,da_ristrutturare,F,autonomo,nord,2,no,no,box,si,141,10,312000
IMM-01115,Napoli,centro,1.4,702,appartamento,73,3,2,1,4,si,1937,buono,G,centralizzato,sud,0,no,no,nessuno,no,262,3,223000
IMM-01116,Torino,centro,1.3,213,appartamento,103,4,2,0,3,no,2008,da_ristrutturare,C,autonomo,nord,2,no,si,nessuno,si,138,12,258000
IMM-01117,Napoli,centro,1.8,362,appartamento,93,5,2,0,4,no,1975,buono,G,centralizzato,doppia,3,no,no,nessuno,no,172,10,259000
IMM-01118,Milano,semicentro,3.4,661,attico,130,4,2,5,5,no,2012,buono,D,autonomo,sud,1,si,no,box,si,157,6,599000
IMM-01119,Firenze,periferia,11.6,2127,villetta,147,6,3,0,2,no,1981,buono,F,autonomo,est,1,no,si,box,no,27,10,302000
IMM-01120,Roma,periferia,8.2,841,villetta,150,5,3,0,2,no,2005,buono,D,autonomo,ovest,2,no,si,nessuno,no,0,5,312000
IMM-01121,Milano,centro,1.6,194,appartamento,96,5,2,6,6,si,2020,buono,A,centralizzato,sud,2,no,no,nessuno,si,244,6,971000
IMM-01122,Milano,periferia,10.2,2449,villetta,211,7,2,0,3,no,2008,buono,C,autonomo,nord,0,si,si,box,no,17,7,698000
IMM-01123,Torino,periferia,13.1,1896,appartamento,87,3,2,5,10,si,1987,ristrutturato,C,autonomo,ovest,1,no,no,nessuno,no,141,5,91000
IMM-01124,Bologna,centro,1.7,312,appartamento,152,6,2,0,3,si,1912,buono,G,autonomo,doppia,1,no,no,nessuno,no,235,10,472000
IMM-01125,Milano,periferia,9.3,1414,appartamento,90,3,3,6,6,si,1967,buono,E,centralizzato,ovest,2,no,no,box,no,182,8,293000
IMM-01126,Padova,periferia,14.2,3952,villetta,199,7,3,0,2,no,2000,buono,B,autonomo,nord,1,si,si,box,no,0,6,333000
IMM-01127,Bologna,semicentro,4.8,1155,appartamento,54,1,1,4,8,si,1958,buono,G,autonomo,ovest,2,no,no,box,no,162,1,155000
IMM-01128,Torino,centro,2.0,622,appartamento,89,4,2,4,5,si,2016,nuovo,A,centralizzato,sud,2,no,no,nessuno,no,235,5,332000
IMM-01129,Roma,semicentro,4.5,235,attico,102,3,2,8,8,si,1903,ristrutturato,E,centralizzato,nord,1,si,no,box,si,227,9,444000
IMM-01130,Genova,periferia,8.8,289,attico,181,6,3,2,2,no,1993,ristrutturato,B,autonomo,nord,2,si,no,box,si,230,11,256000
IMM-01131,Genova,centro,1.0,640,appartamento,82,4,2,4,6,si,2025,nuovo,A,autonomo,doppia,1,no,no,nessuno,si,201,4,307000
IMM-01132,Milano,semicentro,4.5,225,attico,174,5,3,3,3,si,1960,buono,E,autonomo,sud,0,si,no,box,si,219,1,882000
IMM-01133,Torino,centro,1.5,543,appartamento,81,3,2,2,3,no,1967,ristrutturato,E,autonomo,sud,2,no,no,nessuno,no,123,1,217000
IMM-01134,Firenze,periferia,12.4,716,appartamento,76,3,1,0,8,si,2006,buono,C,centralizzato,nord,1,si,si,box,no,139,2,247000
IMM-01135,Milano,semicentro,4.3,998,appartamento,45,2,1,2,4,si,1980,buono,D,autonomo,est,3,no,no,nessuno,si,154,9,218000
IMM-01136,Roma,semicentro,4.5,681,appartamento,50,2,1,3,5,no,1906,da_ristrutturare,G,centralizzato,sud,0,no,no,nessuno,no,104,3,101000
IMM-01137,Napoli,semicentro,5.3,915,appartamento,73,3,2,6,6,si,1953,buono,F,autonomo,est,2,no,no,nessuno,si,163,1,218000
IMM-01138,Milano,semicentro,5.4,894,appartamento,138,6,2,4,7,si,2007,buono,B,autonomo,doppia,1,no,no,posto_auto,no,209,7,652000
IMM-01139,Padova,periferia,11.1,640,appartamento,76,4,2,0,6,si,2009,ristrutturato,A,autonomo,doppia,3,no,si,nessuno,no,130,10,130000
IMM-01140,Firenze,centro,1.5,195,appartamento,110,2,2,2,7,si,1987,buono,F,centralizzato,doppia,3,no,no,nessuno,no,221,7,607000
IMM-01141,Bologna,periferia,7.2,2092,villetta,100,3,2,0,2,no,2000,da_ristrutturare,A,autonomo,nord,2,no,si,box,si,6,4,244000
IMM-01142,Milano,semicentro,2.2,309,appartamento,98,4,2,5,5,si,2017,buono,A,centralizzato,sud,1,no,no,box,si,217,6,611000
IMM-01143,Genova,periferia,11.2,606,appartamento,82,3,2,3,6,no,1958,buono,D,centralizzato,doppia,0,no,no,nessuno,si,174,8,66000
IMM-01144,Torino,centro,1.8,247,appartamento,145,5,3,1,3,no,1963,da_ristrutturare,G,centralizzato,nord,1,no,no,nessuno,no,233,12,318000
IMM-01145,Milano,semicentro,3.4,391,appartamento,88,3,1,1,7,si,2004,ristrutturato,A,autonomo,sud,1,no,no,nessuno,si,166,1,564000
IMM-01146,Milano,semicentro,4.4,695,appartamento,110,4,2,4,4,no,1966,ristrutturato,D,centralizzato,nord,1,no,no,box,si,161,9,371000
IMM-01147,Firenze,semicentro,2.1,1662,attico,85,3,2,8,8,no,1901,buono,F,centralizzato,nord,1,si,no,posto_auto,si,112,3,256000
IMM-01148,Torino,semicentro,3.2,691,appartamento,62,3,1,5,5,si,1959,buono,E,autonomo,est,1,no,no,nessuno,si,90,4,118000
IMM-01149,Roma,semicentro,5.2,538,appartamento,57,1,1,0,7,si,2022,nuovo,B,autonomo,est,1,no,no,nessuno,no,118,9,242000
IMM-01150,Padova,semicentro,2.8,325,villetta,229,8,4,0,2,no,1926,buono,G,autonomo,sud,0,si,si,box,si,23,3,568000
IMM-01151,Torino,semicentro,4.8,835,appartamento,60,2,1,0,7,si,1999,buono,F,autonomo,sud,3,no,si,nessuno,no,70,5,124000
IMM-01152,Bari,periferia,11.5,955,appartamento,86,2,2,3,8,si,2021,nuovo,A,autonomo,ovest,2,no,no,posto_auto,si,188,6,140000
IMM-01153,Bologna,centro,1.7,761,appartamento,94,4,2,2,7,si,1992,buono,E,autonomo,est,1,no,no,nessuno,no,155,1,413000
IMM-01154,Milano,periferia,14.2,1603,appartamento,88,2,2,3,4,si,2025,nuovo,A,autonomo,sud,2,no,no,box,no,170,7,339000
IMM-01155,Firenze,centro,1.6,501,appartamento,77,4,2,0,7,no,1955,buono,E,autonomo,sud,1,no,no,nessuno,si,132,1,399000
IMM-01156,Torino,centro,1.7,126,appartamento,113,4,2,2,6,si,2006,buono,C,centralizzato,sud,3,no,no,nessuno,si,241,2,386000
IMM-01157,Napoli,semicentro,2.2,315,appartamento,74,3,2,4,5,si,1950,ristrutturato,D,autonomo,nord,2,no,no,nessuno,no,162,2,203000
IMM-01158,Torino,periferia,7.4,2624,appartamento,38,1,1,6,7,si,1973,buono,F,centralizzato,est,1,no,no,box,si,131,8,65000
IMM-01159,Torino,semicentro,4.0,572,appartamento,79,2,2,0,9,si,2016,buono,A,autonomo,nord,2,no,no,box,no,181,1,163000
IMM-01160,Bologna,semicentro,5.2,936,appartamento,100,4,2,8,9,si,1982,ristrutturato,D,centralizzato,ovest,1,no,no,nessuno,si,211,11,322000
IMM-01161,Napoli,centro,0.9,312,appartamento,114,4,3,3,4,si,1927,buono,E,autonomo,sud,0,no,no,nessuno,si,181,8,480000
IMM-01162,Milano,semicentro,3.5,616,appartamento,104,4,2,1,7,si,1989,da_ristrutturare,F,centralizzato,ovest,2,no,no,box,si,210,9,386000
IMM-01163,Bari,periferia,12.9,823,appartamento,67,1,1,9,9,si,1947,ristrutturato,D,centralizzato,sud,1,no,no,nessuno,si,195,6,90000
IMM-01164,Milano,semicentro,3.5,1055,appartamento,101,4,2,6,9,si,1910,buono,G,centralizzato,sud,1,no,no,box,si,172,7,451000
IMM-01165,Roma,periferia,9.2,503,appartamento,52,3,2,11,11,si,1956,da_ristrutturare,F,autonomo,ovest,1,no,no,box,si,155,9,104000
IMM-01166,Palermo,periferia,13.4,3260,appartamento,74,3,3,5,10,si,2023,nuovo,A,autonomo,doppia,2,no,no,box,no,149,4,92000
IMM-01167,Milano,semicentro,3.4,446,appartamento,128,5,1,0,5,si,1976,ristrutturato,C,centralizzato,ovest,1,no,no,box,si,239,7,731000
IMM-01168,Milano,semicentro,5.6,987,appartamento,72,2,2,8,9,si,1963,buono,F,centralizzato,doppia,1,si,no,posto_auto,no,138,1,319000
IMM-01169,Milano,semicentro,2.2,855,appartamento,90,3,2,7,7,si,2003,buono,D,autonomo,nord,1,no,no,nessuno,no,143,3,471000
IMM-01170,Napoli,periferia,8.4,3764,appartamento,30,1,1,1,4,si,1981,buono,E,centralizzato,sud,2,no,no,box,no,162,4,64000
IMM-01171,Roma,semicentro,2.8,530,appartamento,89,3,2,1,4,no,1908,da_ristrutturare,G,autonomo,est,0,no,no,box,no,130,4,196000
IMM-01172,Milano,periferia,14.0,702,appartamento,88,3,2,5,8,si,2004,da_ristrutturare,C,centralizzato,doppia,1,no,no,posto_auto,no,176,2,234000
IMM-01173,Bari,centro,1.0,419,attico,72,2,2,5,5,si,2015,buono,A,centralizzato,nord,1,si,no,nessuno,si,180,6,295000
IMM-01174,Milano,periferia,7.4,787,appartamento,63,3,1,3,4,si,1982,ristrutturato,D,autonomo,sud,2,no,no,box,no,142,10,288000
IMM-01175,Bologna,centro,1.0,346,appartamento,116,6,2,1,3,no,1930,buono,G,autonomo,sud,0,no,no,nessuno,no,165,8,509000
IMM-01176,Padova,centro,0.7,244,appartamento,111,5,2,3,4,si,1981,ristrutturato,E,centralizzato,nord,1,no,no,nessuno,no,227,12,347000
IMM-01177,Roma,periferia,8.0,358,appartamento,67,2,1,2,4,no,1948,da_ristrutturare,G,centralizzato,est,0,si,no,box,si,152,2,134000
IMM-01178,Bologna,semicentro,5.5,306,appartamento,125,5,1,6,8,si,1952,buono,F,autonomo,doppia,0,si,no,nessuno,si,171,11,365000
IMM-01179,Torino,semicentro,3.4,821,appartamento,55,3,1,1,3,no,1979,da_ristrutturare,E,autonomo,doppia,3,no,no,nessuno,si,71,6,86000
IMM-01180,Firenze,semicentro,5.8,705,appartamento,72,3,2,2,3,no,1966,ristrutturato,E,autonomo,ovest,0,no,no,box,si,152,4,271000
IMM-01181,Roma,semicentro,3.9,491,appartamento,96,3,1,1,3,no,1952,da_ristrutturare,D,autonomo,sud,0,no,no,posto_auto,no,130,11,215000
IMM-01182,Firenze,semicentro,3.9,314,appartamento,67,1,1,4,7,si,1971,ristrutturato,D,centralizzato,nord,1,no,no,box,si,185,9,253000
IMM-01183,Napoli,centro,1.4,208,attico,140,5,2,7,7,no,1915,buono,G,autonomo,doppia,1,si,no,nessuno,si,220,12,479000
IMM-01184,Torino,periferia,7.5,1450,appartamento,112,4,2,2,3,no,2022,nuovo,B,autonomo,nord,1,no,no,box,no,235,2,187000
IMM-01185,Milano,periferia,8.5,2391,appartamento,51,1,1,2,7,no,1958,buono,F,centralizzato,doppia,1,no,no,nessuno,si,94,12,123000
IMM-01186,Roma,centro,1.2,132,appartamento,82,2,2,3,4,si,2005,da_ristrutturare,B,autonomo,est,1,no,no,nessuno,no,185,9,417000
IMM-01187,Milano,periferia,8.7,613,appartamento,78,2,2,4,7,si,1970,ristrutturato,E,centralizzato,doppia,0,no,no,posto_auto,si,210,9,280000
IMM-01188,Palermo,centro,0.7,364,villetta,118,3,2,0,2,no,1929,buono,F,autonomo,doppia,1,si,si,box,si,5,5,286000
IMM-01189,Milano,centro,1.9,275,attico,178,6,3,7,7,no,1975,ristrutturato,E,autonomo,sud,1,si,no,posto_auto,no,291,2,1102000
IMM-01190,Milano,semicentro,5.6,545,appartamento,67,3,1,2,5,no,1925,ristrutturato,D,centralizzato,est,1,no,no,nessuno,si,150,9,350000
IMM-01191,Roma,semicentro,4.1,640,attico,101,5,2,5,5,si,1996,buono,D,centralizzato,doppia,1,si,no,posto_auto,no,201,4,363000
IMM-01192,Napoli,semicentro,5.8,1576,appartamento,66,2,1,1,3,si,1960,ristrutturato,D,autonomo,sud,1,no,no,posto_auto,si,175,11,173000
IMM-01193,Bari,periferia,7.2,2188,appartamento,140,5,2,3,6,si,2018,nuovo,A,centralizzato,doppia,2,no,si,box,si,256,2,244000
IMM-01194,Padova,periferia,7.6,633,appartamento,54,1,1,4,10,si,1961,buono,G,autonomo,est,2,no,no,posto_auto,si,90,2,92000
IMM-01195,Bologna,centro,1.8,381,appartamento,106,4,2,5,7,si,1922,da_ristrutturare,G,autonomo,nord,0,no,no,nessuno,si,192,7,358000
IMM-01196,Roma,centro,1.1,277,appartamento,95,5,2,0,5,si,1958,buono,G,autonomo,nord,1,si,si,nessuno,si,184,10,444000
IMM-01197,Firenze,semicentro,4.0,1693,appartamento,50,2,1,0,4,si,1921,buono,G,autonomo,sud,0,no,no,nessuno,no,135,12,153000
IMM-01198,Napoli,semicentro,4.4,175,appartamento,59,2,2,1,4,no,1948,buono,F,autonomo,est,1,no,no,nessuno,si,101,12,139000
IMM-01199,Torino,semicentro,2.2,592,appartamento,80,2,2,3,6,si,2007,buono,B,autonomo,sud,1,no,no,nessuno,si,159,12,186000
IMM-01200,Firenze,semicentro,2.7,618,appartamento,51,2,1,6,7,no,1976,buono,E,centralizzato,sud,3,no,no,posto_auto,no,105,6,182000
IMM-01201,Bari,centro,1.8,476,appartamento,139,6,2,0,3,si,1960,ristrutturato,D,centralizzato,doppia,1,no,no,nessuno,si,258,3,386000
IMM-01202,Roma,semicentro,4.8,317,appartamento,77,3,2,3,3,no,2016,buono,A,centralizzato,nord,2,no,no,nessuno,si,153,10,222000
IMM-01203,Bologna,semicentro,3.3,302,appartamento,71,3,2,4,6,si,1927,buono,F,centralizzato,sud,1,no,no,nessuno,si,167,3,213000
IMM-01204,Torino,periferia,8.0,759,villetta,237,8,4,0,2,no,1925,da_ristrutturare,G,autonomo,nord,0,no,si,nessuno,si,26,4,181000
IMM-01205,Roma,semicentro,3.9,873,appartamento,88,3,2,1,9,si,1980,buono,E,autonomo,sud,0,si,no,posto_auto,si,140,9,313000
IMM-01206,Genova,periferia,10.0,4864,appartamento,82,3,2,1,2,no,1996,buono,E,autonomo,ovest,2,no,no,box,si,105,6,91000
IMM-01207,Milano,semicentro,5.5,422,appartamento,109,3,2,1,6,si,1997,buono,D,centralizzato,nord,2,no,no,nessuno,no,248,7,380000
IMM-01208,Genova,periferia,9.1,1349,villetta,169,6,3,0,3,no,2020,nuovo,B,autonomo,doppia,1,si,si,box,si,21,8,330000
IMM-01209,Bologna,semicentro,3.7,647,appartamento,40,1,1,0,5,si,1969,ristrutturato,D,autonomo,nord,0,no,no,posto_auto,si,123,8,158000
IMM-01210,Torino,periferia,11.9,252,villetta,146,5,3,0,2,no,2005,ristrutturato,B,autonomo,nord,2,si,si,posto_auto,si,49,5,262000
IMM-01211,Palermo,semicentro,5.3,554,villetta,239,8,4,0,2,no,1940,buono,F,autonomo,est,0,no,si,box,no,10,10,344000
IMM-01212,Padova,centro,0.5,282,appartamento,110,3,2,1,4,si,2020,nuovo,B,autonomo,nord,1,si,no,box,no,262,7,496000
IMM-01213,Bari,periferia,13.9,1406,appartamento,76,2,2,1,6,no,1951,ristrutturato,F,centralizzato,est,2,no,no,nessuno,no,115,3,88000
IMM-01214,Bari,periferia,11.7,1436,appartamento,94,4,2,5,11,si,1998,ristrutturato,B,autonomo,nord,3,no,no,posto_auto,no,136,4,147000
IMM-01215,Milano,centro,1.4,591,appartamento,64,3,1,0,7,no,1941,buono,G,centralizzato,nord,1,si,no,nessuno,si,136,7,366000
IMM-01216,Napoli,semicentro,4.7,144,appartamento,126,5,2,2,7,no,1966,ristrutturato,F,centralizzato,doppia,1,no,no,posto_auto,si,231,12,303000
IMM-01217,Roma,centro,1.7,331,appartamento,103,3,1,6,6,si,1945,ristrutturato,F,centralizzato,doppia,1,no,no,nessuno,si,265,9,511000
IMM-01218,Roma,semicentro,5.5,549,appartamento,46,1,1,0,5,si,1985,ristrutturato,D,autonomo,doppia,1,no,si,box,no,113,5,190000
IMM-01219,Bari,semicentro,5.1,283,appartamento,197,6,3,3,9,si,2005,da_ristrutturare,C,autonomo,sud,1,no,no,nessuno,si,310,3,302000
IMM-01220,Genova,periferia,10.5,405,appartamento,44,2,1,8,8,no,1944,ristrutturato,E,centralizzato,nord,1,no,si,box,si,117,8,59000
IMM-01221,Milano,semicentro,5.9,1126,appartamento,112,3,2,1,8,si,1960,ristrutturato,E,autonomo,est,2,no,no,nessuno,si,177,6,519000
IMM-01222,Genova,centro,0.2,1009,appartamento,72,2,2,1,3,no,1922,buono,G,autonomo,sud,0,no,no,posto_auto,si,145,7,197000
IMM-01223,Bari,periferia,9.5,502,attico,163,5,3,11,11,si,1972,buono,E,centralizzato,ovest,1,si,no,posto_auto,no,299,8,208000
IMM-01224,Firenze,semicentro,5.5,287,appartamento,79,3,2,3,9,si,1995,ristrutturato,E,autonomo,doppia,2,no,no,nessuno,no,139,11,297000
IMM-01225,Bari,semicentro,4.6,629,appartamento,98,3,2,1,7,si,1980,ristrutturato,C,centralizzato,sud,1,no,no,nessuno,no,207,4,187000
IMM-01226,Milano,semicentro,3.3,593,attico,183,6,3,5,5,si,2020,nuovo,B,centralizzato,sud,1,si,no,box,no,244,6,2209000
IMM-01227,Roma,semicentro,3.3,477,villetta,106,3,2,0,2,no,1929,buono,G,autonomo,ovest,1,si,no,posto_auto,si,0,10,368000
IMM-01228,Milano,centro,0.6,731,appartamento,72,3,2,1,3,si,1959,buono,G,autonomo,nord,2,no,no,nessuno,si,126,4,466000
IMM-01229,Bologna,semicentro,2.7,650,appartamento,76,2,2,2,6,no,1950,da_ristrutturare,E,centralizzato,doppia,1,si,no,box,si,154,6,197000
IMM-01230,Bologna,periferia,14.6,2378,appartamento,115,5,2,2,2,si,1972,ristrutturato,F,centralizzato,sud,2,no,no,box,no,197,1,234000
IMM-01231,Torino,periferia,7.1,597,appartamento,111,4,2,1,3,no,1965,buono,F,autonomo,sud,0,no,no,box,no,200,5,128000
IMM-01232,Torino,periferia,14.6,842,villetta,156,6,3,0,3,no,1987,ristrutturato,C,autonomo,sud,1,si,si,box,no,0,5,236000
IMM-01233,Bologna,periferia,7.5,2845,villetta,122,4,2,0,2,no,1992,buono,D,autonomo,nord,1,si,si,posto_auto,si,5,6,267000
IMM-01234,Milano,periferia,8.0,1221,appartamento,65,4,1,3,6,no,1937,ristrutturato,D,centralizzato,sud,1,no,no,posto_auto,si,87,7,215000
IMM-01235,Torino,semicentro,4.5,304,appartamento,125,4,1,4,6,si,1985,ristrutturato,E,autonomo,doppia,1,no,no,nessuno,no,195,3,298000
IMM-01236,Firenze,periferia,12.1,703,appartamento,68,2,1,8,9,si,2002,buono,C,autonomo,sud,1,no,no,posto_auto,si,163,8,207000
IMM-01237,Genova,centro,0.2,310,appartamento,67,2,1,4,7,si,1969,buono,E,centralizzato,ovest,1,no,no,nessuno,no,194,7,161000
IMM-01238,Bologna,semicentro,3.6,725,appartamento,72,2,2,4,7,si,1944,buono,F,centralizzato,ovest,0,no,no,nessuno,no,185,3,224000
IMM-01239,Roma,semicentro,4.4,586,appartamento,126,4,2,9,9,si,2018,nuovo,A,autonomo,doppia,1,no,no,nessuno,no,256,11,600000
IMM-01240,Milano,semicentro,3.7,577,appartamento,136,5,2,2,9,si,1903,buono,F,autonomo,sud,0,si,no,nessuno,no,213,4,600000
IMM-01241,Firenze,centro,0.9,449,appartamento,119,4,2,4,7,si,2023,nuovo,A,centralizzato,est,2,no,no,nessuno,si,280,3,963000
IMM-01242,Palermo,semicentro,5.3,596,appartamento,80,2,2,4,5,no,1935,buono,F,centralizzato,sud,2,no,no,nessuno,no,129,12,88000
IMM-01243,Bologna,semicentro,2.6,503,attico,122,3,2,5,5,si,1955,ristrutturato,D,centralizzato,nord,1,si,no,nessuno,no,266,4,375000
IMM-01244,Roma,centro,1.3,185,appartamento,68,2,1,0,7,si,1922,ristrutturato,E,centralizzato,doppia,1,no,no,nessuno,si,205,10,527000
IMM-01245,Milano,semicentro,2.3,1628,attico,114,3,2,7,7,si,2023,nuovo,A,autonomo,ovest,2,si,no,nessuno,si,224,11,704000
IMM-01246,Milano,periferia,11.1,5000,appartamento,73,2,2,4,10,si,1976,da_ristrutturare,D,autonomo,est,3,no,no,nessuno,no,152,12,144000
IMM-01247,Genova,periferia,12.2,1251,appartamento,139,5,2,2,11,no,1938,da_ristrutturare,G,autonomo,doppia,0,si,no,posto_auto,si,173,1,106000
IMM-01248,Roma,periferia,14.1,1269,appartamento,105,3,3,6,9,si,1992,buono,E,autonomo,est,1,no,no,nessuno,si,184,3,176000
IMM-01249,Torino,semicentro,4.6,685,appartamento,66,3,1,4,5,si,1998,ristrutturato,B,autonomo,est,2,no,no,nessuno,si,123,5,154000
IMM-01250,Milano,periferia,13.6,3959,appartamento,124,3,1,4,8,si,1989,buono,E,autonomo,sud,1,no,no,box,no,214,10,297000
IMM-01251,Firenze,periferia,6.7,234,appartamento,76,4,2,0,5,si,2005,ristrutturato,B,centralizzato,doppia,0,no,si,box,no,195,2,294000
IMM-01252,Roma,periferia,7.8,1854,appartamento,70,2,1,1,4,no,1965,buono,F,centralizzato,sud,0,si,no,nessuno,si,148,11,117000
IMM-01253,Milano,semicentro,5.2,345,appartamento,105,4,2,2,3,no,1978,da_ristrutturare,F,centralizzato,est,1,no,no,nessuno,si,156,10,336000
IMM-01254,Bari,periferia,7.6,660,appartamento,43,1,1,0,4,si,2022,nuovo,B,centralizzato,nord,3,no,no,box,no,171,1,98000
IMM-01255,Torino,periferia,8.8,1756,appartamento,112,4,2,8,11,si,1980,buono,D,autonomo,est,3,no,no,box,no,205,2,162000
IMM-01256,Milano,periferia,11.2,1122,appartamento,89,3,2,3,6,si,1989,ristrutturato,D,centralizzato,nord,0,no,no,nessuno,no,177,4,260000
IMM-01257,Bari,semicentro,2.8,425,appartamento,97,4,2,3,9,no,1956,buono,F,autonomo,doppia,0,no,no,nessuno,no,172,2,141000
IMM-01258,Genova,semicentro,2.6,2502,villetta,119,5,2,0,2,no,1994,ristrutturato,C,autonomo,ovest,1,no,si,box,si,19,3,228000
IMM-01259,Palermo,semicentro,4.5,827,appartamento,52,2,1,5,9,no,2005,buono,B,centralizzato,doppia,3,no,no,nessuno,si,118,5,66000
IMM-01260,Torino,semicentro,4.2,835,appartamento,58,2,1,0,9,no,1936,ristrutturato,F,autonomo,est,1,no,si,nessuno,si,117,2,143000
IMM-01261,Milano,periferia,10.8,220,appartamento,72,2,2,4,7,si,1996,buono,E,centralizzato,nord,1,no,no,nessuno,si,168,2,186000
IMM-01262,Palermo,centro,0.7,495,appartamento,58,2,1,0,6,no,1961,buono,G,autonomo,nord,0,no,no,nessuno,no,123,8,85000
IMM-01263,Padova,periferia,13.8,2594,appartamento,96,4,2,7,9,si,2014,buono,C,centralizzato,sud,2,no,no,box,no,195,6,130000
IMM-01264,Roma,centro,0.9,376,appartamento,107,3,2,1,5,si,1926,buono,F,centralizzato,sud,0,no,no,nessuno,si,260,10,435000
IMM-01265,Napoli,periferia,11.8,677,villetta,95,4,2,0,3,no,1966,buono,F,autonomo,nord,2,si,si,box,no,24,3,172000
IMM-01266,Torino,centro,1.4,294,appartamento,123,6,3,3,3,no,1917,da_ristrutturare,G,autonomo,ovest,1,no,no,posto_auto,no,201,4,247000
IMM-01267,Milano,centro,0.9,344,appartamento,76,2,2,5,7,si,1958,ristrutturato,E,autonomo,est,2,no,no,nessuno,si,208,1,638000
IMM-01268,Palermo,semicentro,5.8,412,appartamento,68,2,1,7,9,si,2012,da_ristrutturare,C,centralizzato,sud,2,no,no,nessuno,no,151,5,69000
IMM-01269,Firenze,periferia,9.7,300,appartamento,39,2,1,0,3,si,1963,da_ristrutturare,G,autonomo,ovest,1,si,no,box,si,114,7,94000
IMM-01270,Roma,semicentro,5.9,1057,appartamento,81,2,2,0,9,si,2009,buono,B,autonomo,sud,1,no,no,nessuno,si,136,4,230000
IMM-01271,Firenze,periferia,9.5,1020,appartamento,84,3,2,7,9,si,2010,buono,C,autonomo,nord,1,no,no,box,si,125,10,216000
IMM-01272,Napoli,periferia,8.3,2547,appartamento,81,3,2,9,9,si,1998,buono,E,autonomo,doppia,1,no,no,box,si,105,8,152000
IMM-01273,Torino,centro,0.6,238,appartamento,79,3,2,0,7,no,1915,ristrutturato,E,autonomo,nord,0,no,no,nessuno,si,113,4,222000
IMM-01274,Torino,semicentro,6.0,1181,appartamento,75,3,2,7,9,si,2005,buono,D,centralizzato,est,1,no,no,nessuno,no,163,2,155000
IMM-01275,Bologna,semicentro,3.2,658,appartamento,95,3,2,0,4,no,1948,da_ristrutturare,E,centralizzato,nord,1,no,si,box,si,105,3,227000
IMM-01276,Bologna,periferia,11.2,682,villetta,180,7,3,0,2,no,1931,ristrutturato,E,autonomo,doppia,1,si,si,box,no,6,3,414000
IMM-01277,Firenze,semicentro,4.6,1785,appartamento,49,2,1,4,7,no,1939,buono,G,centralizzato,nord,0,no,no,nessuno,no,124,5,142000
IMM-01278,Genova,periferia,10.2,727,appartamento,73,2,2,0,4,no,1966,da_ristrutturare,F,centralizzato,doppia,0,no,si,nessuno,no,167,5,57000
IMM-01279,Napoli,semicentro,3.4,478,appartamento,74,2,2,1,5,si,2022,nuovo,A,centralizzato,ovest,2,no,no,nessuno,si,210,6,260000
IMM-01280,Torino,semicentro,3.5,639,appartamento,131,4,1,6,9,si,1913,buono,F,centralizzato,sud,0,no,no,nessuno,si,257,10,247000
IMM-01281,Roma,semicentro,3.9,557,appartamento,81,3,2,7,9,si,1998,ristrutturato,B,centralizzato,ovest,1,no,no,nessuno,si,227,4,291000
IMM-01282,Roma,semicentro,5.2,417,appartamento,89,2,2,6,6,si,1973,ristrutturato,D,autonomo,doppia,2,no,no,posto_auto,si,171,8,343000
IMM-01283,Napoli,periferia,13.0,2937,villetta,215,7,3,0,2,no,1989,ristrutturato,D,autonomo,doppia,1,no,si,box,no,14,3,373000
IMM-01284,Padova,periferia,12.6,2718,attico,121,3,2,9,9,no,1915,ristrutturato,F,autonomo,doppia,1,si,no,box,no,165,2,158000
IMM-01285,Roma,periferia,6.8,843,appartamento,79,3,2,9,10,si,1976,buono,E,centralizzato,sud,2,si,no,posto_auto,no,185,10,174000
IMM-01286,Torino,centro,0.8,375,appartamento,51,2,1,2,6,si,1965,buono,G,autonomo,nord,1,no,no,posto_auto,si,148,3,143000
IMM-01287,Roma,semicentro,5.1,463,appartamento,154,5,3,5,5,si,1970,ristrutturato,E,centralizzato,nord,1,no,no,nessuno,si,290,10,482000
IMM-01288,Bari,semicentro,5.9,341,appartamento,86,2,2,0,7,si,1997,buono,D,autonomo,sud,1,no,no,box,no,206,7,164000
IMM-01289,Milano,semicentro,3.4,393,appartamento,141,5,3,2,9,no,1973,buono,F,autonomo,sud,1,no,no,posto_auto,no,246,11,538000
IMM-01290,Bologna,periferia,7.9,2270,appartamento,78,4,2,7,10,si,2000,buono,C,centralizzato,est,1,si,no,box,si,210,7,198000
IMM-01291,Bologna,semicentro,3.5,1511,appartamento,64,1,1,1,4,no,1948,buono,G,autonomo,doppia,1,no,no,box,no,120,10,212000
IMM-01292,Torino,centro,1.2,273,appartamento,72,4,2,2,5,si,1944,buono,G,autonomo,doppia,0,si,no,posto_auto,no,172,8,189000
IMM-01293,Milano,centro,0.6,185,appartamento,45,2,1,1,3,no,2012,da_ristrutturare,C,autonomo,nord,2,no,no,nessuno,no,87,4,304000
IMM-01294,Firenze,centro,0.2,119,appartamento,67,2,1,3,4,si,1941,buono,E,centralizzato,sud,0,no,no,nessuno,si,226,7,354000
IMM-01295,Torino,semicentro,4.8,736,appartamento,85,3,2,5,6,si,1988,ristrutturato,E,autonomo,sud,2,no,no,nessuno,si,153,8,182000
IMM-01296,Milano,centro,0.4,354,appartamento,64,3,1,4,7,si,1958,da_ristrutturare,E,autonomo,nord,1,no,no,nessuno,no,143,9,289000
IMM-01297,Torino,periferia,8.6,996,appartamento,94,3,2,0,2,no,1926,da_ristrutturare,F,autonomo,doppia,0,no,no,nessuno,si,146,7,76000
IMM-01298,Roma,semicentro,2.8,1607,appartamento,85,3,1,6,8,si,1940,buono,F,autonomo,nord,0,no,no,nessuno,si,200,11,242000
IMM-01299,Napoli,periferia,14.3,2204,villetta,178,6,3,0,2,no,1989,buono,E,autonomo,doppia,0,no,si,box,si,23,9,304000
IMM-01300,Padova,periferia,6.1,2665,appartamento,86,4,3,3,5,si,2015,ristrutturato,B,autonomo,ovest,2,no,no,box,no,175,9,164000
IMM-01301,Milano,centro,1.8,179,appartamento,62,3,1,3,5,si,1953,buono,F,autonomo,nord,0,no,no,box,si,126,7,547000
IMM-01302,Roma,semicentro,5.3,654,appartamento,118,4,2,3,6,si,1965,buono,E,centralizzato,doppia,1,no,no,nessuno,si,243,2,307000
IMM-01303,Napoli,semicentro,5.2,552,appartamento,75,3,2,2,7,si,1974,ristrutturato,E,autonomo,doppia,1,no,no,nessuno,no,187,1,206000
IMM-01304,Milano,centro,0.7,468,appartamento,91,3,2,4,6,no,1906,da_ristrutturare,F,centralizzato,est,1,no,no,nessuno,si,178,3,429000
IMM-01305,Palermo,semicentro,4.9,659,attico,134,5,2,6,6,si,2010,buono,B,centralizzato,ovest,2,si,no,nessuno,si,267,6,218000
IMM-01306,Firenze,periferia,13.3,527,appartamento,102,3,2,1,8,si,1986,buono,F,autonomo,nord,2,no,no,nessuno,si,206,2,179000
IMM-01307,Napoli,semicentro,2.9,154,appartamento,115,4,2,0,3,si,1983,ristrutturato,D,autonomo,doppia,2,no,no,posto_auto,no,254,9,281000
IMM-01308,Milano,periferia,12.5,1463,appartamento,97,3,2,3,10,no,1959,da_ristrutturare,E,centralizzato,ovest,1,no,no,posto_auto,si,196,2,181000
IMM-01309,Roma,semicentro,5.0,484,attico,119,4,2,9,9,no,1975,ristrutturato,D,autonomo,nord,1,si,no,nessuno,no,190,10,280000
IMM-01310,Roma,centro,1.3,775,appartamento,94,3,2,4,5,no,1962,buono,D,autonomo,doppia,0,no,no,nessuno,si,189,8,357000
IMM-01311,Padova,periferia,7.0,703,villetta,171,7,4,0,2,no,1956,ristrutturato,E,autonomo,ovest,0,no,si,box,no,32,4,263000
IMM-01312,Padova,periferia,14.7,581,villetta,181,7,3,0,3,no,2000,buono,C,autonomo,est,1,si,si,box,no,22,4,272000
IMM-01313,Roma,semicentro,3.4,1372,appartamento,65,4,1,7,7,si,1976,buono,E,centralizzato,sud,2,no,no,posto_auto,si,159,7,240000
IMM-01314,Roma,periferia,7.4,5000,appartamento,54,2,1,2,2,no,2018,nuovo,A,autonomo,nord,2,no,no,box,no,68,2,141000
IMM-01315,Torino,periferia,9.4,984,appartamento,61,3,1,9,11,si,1962,buono,F,centralizzato,doppia,2,si,no,nessuno,si,177,8,87000
IMM-01316,Roma,centro,0.8,344,attico,139,6,2,7,7,no,1943,da_ristrutturare,E,autonomo,nord,2,si,no,nessuno,si,233,10,488000
IMM-01317,Torino,semicentro,4.9,1069,appartamento,84,3,2,4,5,si,1927,buono,F,centralizzato,sud,0,no,no,box,si,168,11,185000
IMM-01318,Milano,semicentro,4.4,323,appartamento,45,2,1,0,3,no,1939,buono,G,centralizzato,est,1,no,no,nessuno,no,64,8,210000
IMM-01319,Milano,periferia,6.8,1118,appartamento,78,3,2,5,5,no,1948,buono,F,autonomo,ovest,1,no,no,posto_auto,si,112,7,172000
IMM-01320,Palermo,centro,0.6,130,appartamento,101,4,2,5,5,si,1967,ristrutturato,D,centralizzato,doppia,1,no,no,nessuno,si,221,9,234000
IMM-01321,Roma,centro,1.0,180,appartamento,48,2,1,0,3,no,1989,da_ristrutturare,D,autonomo,ovest,2,si,no,box,si,100,3,213000
IMM-01322,Milano,centro,1.9,334,appartamento,91,3,2,5,7,si,1924,buono,F,autonomo,sud,1,no,no,nessuno,no,190,1,639000
IMM-01323,Roma,semicentro,5.3,955,appartamento,60,2,1,3,3,no,1986,da_ristrutturare,F,autonomo,ovest,1,no,no,nessuno,si,143,6,122000
IMM-01324,Roma,periferia,13.6,395,villetta,196,8,3,0,2,no,2021,nuovo,A,autonomo,nord,1,si,si,box,no,20,9,593000
IMM-01325,Napoli,semicentro,5.5,585,appartamento,55,2,1,1,7,si,2000,buono,E,autonomo,doppia,2,no,no,nessuno,no,141,1,114000
IMM-01326,Torino,semicentro,2.3,435,appartamento,111,4,2,5,9,si,2008,buono,E,autonomo,doppia,1,no,no,nessuno,no,214,9,211000
IMM-01327,Firenze,periferia,7.0,666,villetta,90,3,1,0,3,no,1946,buono,F,autonomo,nord,1,si,si,nessuno,si,15,2,234000
IMM-01328,Bologna,semicentro,3.0,648,appartamento,96,3,2,5,8,si,2019,nuovo,A,autonomo,doppia,1,no,no,box,si,206,8,466000
IMM-01329,Roma,centro,1.0,337,appartamento,73,2,2,5,5,si,1997,buono,D,autonomo,sud,0,no,no,nessuno,no,159,1,437000
IMM-01330,Torino,periferia,7.6,385,appartamento,53,2,1,4,7,si,1982,buono,D,centralizzato,ovest,1,no,no,box,no,113,2,96000
IMM-01331,Milano,centro,1.0,295,appartamento,46,2,1,1,4,si,1906,da_ristrutturare,G,centralizzato,sud,0,no,no,nessuno,si,157,12,221000
IMM-01332,Firenze,semicentro,2.3,196,appartamento,63,3,1,3,8,si,1968,buono,E,autonomo,doppia,1,no,no,nessuno,si,136,6,241000
IMM-01333,Bari,centro,1.1,121,appartamento,60,3,1,3,5,no,1924,da_ristrutturare,F,autonomo,sud,3,no,no,nessuno,si,111,4,143000
IMM-01334,Milano,periferia,10.2,3243,appartamento,123,4,2,3,9,si,2025,nuovo,A,autonomo,nord,1,no,no,box,si,254,6,435000
IMM-01335,Bari,centro,1.7,623,appartamento,113,3,3,1,6,si,1903,buono,G,autonomo,nord,0,no,no,nessuno,si,240,4,233000
IMM-01336,Torino,centro,1.3,237,appartamento,54,2,1,5,6,si,2017,nuovo,A,autonomo,doppia,1,no,no,posto_auto,no,153,10,245000
IMM-01337,Milano,periferia,14.6,818,attico,129,6,2,11,11,si,1949,da_ristrutturare,G,centralizzato,ovest,2,si,no,posto_auto,si,245,2,286000
IMM-01338,Milano,semicentro,5.6,594,appartamento,62,3,1,0,5,no,1947,ristrutturato,F,autonomo,est,1,no,si,nessuno,si,137,11,280000
IMM-01339,Napoli,semicentro,3.7,1110,appartamento,78,2,2,4,4,si,1977,ristrutturato,C,autonomo,est,2,no,no,posto_auto,si,134,7,237000
IMM-01340,Roma,semicentro,4.0,1215,appartamento,77,3,2,2,5,si,1962,buono,F,centralizzato,doppia,1,no,no,nessuno,si,196,12,207000
IMM-01341,Roma,semicentro,5.7,513,attico,133,6,2,6,6,si,1964,ristrutturato,D,centralizzato,ovest,1,si,no,nessuno,si,295,5,441000
IMM-01342,Bologna,semicentro,4.0,390,appartamento,116,5,2,0,6,no,1970,ristrutturato,E,autonomo,nord,1,no,si,nessuno,si,161,4,375000
IMM-01343,Milano,centro,0.8,368,appartamento,82,3,2,5,6,si,1927,da_ristrutturare,F,autonomo,sud,1,no,no,nessuno,si,199,4,454000
IMM-01344,Firenze,periferia,8.5,717,appartamento,77,3,2,4,5,si,2014,ristrutturato,B,autonomo,doppia,2,no,no,box,no,156,5,308000
IMM-01345,Firenze,centro,0.3,255,attico,196,6,2,5,5,si,1913,buono,G,centralizzato,nord,0,si,no,nessuno,no,299,7,1170000
IMM-01346,Bari,centro,1.1,367,appartamento,142,5,3,4,6,si,1972,buono,F,centralizzato,doppia,0,no,no,nessuno,si,251,2,353000
IMM-01347,Genova,semicentro,5.3,680,appartamento,74,3,2,2,4,no,1932,buono,G,centralizzato,doppia,0,no,no,nessuno,no,162,4,108000
IMM-01348,Palermo,periferia,14.4,4884,appartamento,65,1,1,2,2,si,2012,buono,A,centralizzato,nord,2,no,no,nessuno,si,137,4,51000
IMM-01349,Palermo,semicentro,4.8,395,appartamento,113,4,2,1,5,si,2002,ristrutturato,B,autonomo,sud,1,no,no,nessuno,si,166,9,167000
IMM-01350,Torino,semicentro,2.3,634,villetta,192,6,3,0,2,no,1968,ristrutturato,E,autonomo,sud,1,no,si,posto_auto,si,5,10,382000
IMM-01351,Bologna,centro,1.0,292,appartamento,76,3,2,5,6,si,1917,ristrutturato,E,centralizzato,nord,0,si,no,nessuno,si,169,2,418000
IMM-01352,Firenze,semicentro,4.9,566,appartamento,83,4,2,4,5,si,1949,ristrutturato,D,centralizzato,est,2,no,no,box,no,148,9,335000
IMM-01353,Milano,semicentro,5.0,419,appartamento,67,3,1,7,9,si,1990,da_ristrutturare,D,autonomo,nord,1,no,no,nessuno,no,108,11,287000
IMM-01354,Bari,periferia,13.3,600,appartamento,79,4,2,6,11,si,2007,da_ristrutturare,B,autonomo,doppia,1,no,no,box,no,166,4,105000
IMM-01355,Milano,centro,0.7,406,appartamento,73,3,2,3,6,no,1938,ristrutturato,D,autonomo,nord,0,no,no,posto_auto,si,112,9,533000
IMM-01356,Napoli,centro,0.6,282,appartamento,72,3,2,2,6,si,1901,da_ristrutturare,G,autonomo,nord,1,no,no,nessuno,si,168,11,231000
IMM-01357,Milano,periferia,6.3,1084,appartamento,79,2,2,1,9,si,2019,nuovo,A,centralizzato,sud,1,no,no,box,no,167,4,397000
IMM-01358,Palermo,semicentro,4.9,1363,appartamento,39,1,1,1,6,si,2020,nuovo,A,autonomo,sud,1,no,no,posto_auto,si,141,2,86000
IMM-01359,Palermo,centro,1.3,382,appartamento,77,3,2,5,6,no,1909,da_ristrutturare,F,centralizzato,doppia,0,no,no,nessuno,si,172,11,88000
IMM-01360,Torino,semicentro,4.0,650,appartamento,74,3,1,5,8,si,1970,buono,E,autonomo,est,3,no,no,nessuno,si,181,7,108000
IMM-01361,Torino,centro,1.1,380,appartamento,106,3,2,0,3,no,2010,buono,B,centralizzato,doppia,2,no,si,posto_auto,si,188,10,373000
IMM-01362,Firenze,periferia,9.4,1175,appartamento,193,6,3,8,8,si,2012,da_ristrutturare,C,centralizzato,doppia,1,no,no,posto_auto,no,310,7,414000
IMM-01363,Roma,periferia,8.3,4243,appartamento,183,6,3,0,10,si,2021,nuovo,A,autonomo,doppia,1,no,no,nessuno,no,296,2,349000
IMM-01364,Torino,semicentro,5.3,523,attico,162,5,3,4,4,no,1973,ristrutturato,C,autonomo,sud,1,si,no,nessuno,no,220,6,268000
IMM-01365,Roma,semicentro,4.8,170,appartamento,109,4,2,0,9,no,1954,ristrutturato,E,autonomo,est,2,no,no,box,no,196,1,411000
IMM-01366,Roma,periferia,12.9,1504,appartamento,57,2,1,4,5,si,1986,buono,F,autonomo,sud,2,no,no,nessuno,si,125,4,119000
IMM-01367,Milano,centro,1.3,361,appartamento,71,1,2,6,6,no,1948,buono,F,autonomo,est,2,no,no,nessuno,si,85,4,439000
IMM-01368,Firenze,periferia,7.4,641,appartamento,57,3,2,0,2,no,1987,buono,G,autonomo,doppia,2,si,no,box,no,97,4,153000
IMM-01369,Torino,centro,1.5,433,appartamento,52,3,1,3,4,no,1928,ristrutturato,E,centralizzato,sud,1,no,no,nessuno,si,94,10,128000
IMM-01370,Milano,periferia,13.7,815,appartamento,126,6,2,0,3,no,2008,buono,D,centralizzato,est,1,no,si,box,no,178,8,470000
IMM-01371,Genova,semicentro,2.7,714,attico,90,4,2,8,8,si,1976,ristrutturato,D,centralizzato,est,1,si,no,nessuno,no,158,9,258000
IMM-01372,Bologna,periferia,14.0,5000,villetta,137,6,3,0,2,no,2016,nuovo,A,autonomo,ovest,1,no,si,box,si,8,9,323000
IMM-01373,Milano,semicentro,2.6,1162,attico,98,3,2,8,8,si,2002,buono,C,centralizzato,est,2,si,si,nessuno,si,214,8,671000
IMM-01374,Roma,periferia,13.4,354,appartamento,116,4,2,0,3,si,2020,nuovo,A,autonomo,nord,1,no,no,box,si,136,9,244000
IMM-01375,Torino,semicentro,2.4,416,appartamento,71,3,2,2,6,si,1980,buono,E,autonomo,sud,2,no,no,box,si,127,2,132000
IMM-01376,Napoli,periferia,9.1,1100,appartamento,84,3,3,3,3,no,2011,ristrutturato,B,autonomo,nord,1,no,si,box,si,157,10,170000
IMM-01377,Padova,centro,0.8,324,appartamento,48,1,1,1,6,no,1939,da_ristrutturare,F,autonomo,doppia,1,no,no,nessuno,si,114,2,141000
IMM-01378,Torino,semicentro,2.4,270,attico,94,2,2,6,6,si,1938,ristrutturato,E,centralizzato,ovest,1,si,no,box,si,215,8,257000
IMM-01379,Roma,semicentro,5.8,268,appartamento,68,3,1,0,3,no,1979,buono,E,autonomo,est,1,no,no,nessuno,no,136,7,172000
IMM-01380,Bari,centro,1.4,146,appartamento,73,2,2,2,3,no,1903,buono,F,autonomo,est,0,no,no,nessuno,si,133,10,229000
IMM-01381,Milano,semicentro,2.7,218,appartamento,112,4,2,1,3,no,1952,buono,F,autonomo,doppia,2,si,no,box,si,197,10,534000
IMM-01382,Roma,centro,0.5,1070,appartamento,73,3,3,1,3,si,2012,buono,D,centralizzato,doppia,2,no,no,nessuno,si,219,3,341000
IMM-01383,Firenze,centro,0.9,437,appartamento,56,3,2,4,5,si,1990,buono,G,autonomo,ovest,2,no,no,nessuno,no,162,1,270000
IMM-01384,Genova,centro,1.9,919,appartamento,85,3,2,2,6,no,1917,buono,G,centralizzato,sud,0,no,no,nessuno,no,88,4,184000
IMM-01385,Milano,semicentro,5.7,615,appartamento,103,4,2,0,3,si,2015,ristrutturato,B,autonomo,nord,1,no,no,box,no,192,4,563000
IMM-01386,Torino,periferia,10.7,1349,attico,82,2,2,5,5,si,2000,buono,D,centralizzato,est,2,si,no,box,no,181,10,140000
IMM-01387,Roma,periferia,12.7,5000,appartamento,111,4,3,7,8,si,2022,buono,A,autonomo,doppia,1,no,no,posto_auto,si,220,9,172000
IMM-01388,Roma,centro,2.0,472,appartamento,130,5,2,1,7,no,1948,buono,G,autonomo,sud,3,no,no,nessuno,no,189,2,516000
IMM-01389,Torino,centro,1.7,503,appartamento,152,5,3,0,6,si,2018,buono,A,autonomo,nord,0,no,no,nessuno,no,252,5,353000
IMM-01390,Padova,semicentro,4.9,125,appartamento,64,2,1,0,6,no,1902,ristrutturato,E,centralizzato,sud,2,no,no,nessuno,si,121,12,172000
IMM-01391,Bari,periferia,6.2,3493,appartamento,75,3,2,0,7,no,1919,buono,F,autonomo,est,0,no,si,box,si,111,10,102000
IMM-01392,Bari,semicentro,5.8,791,appartamento,46,1,1,1,3,no,1990,da_ristrutturare,D,autonomo,sud,1,no,no,posto_auto,no,103,2,72000
IMM-01393,Genova,centro,1.3,668,appartamento,140,5,3,3,3,no,1932,da_ristrutturare,G,centralizzato,doppia,2,no,no,nessuno,si,216,1,220000
IMM-01394,Bari,periferia,11.5,726,appartamento,160,6,3,0,3,no,1972,buono,G,autonomo,doppia,1,no,si,nessuno,si,245,5,159000
IMM-01395,Torino,centro,1.5,522,appartamento,140,5,2,1,6,si,1953,ristrutturato,C,autonomo,ovest,2,no,no,nessuno,si,230,9,371000
IMM-01396,Napoli,semicentro,2.9,3304,appartamento,100,4,2,1,9,si,2016,nuovo,A,centralizzato,est,1,no,no,box,si,205,10,330000
IMM-01397,Padova,semicentro,2.8,280,appartamento,99,3,2,3,9,si,1918,buono,F,autonomo,ovest,0,no,no,box,no,190,9,213000
IMM-01398,Firenze,periferia,13.4,563,appartamento,82,2,1,3,11,si,1958,da_ristrutturare,E,centralizzato,sud,1,no,no,box,si,173,7,163000
IMM-01399,Napoli,periferia,7.8,1654,villetta,196,7,3,0,2,no,1992,buono,E,autonomo,doppia,1,no,si,box,si,25,12,280000
IMM-01400,Milano,centro,1.0,184,appartamento,59,2,2,2,4,si,1917,buono,G,autonomo,nord,1,no,no,nessuno,si,234,6,416000
IMM-01401,Napoli,periferia,10.0,351,appartamento,56,2,1,4,7,si,2003,ristrutturato,A,centralizzato,sud,1,no,no,box,si,201,1,142000
IMM-01402,Bologna,centro,1.4,393,appartamento,45,2,1,1,6,no,1942,buono,G,centralizzato,doppia,0,no,no,nessuno,no,166,9,173000
IMM-01403,Genova,periferia,9.9,2714,appartamento,70,3,1,5,5,si,2012,ristrutturato,B,centralizzato,sud,1,no,no,nessuno,no,130,7,79000
IMM-01404,Padova,periferia,9.1,1115,villetta,191,7,2,0,3,no,1976,ristrutturato,C,autonomo,doppia,0,no,si,box,si,0,3,382000
IMM-01405,Genova,semicentro,2.3,464,appartamento,48,2,1,3,5,si,2017,nuovo,A,autonomo,doppia,2,no,no,nessuno,no,129,2,117000
IMM-01406,Bologna,periferia,7.5,233,villetta,105,5,2,0,3,no,2023,nuovo,A,autonomo,doppia,1,si,si,nessuno,no,2,12,440000
IMM-01407,Milano,semicentro,3.1,405,appartamento,165,5,3,5,7,si,1983,ristrutturato,C,centralizzato,sud,1,no,no,posto_auto,si,234,6,936000
IMM-01408,Palermo,centro,1.4,289,attico,108,3,2,7,7,no,1969,ristrutturato,E,centralizzato,ovest,2,si,no,box,si,235,10,189000
IMM-01409,Milano,centro,0.5,611,appartamento,89,4,2,5,7,si,1952,buono,E,centralizzato,doppia,1,no,no,nessuno,si,188,9,548000
IMM-01410,Milano,semicentro,5.9,1440,appartamento,126,5,2,3,6,si,1983,buono,E,centralizzato,sud,2,no,no,nessuno,no,243,9,584000
IMM-01411,Torino,periferia,9.4,852,villetta,157,6,3,0,3,no,2010,ristrutturato,B,autonomo,nord,2,si,no,posto_auto,si,6,11,225000
IMM-01412,Firenze,semicentro,4.3,542,appartamento,74,3,2,6,8,no,1949,buono,F,centralizzato,nord,2,no,no,nessuno,si,91,12,175000
IMM-01413,Firenze,semicentro,2.2,561,appartamento,59,3,1,3,7,no,1962,ristrutturato,F,centralizzato,ovest,3,no,no,nessuno,no,113,4,208000
IMM-01414,Milano,periferia,14.1,634,appartamento,55,2,1,5,6,si,1988,ristrutturato,C,centralizzato,ovest,2,no,no,nessuno,no,169,8,176000
IMM-01415,Genova,periferia,9.2,737,appartamento,46,1,1,6,11,si,2012,buono,D,autonomo,ovest,2,no,no,box,no,129,8,72000
IMM-01416,Roma,semicentro,4.7,644,appartamento,109,4,2,0,7,si,1905,buono,G,centralizzato,doppia,0,no,no,nessuno,no,233,4,277000
IMM-01417,Roma,semicentro,3.6,311,villetta,126,5,3,0,2,no,1947,buono,G,autonomo,est,0,no,si,box,no,34,12,409000
IMM-01418,Milano,centro,1.6,454,attico,127,5,2,5,5,no,1914,buono,F,centralizzato,doppia,0,si,no,nessuno,si,220,1,801000
IMM-01419,Roma,periferia,9.2,559,villetta,183,6,3,0,2,no,1970,ristrutturato,D,autonomo,nord,0,no,si,box,si,31,6,385000
IMM-01420,Napoli,centro,1.9,359,appartamento,62,1,2,0,3,si,2008,buono,D,autonomo,nord,1,no,si,nessuno,no,119,1,230000
IMM-01421,Milano,semicentro,2.7,1126,appartamento,84,3,2,2,6,si,1977,buono,E,centralizzato,est,1,no,no,nessuno,no,151,1,396000
IMM-01422,Napoli,semicentro,4.1,275,appartamento,76,3,2,4,4,no,1971,ristrutturato,D,autonomo,ovest,1,no,no,box,si,159,11,163000
IMM-01423,Genova,semicentro,4.4,312,appartamento,100,4,1,8,8,no,1971,buono,E,centralizzato,sud,3,no,no,posto_auto,si,146,11,116000
IMM-01424,Genova,semicentro,2.9,278,attico,163,6,3,5,5,no,1931,da_ristrutturare,E,centralizzato,sud,0,si,no,nessuno,si,251,4,172000
IMM-01425,Roma,centro,0.6,229,appartamento,66,4,1,0,4,si,1972,ristrutturato,D,centralizzato,doppia,1,no,no,nessuno,si,183,9,313000
IMM-01426,Bologna,centro,1.3,883,attico,132,5,3,6,6,si,1955,buono,E,centralizzato,sud,0,si,no,nessuno,no,298,5,606000
IMM-01427,Napoli,periferia,12.3,627,appartamento,97,3,2,5,9,si,1989,ristrutturato,E,autonomo,est,1,no,no,nessuno,si,192,4,159000
IMM-01428,Firenze,semicentro,5.4,198,appartamento,78,3,1,0,6,si,1974,buono,G,centralizzato,doppia,3,no,no,posto_auto,si,224,6,261000
IMM-01429,Roma,semicentro,2.9,461,appartamento,54,3,1,2,5,no,1972,buono,F,centralizzato,doppia,2,no,no,box,no,97,3,194000
IMM-01430,Bari,periferia,11.0,1226,appartamento,79,3,2,3,5,si,2011,da_ristrutturare,B,centralizzato,sud,2,no,no,posto_auto,no,155,11,80000
IMM-01431,Roma,periferia,13.4,1254,appartamento,121,5,2,6,11,si,1950,buono,F,centralizzato,doppia,1,no,no,nessuno,si,258,8,194000
IMM-01432,Roma,semicentro,2.2,277,attico,171,6,3,3,3,no,1903,ristrutturato,F,autonomo,nord,1,si,no,nessuno,si,242,11,550000
IMM-01433,Firenze,semicentro,2.9,603,attico,92,4,2,8,8,si,2021,nuovo,A,autonomo,nord,1,si,no,posto_auto,si,202,11,574000
IMM-01434,Bologna,semicentro,5.1,683,attico,86,3,2,8,8,no,1967,buono,G,autonomo,ovest,2,si,no,nessuno,si,130,2,356000
IMM-01435,Milano,centro,0.4,275,appartamento,69,2,1,5,7,si,2006,buono,C,autonomo,est,1,si,no,nessuno,si,139,3,559000
IMM-01436,Bari,centro,1.3,537,appartamento,158,5,4,2,7,si,1957,buono,G,autonomo,nord,2,no,no,nessuno,si,228,4,351000
IMM-01437,Roma,periferia,9.8,771,appartamento,141,4,3,1,3,si,1991,buono,E,autonomo,ovest,2,si,no,box,si,254,12,275000
IMM-01438,Padova,periferia,11.3,643,appartamento,78,3,2,3,4,si,1969,buono,E,centralizzato,est,3,no,no,box,no,176,6,122000
IMM-01439,Napoli,semicentro,3.8,701,appartamento,69,2,1,0,7,si,2024,nuovo,A,autonomo,doppia,1,no,si,nessuno,si,147,9,247000
IMM-01440,Roma,semicentro,4.5,532,appartamento,91,3,2,1,9,si,1957,buono,F,centralizzato,est,2,no,no,nessuno,si,231,7,207000
IMM-01441,Roma,periferia,6.9,1047,appartamento,63,2,1,3,5,no,1949,da_ristrutturare,F,centralizzato,sud,3,no,no,nessuno,si,123,10,95000
IMM-01442,Roma,semicentro,4.9,454,attico,184,7,3,3,3,si,2008,ristrutturato,B,centralizzato,doppia,2,si,no,nessuno,no,309,10,755000
IMM-01443,Roma,periferia,14.4,2640,appartamento,80,2,2,4,5,si,1946,ristrutturato,C,autonomo,est,2,no,no,nessuno,si,135,8,159000
IMM-01444,Genova,semicentro,2.2,802,appartamento,62,2,1,2,5,no,1927,buono,F,centralizzato,est,0,no,no,posto_auto,no,140,8,122000
IMM-01445,Firenze,periferia,6.3,278,villetta,107,4,2,0,2,no,2001,buono,C,autonomo,est,2,no,no,box,no,0,12,353000
IMM-01446,Bologna,centro,1.4,194,appartamento,59,3,2,0,4,si,1903,da_ristrutturare,G,centralizzato,est,2,no,no,nessuno,si,190,3,188000
IMM-01447,Napoli,semicentro,4.1,228,appartamento,107,4,2,3,8,si,2020,nuovo,A,centralizzato,nord,1,no,no,nessuno,no,242,4,319000
IMM-01448,Palermo,periferia,10.6,5000,appartamento,64,2,1,1,7,si,2022,nuovo,A,autonomo,doppia,1,no,no,posto_auto,si,176,9,78000
IMM-01449,Padova,periferia,10.2,419,appartamento,106,4,2,1,2,no,2017,nuovo,A,autonomo,est,0,si,no,nessuno,si,167,12,210000
IMM-01450,Bologna,centro,0.4,274,appartamento,77,2,2,4,4,si,1946,buono,E,centralizzato,nord,0,no,no,nessuno,si,208,2,365000
IMM-01451,Genova,periferia,12.7,1139,appartamento,81,3,2,2,2,no,1978,buono,D,autonomo,nord,1,no,no,nessuno,no,141,4,68000
IMM-01452,Milano,periferia,9.6,771,villetta,154,5,3,0,2,no,1993,buono,F,autonomo,sud,1,no,si,box,si,0,7,457000
IMM-01453,Padova,periferia,7.0,888,appartamento,60,2,2,4,10,si,1993,buono,E,autonomo,nord,1,si,no,posto_auto,no,163,8,83000
IMM-01454,Torino,periferia,9.6,423,appartamento,84,3,1,8,9,si,1961,buono,G,autonomo,doppia,1,no,no,box,si,157,9,119000
IMM-01455,Palermo,semicentro,4.2,1322,appartamento,65,3,1,2,8,si,2016,nuovo,B,autonomo,est,1,no,no,nessuno,si,134,8,133000
IMM-01456,Palermo,periferia,12.8,1902,appartamento,63,3,1,4,11,si,1966,ristrutturato,E,autonomo,est,0,no,no,posto_auto,no,111,7,56000
IMM-01457,Firenze,semicentro,3.6,156,appartamento,71,3,1,4,8,si,1955,buono,E,centralizzato,nord,0,no,no,nessuno,no,206,12,218000
IMM-01458,Milano,semicentro,4.7,1374,appartamento,83,2,2,3,8,si,1977,ristrutturato,D,centralizzato,nord,2,no,no,nessuno,si,202,10,378000
IMM-01459,Padova,centro,1.6,319,appartamento,78,3,2,2,5,si,2024,nuovo,A,autonomo,sud,0,no,no,nessuno,si,181,6,338000
IMM-01460,Milano,periferia,7.2,358,appartamento,85,3,2,5,8,si,1994,buono,D,autonomo,ovest,1,no,no,posto_auto,no,151,8,304000
IMM-01461,Firenze,semicentro,4.7,936,appartamento,77,3,2,4,7,si,1991,buono,D,autonomo,ovest,2,si,no,box,si,165,3,314000
IMM-01462,Bologna,semicentro,2.3,258,appartamento,71,4,3,6,8,no,1941,da_ristrutturare,G,centralizzato,sud,1,no,no,nessuno,no,206,12,111000
IMM-01463,Napoli,semicentro,4.4,258,appartamento,75,2,2,5,5,si,1947,ristrutturato,D,autonomo,est,0,no,no,nessuno,no,126,9,189000
IMM-01464,Palermo,centro,1.3,176,appartamento,67,3,1,0,3,no,1961,da_ristrutturare,E,autonomo,doppia,1,no,no,nessuno,si,127,6,122000
IMM-01465,Padova,periferia,7.1,886,appartamento,65,3,1,1,5,no,1950,buono,D,autonomo,doppia,1,no,no,box,si,114,2,105000
IMM-01466,Firenze,semicentro,4.7,492,appartamento,63,2,2,3,4,no,1973,da_ristrutturare,F,autonomo,sud,0,no,no,nessuno,no,134,9,152000
IMM-01467,Milano,centro,0.9,450,appartamento,132,5,2,2,3,no,1918,buono,F,centralizzato,doppia,0,no,no,nessuno,no,265,7,782000
IMM-01468,Roma,semicentro,3.2,616,appartamento,116,5,2,3,4,si,2001,da_ristrutturare,B,centralizzato,doppia,1,si,no,nessuno,si,226,2,285000
IMM-01469,Bologna,periferia,6.6,2771,appartamento,52,1,1,3,8,no,2009,ristrutturato,B,centralizzato,doppia,1,no,no,box,no,89,9,154000
IMM-01470,Milano,semicentro,5.2,514,appartamento,95,2,2,4,9,no,1959,da_ristrutturare,E,centralizzato,sud,3,no,no,nessuno,si,139,12,258000
IMM-01471,Milano,periferia,14.9,947,appartamento,114,4,2,0,3,no,1953,da_ristrutturare,G,autonomo,sud,2,no,no,nessuno,si,181,5,221000
IMM-01472,Torino,semicentro,5.6,178,appartamento,117,4,2,0,6,si,1953,buono,F,autonomo,sud,3,no,no,posto_auto,si,217,3,180000
IMM-01473,Milano,centro,0.5,557,appartamento,61,1,1,2,4,si,1961,buono,F,centralizzato,doppia,2,no,no,posto_auto,si,158,3,439000
IMM-01474,Genova,semicentro,2.3,1143,villetta,116,4,2,0,2,no,1986,da_ristrutturare,E,autonomo,nord,0,si,si,box,no,29,2,174000
IMM-01475,Roma,periferia,10.3,680,appartamento,63,2,1,6,10,no,1957,buono,G,centralizzato,doppia,2,no,no,box,no,134,2,104000
IMM-01476,Roma,periferia,13.0,1323,attico,143,5,3,9,9,si,1976,buono,D,centralizzato,nord,2,si,no,box,si,278,10,340000
IMM-01477,Napoli,centro,0.8,275,appartamento,89,3,2,0,7,no,1929,ristrutturato,C,centralizzato,sud,3,no,no,nessuno,si,163,9,477000
IMM-01478,Milano,semicentro,4.3,583,appartamento,68,4,1,1,5,si,2013,da_ristrutturare,C,autonomo,ovest,0,si,no,box,no,169,5,333000
IMM-01479,Milano,centro,1.9,447,appartamento,73,2,2,4,7,no,1925,buono,G,centralizzato,est,0,no,no,nessuno,no,148,7,459000
IMM-01480,Napoli,semicentro,5.1,501,appartamento,74,2,2,9,9,si,2014,buono,B,autonomo,est,3,no,no,box,si,93,4,261000
IMM-01481,Firenze,periferia,13.9,2010,villetta,127,4,2,0,3,no,1969,buono,F,autonomo,est,2,no,si,box,no,9,2,256000
IMM-01482,Genova,periferia,10.1,1389,appartamento,80,3,2,0,9,si,2023,nuovo,A,autonomo,doppia,1,no,si,box,si,165,9,149000
IMM-01483,Bari,centro,0.5,281,appartamento,131,5,2,2,7,si,1982,da_ristrutturare,D,autonomo,doppia,2,no,no,posto_auto,no,213,8,306000
IMM-01484,Milano,centro,2.0,377,attico,121,4,2,7,7,si,1923,ristrutturato,E,centralizzato,ovest,1,si,no,nessuno,no,249,2,1142000
IMM-01485,Bologna,semicentro,4.3,448,appartamento,117,5,2,2,5,no,1924,ristrutturato,D,autonomo,sud,0,no,no,nessuno,si,175,7,360000
IMM-01486,Padova,semicentro,3.1,549,appartamento,63,2,1,4,8,si,1961,buono,G,centralizzato,doppia,0,no,no,nessuno,si,220,11,123000
IMM-01487,Roma,centro,1.8,210,appartamento,66,1,1,3,7,no,1916,ristrutturato,E,centralizzato,doppia,1,si,no,nessuno,si,137,1,366000
IMM-01488,Padova,periferia,10.5,5000,appartamento,98,4,2,3,4,si,1993,ristrutturato,B,autonomo,doppia,2,no,no,box,si,178,2,135000
IMM-01489,Roma,centro,0.5,307,appartamento,62,2,1,0,4,no,1962,da_ristrutturare,G,autonomo,doppia,1,no,no,nessuno,no,131,5,255000
IMM-01490,Padova,semicentro,4.6,438,appartamento,56,2,1,1,9,no,1973,ristrutturato,D,centralizzato,est,3,no,no,box,si,165,12,109000
IMM-01491,Genova,semicentro,4.7,458,appartamento,61,2,1,3,8,si,2007,buono,B,autonomo,ovest,1,no,no,nessuno,no,167,7,112000
IMM-01492,Roma,periferia,11.1,1077,appartamento,81,3,3,5,5,si,2001,buono,D,autonomo,doppia,2,no,no,box,no,154,12,217000
IMM-01493,Torino,semicentro,2.7,207,attico,119,4,2,9,9,si,1960,buono,G,autonomo,est,0,si,no,posto_auto,si,231,9,250000
IMM-01494,Roma,periferia,9.3,311,appartamento,70,1,1,0,11,si,1984,ristrutturato,D,autonomo,sud,1,no,si,box,no,221,9,207000
IMM-01495,Firenze,semicentro,3.8,278,villetta,205,7,3,0,3,no,1986,da_ristrutturare,E,autonomo,nord,1,no,si,box,si,10,3,604000
IMM-01496,Napoli,periferia,13.1,3388,appartamento,60,2,1,6,8,no,2012,ristrutturato,A,centralizzato,nord,1,no,no,nessuno,no,154,7,67000
IMM-01497,Palermo,periferia,7.8,3318,villetta,192,6,4,0,2,no,1932,buono,G,autonomo,sud,2,no,si,box,si,26,11,155000
IMM-01498,Roma,periferia,9.6,5000,appartamento,169,7,3,1,6,si,1987,da_ristrutturare,D,centralizzato,est,1,no,no,nessuno,si,242,2,172000
IMM-01499,Torino,centro,1.7,264,appartamento,75,3,2,1,3,no,1960,buono,D,autonomo,nord,1,no,no,nessuno,si,104,9,180000
IMM-01500,Roma,semicentro,3.4,751,appartamento,78,3,2,5,5,si,1978,buono,D,centralizzato,ovest,1,no,no,box,no,159,1,248000
IMM-01501,Roma,semicentro,4.4,1593,appartamento,83,3,2,7,7,no,1997,da_ristrutturare,E,autonomo,sud,1,no,no,box,si,136,8,167000
IMM-01502,Roma,periferia,12.4,1417,villetta,179,7,3,0,2,no,1988,buono,E,autonomo,sud,1,si,si,box,si,13,4,395000
IMM-01503,Roma,semicentro,5.4,667,appartamento,82,3,2,5,9,si,1975,buono,F,autonomo,sud,2,no,no,posto_auto,no,175,3,258000
IMM-01504,Torino,periferia,9.0,619,villetta,149,5,3,0,2,no,2000,buono,C,autonomo,doppia,1,si,si,box,si,6,3,263000
IMM-01505,Napoli,periferia,10.0,704,appartamento,84,3,2,0,2,no,1949,ristrutturato,E,centralizzato,nord,2,no,si,box,no,159,1,159000
IMM-01506,Bari,semicentro,2.1,413,appartamento,71,3,3,0,8,si,2000,da_ristrutturare,B,autonomo,doppia,0,no,no,posto_auto,no,172,1,114000
IMM-01507,Roma,semicentro,4.8,931,appartamento,75,4,2,7,8,si,1954,ristrutturato,E,autonomo,nord,2,no,no,box,si,173,8,270000
IMM-01508,Firenze,centro,1.1,251,appartamento,88,3,2,2,7,no,1906,buono,F,centralizzato,sud,2,no,no,nessuno,si,188,1,539000
IMM-01509,Roma,semicentro,4.9,1261,appartamento,157,6,3,3,4,si,2020,buono,A,centralizzato,nord,2,no,no,box,si,327,12,502000
IMM-01510,Napoli,centro,0.4,377,appartamento,161,7,3,1,5,si,1988,ristrutturato,D,centralizzato,sud,2,no,no,nessuno,si,281,7,619000
IMM-01511,Torino,periferia,12.4,534,appartamento,56,1,1,3,11,no,1946,buono,G,centralizzato,ovest,2,no,no,nessuno,no,116,3,51000
IMM-01512,Bologna,periferia,12.3,1529,villetta,154,5,3,0,2,no,1994,buono,D,autonomo,doppia,0,si,si,nessuno,no,28,2,337000
IMM-01513,Torino,centro,0.7,238,appartamento,78,2,2,6,6,si,1910,buono,F,centralizzato,doppia,2,no,no,nessuno,si,184,7,227000
IMM-01514,Roma,semicentro,3.5,390,appartamento,58,3,1,2,5,si,2005,ristrutturato,B,autonomo,doppia,2,no,no,posto_auto,no,170,12,210000
IMM-01515,Roma,centro,1.2,157,appartamento,77,2,2,1,3,si,2016,nuovo,B,autonomo,nord,0,no,no,nessuno,no,168,5,410000
IMM-01516,Milano,periferia,14.4,909,appartamento,102,4,2,1,5,no,1949,buono,E,autonomo,sud,2,no,no,nessuno,si,164,8,297000
IMM-01517,Milano,semicentro,4.5,1894,attico,69,3,1,4,4,si,1935,da_ristrutturare,F,autonomo,doppia,0,si,no,box,si,112,8,354000
IMM-01518,Roma,semicentro,4.0,517,appartamento,69,2,1,0,3,si,1961,da_ristrutturare,E,autonomo,ovest,1,no,si,nessuno,si,161,8,144000
IMM-01519,Milano,centro,1.7,418,appartamento,54,2,1,7,7,si,2024,nuovo,A,centralizzato,sud,2,no,no,nessuno,no,155,1,580000
IMM-01520,Milano,semicentro,6.0,398,appartamento,106,4,2,2,6,si,1961,buono,F,autonomo,est,2,si,no,box,si,174,2,512000
IMM-01521,Palermo,centro,0.3,448,appartamento,158,6,3,1,3,no,1962,da_ristrutturare,F,autonomo,sud,2,no,no,nessuno,si,270,1,214000
IMM-01522,Palermo,centro,0.9,807,appartamento,35,2,2,3,4,si,1990,buono,E,autonomo,est,1,no,no,posto_auto,si,113,3,97000
IMM-01523,Roma,semicentro,2.6,894,appartamento,71,3,2,3,7,no,1963,buono,E,autonomo,doppia,1,no,no,box,no,116,3,242000
IMM-01524,Palermo,semicentro,4.2,814,appartamento,131,5,2,6,9,si,1954,ristrutturato,C,centralizzato,doppia,2,no,no,box,no,299,7,195000
IMM-01525,Palermo,semicentro,2.3,302,appartamento,108,5,2,3,9,si,1998,da_ristrutturare,F,autonomo,doppia,3,no,no,nessuno,no,195,1,117000
IMM-01526,Roma,periferia,9.6,2175,appartamento,133,6,2,4,6,si,1998,ristrutturato,C,autonomo,est,2,no,no,posto_auto,si,167,4,294000
IMM-01527,Firenze,semicentro,3.8,750,attico,182,8,3,9,9,si,1950,buono,F,autonomo,doppia,1,si,no,nessuno,si,314,11,708000
IMM-01528,Napoli,semicentro,5.7,1650,appartamento,48,2,1,1,7,si,1987,da_ristrutturare,E,autonomo,doppia,0,no,no,box,no,148,10,113000
IMM-01529,Milano,semicentro,4.8,685,villetta,139,5,2,0,2,no,2009,da_ristrutturare,C,autonomo,doppia,0,si,si,box,si,0,7,589000
IMM-01530,Milano,periferia,9.7,441,appartamento,66,1,1,5,8,no,1972,buono,E,centralizzato,nord,0,no,no,posto_auto,si,114,9,156000
IMM-01531,Napoli,centro,0.9,487,appartamento,36,2,1,5,5,no,1908,da_ristrutturare,G,autonomo,est,0,no,no,nessuno,no,96,4,74000
IMM-01532,Bologna,semicentro,5.3,2082,appartamento,99,4,2,0,9,no,1971,ristrutturato,D,centralizzato,doppia,0,no,no,nessuno,no,181,12,254000
IMM-01533,Roma,semicentro,5.5,218,villetta,175,5,3,0,3,no,1958,buono,F,autonomo,ovest,0,no,si,box,si,6,12,568000
IMM-01534,Roma,centro,0.3,242,appartamento,102,3,2,0,6,no,1948,da_ristrutturare,F,centralizzato,ovest,2,no,si,nessuno,si,184,2,340000
IMM-01535,Milano,semicentro,2.5,1101,appartamento,74,2,3,2,8,si,1986,da_ristrutturare,E,centralizzato,sud,1,no,no,nessuno,si,216,8,276000
IMM-01536,Bari,periferia,7.3,1300,villetta,140,5,3,0,2,no,1957,buono,F,autonomo,ovest,2,no,si,posto_auto,no,2,11,177000
IMM-01537,Milano,semicentro,4.5,318,appartamento,88,3,2,2,3,no,1947,buono,F,centralizzato,doppia,1,no,no,nessuno,si,137,7,355000
IMM-01538,Torino,periferia,14.5,768,villetta,118,5,2,0,2,no,1987,buono,F,autonomo,sud,1,no,si,nessuno,si,9,10,142000
IMM-01539,Roma,semicentro,2.3,137,appartamento,77,3,2,4,8,si,1980,buono,F,autonomo,est,1,no,no,posto_auto,no,201,10,213000
IMM-01540,Milano,centro,0.4,379,appartamento,113,4,2,4,4,si,1993,buono,E,autonomo,doppia,1,no,no,nessuno,no,233,6,892000
IMM-01541,Bari,periferia,6.6,5000,appartamento,94,4,2,1,4,si,1977,da_ristrutturare,E,centralizzato,doppia,0,no,no,nessuno,si,216,3,70000
IMM-01542,Genova,periferia,12.6,3381,villetta,163,5,3,0,2,no,1980,buono,E,autonomo,est,1,no,si,posto_auto,no,5,4,135000
IMM-01543,Milano,centro,1.1,300,appartamento,102,4,2,3,6,no,1913,da_ristrutturare,G,autonomo,doppia,2,no,no,box,si,174,8,613000
IMM-01544,Napoli,semicentro,4.5,2048,appartamento,68,2,1,3,3,no,1941,buono,G,autonomo,sud,1,no,no,box,si,119,12,158000
IMM-01545,Milano,centro,1.2,219,appartamento,70,3,1,2,7,si,1959,buono,E,autonomo,est,3,si,no,nessuno,no,123,1,531000
IMM-01546,Genova,periferia,8.5,2709,appartamento,99,4,3,8,10,si,2016,nuovo,A,centralizzato,nord,2,no,no,nessuno,si,209,3,118000
IMM-01547,Bologna,semicentro,3.9,395,villetta,155,5,3,0,2,no,2004,buono,B,autonomo,est,0,no,si,posto_auto,no,22,5,602000
IMM-01548,Napoli,periferia,8.7,1603,appartamento,130,5,2,4,5,si,2022,nuovo,A,autonomo,sud,1,no,no,nessuno,no,249,4,258000
IMM-01549,Palermo,centro,1.6,375,appartamento,165,6,3,3,4,si,1987,buono,E,centralizzato,doppia,1,no,no,box,no,314,5,287000
IMM-01550,Napoli,periferia,6.6,964,villetta,157,5,3,0,3,no,1952,buono,F,autonomo,doppia,1,si,si,box,si,29,5,308000
IMM-01551,Napoli,centro,1.4,390,appartamento,34,2,1,0,6,si,1900,buono,G,autonomo,doppia,0,no,si,posto_auto,si,126,10,163000
IMM-01552,Roma,periferia,8.6,494,appartamento,68,2,1,0,2,no,1920,ristrutturato,D,autonomo,doppia,0,no,no,posto_auto,no,136,6,181000
IMM-01553,Bari,periferia,13.1,2525,villetta,154,6,3,0,2,no,1996,buono,E,autonomo,ovest,1,no,si,box,si,20,5,193000
IMM-01554,Roma,semicentro,4.9,511,attico,124,6,2,3,3,no,1994,ristrutturato,C,autonomo,sud,0,si,no,nessuno,no,214,7,399000
IMM-01555,Roma,centro,0.3,238,appartamento,74,3,2,5,5,si,2018,nuovo,A,centralizzato,sud,2,no,no,nessuno,no,182,10,472000
IMM-01556,Napoli,centro,1.5,165,attico,99,5,2,5,5,no,1909,buono,G,centralizzato,doppia,2,si,no,nessuno,no,174,10,362000
IMM-01557,Genova,semicentro,5.6,400,appartamento,75,3,2,1,3,no,1995,buono,F,centralizzato,ovest,2,no,no,box,si,179,10,117000
IMM-01558,Firenze,centro,1.6,243,appartamento,75,2,2,3,5,no,1962,buono,G,centralizzato,doppia,1,no,no,nessuno,si,151,2,347000
IMM-01559,Roma,centro,1.0,276,appartamento,67,2,1,1,6,si,1936,buono,G,autonomo,doppia,1,no,no,nessuno,si,127,1,338000
IMM-01560,Torino,periferia,9.8,2101,appartamento,130,5,2,4,10,si,2021,nuovo,B,autonomo,sud,1,no,no,posto_auto,si,190,1,179000
IMM-01561,Roma,centro,1.2,898,appartamento,67,2,1,3,6,si,1994,buono,E,autonomo,nord,2,no,no,nessuno,no,170,12,300000
IMM-01562,Napoli,periferia,9.1,425,appartamento,62,2,1,6,6,si,2022,nuovo,A,autonomo,nord,1,no,no,box,si,106,2,160000
IMM-01563,Roma,centro,1.5,382,appartamento,52,2,2,3,5,si,1934,ristrutturato,D,autonomo,doppia,2,no,no,nessuno,si,116,10,378000
IMM-01564,Torino,centro,0.6,133,appartamento,179,5,3,4,5,si,2014,buono,D,centralizzato,nord,1,no,no,nessuno,no,346,11,478000
IMM-01565,Milano,centro,1.8,153,appartamento,60,2,1,1,7,si,2004,da_ristrutturare,D,autonomo,nord,3,no,no,nessuno,si,138,2,349000
IMM-01566,Milano,periferia,8.7,760,appartamento,72,3,3,1,9,si,1949,da_ristrutturare,G,autonomo,ovest,1,no,no,box,si,137,5,203000
IMM-01567,Palermo,centro,1.6,188,attico,113,5,2,6,6,si,1985,da_ristrutturare,F,centralizzato,ovest,0,si,no,nessuno,no,242,10,215000
IMM-01568,Napoli,periferia,6.3,472,villetta,192,8,3,0,3,no,1990,buono,D,autonomo,nord,0,si,si,box,no,12,1,306000
IMM-01569,Genova,semicentro,4.5,350,appartamento,94,3,2,6,7,si,2007,buono,C,autonomo,nord,3,no,no,nessuno,no,198,1,139000
IMM-01570,Palermo,semicentro,5.1,150,appartamento,93,3,2,0,5,no,1907,buono,G,centralizzato,nord,1,no,si,nessuno,no,178,11,110000
IMM-01571,Firenze,semicentro,4.4,1053,appartamento,40,1,1,6,9,si,1977,buono,F,autonomo,doppia,2,no,no,box,si,101,5,174000
IMM-01572,Napoli,periferia,13.5,619,villetta,140,6,2,0,2,no,2023,nuovo,A,autonomo,ovest,2,si,si,box,si,20,4,415000
IMM-01573,Milano,periferia,9.3,4618,villetta,139,6,2,0,2,no,1951,ristrutturato,C,autonomo,nord,2,si,si,box,no,6,3,430000
IMM-01574,Torino,centro,1.2,479,appartamento,101,4,2,1,6,si,1959,ristrutturato,E,centralizzato,ovest,1,si,no,nessuno,si,259,8,276000
IMM-01575,Palermo,semicentro,2.6,624,appartamento,83,3,2,3,9,si,1972,ristrutturato,D,centralizzato,nord,1,no,no,nessuno,si,177,7,112000
IMM-01576,Roma,periferia,12.7,2759,appartamento,77,3,2,7,10,si,1983,buono,F,autonomo,sud,2,no,no,box,si,153,7,147000
IMM-01577,Milano,periferia,10.4,1289,appartamento,82,4,2,4,8,si,2003,buono,E,autonomo,doppia,1,no,no,box,si,153,3,265000
IMM-01578,Milano,periferia,6.9,5000,appartamento,105,3,2,8,11,si,1975,buono,G,autonomo,est,2,no,no,posto_auto,si,210,2,223000
IMM-01579,Bologna,centro,0.9,199,appartamento,138,5,2,1,4,si,1906,buono,E,centralizzato,sud,0,no,no,nessuno,no,216,3,580000
IMM-01580,Napoli,semicentro,5.4,1418,appartamento,43,2,1,1,5,si,2018,nuovo,A,autonomo,est,3,no,no,nessuno,no,132,11,157000
IMM-01581,Roma,centro,1.1,519,appartamento,71,3,1,6,7,si,1934,buono,G,autonomo,est,0,no,no,nessuno,si,133,2,327000
IMM-01582,Napoli,periferia,13.1,597,appartamento,69,2,1,5,8,si,2014,buono,C,autonomo,est,3,no,no,posto_auto,no,180,7,116000
IMM-01583,Torino,periferia,11.1,1489,appartamento,101,4,2,0,7,si,2004,buono,D,centralizzato,ovest,1,no,no,box,no,181,4,122000
IMM-01584,Torino,periferia,10.3,1199,appartamento,134,5,2,2,3,no,1914,ristrutturato,D,autonomo,nord,0,no,no,box,no,209,9,189000
IMM-01585,Milano,periferia,13.7,965,appartamento,96,3,2,4,5,si,2017,nuovo,A,autonomo,doppia,2,no,no,nessuno,no,169,7,370000
IMM-01586,Bari,periferia,12.5,810,appartamento,53,2,1,3,6,si,1963,buono,E,centralizzato,doppia,0,no,no,nessuno,si,180,12,61000
IMM-01587,Milano,semicentro,3.3,528,appartamento,179,6,3,1,3,no,1956,ristrutturato,E,autonomo,sud,2,no,no,box,no,267,6,785000
IMM-01588,Napoli,centro,1.4,284,appartamento,72,2,2,0,3,no,1931,buono,F,centralizzato,doppia,1,no,si,nessuno,si,155,4,239000
IMM-01589,Bari,centro,0.7,309,appartamento,143,5,3,2,7,si,1925,ristrutturato,F,centralizzato,nord,1,no,no,posto_auto,no,266,7,370000
IMM-01590,Genova,centro,1.9,288,appartamento,87,3,2,3,3,si,1999,da_ristrutturare,G,centralizzato,doppia,1,no,no,nessuno,no,195,4,163000
IMM-01591,Torino,semicentro,2.6,551,appartamento,61,3,1,1,9,si,1927,buono,F,centralizzato,sud,1,no,no,nessuno,si,197,10,145000
IMM-01592,Genova,semicentro,4.6,729,appartamento,66,2,1,7,9,si,2021,nuovo,A,autonomo,nord,0,no,no,box,si,160,2,158000
IMM-01593,Milano,periferia,6.8,1138,appartamento,51,1,1,9,11,si,1996,buono,E,autonomo,sud,1,no,no,box,no,135,10,231000
IMM-01594,Milano,periferia,12.9,1148,appartamento,70,2,1,4,8,si,2015,da_ristrutturare,C,autonomo,est,1,no,no,box,no,110,11,211000
IMM-01595,Roma,centro,1.7,287,appartamento,60,1,2,1,4,no,1941,ristrutturato,E,centralizzato,nord,0,no,no,posto_auto,si,143,2,323000
IMM-01596,Roma,semicentro,2.1,421,appartamento,76,3,2,3,9,si,1981,buono,E,centralizzato,est,1,no,no,box,no,198,8,270000
IMM-01597,Genova,semicentro,5.5,721,appartamento,56,3,1,1,3,no,1943,da_ristrutturare,G,autonomo,nord,1,no,no,nessuno,si,161,1,52000
IMM-01598,Roma,periferia,10.4,4798,villetta,219,8,3,0,2,no,2012,buono,D,autonomo,sud,0,no,si,box,si,0,11,390000
IMM-01599,Bologna,semicentro,3.0,1781,attico,136,5,2,4,4,si,1978,ristrutturato,C,autonomo,ovest,1,si,no,nessuno,no,196,5,475000
IMM-01600,Milano,semicentro,5.2,452,appartamento,57,2,1,5,8,si,2015,buono,D,autonomo,doppia,2,si,no,posto_auto,si,130,12,391000
IMM-01601,Milano,semicentro,3.8,2415,appartamento,64,2,1,4,4,si,1954,ristrutturato,E,autonomo,sud,0,no,no,box,no,189,3,391000
IMM-01602,Bari,periferia,10.5,2282,appartamento,144,5,3,2,3,no,1954,da_ristrutturare,G,autonomo,nord,0,no,no,box,si,215,12,114000
IMM-01603,Genova,periferia,6.8,969,appartamento,96,5,2,3,4,si,2019,buono,B,autonomo,doppia,1,no,no,box,no,184,10,132000
IMM-01604,Firenze,centro,1.8,187,appartamento,58,2,1,4,7,si,1936,ristrutturato,E,centralizzato,sud,0,no,no,posto_auto,si,227,4,382000
IMM-01605,Firenze,periferia,13.0,801,villetta,151,6,3,0,2,no,2021,nuovo,A,autonomo,ovest,2,si,no,box,si,21,7,579000
IMM-01606,Milano,semicentro,4.5,1121,appartamento,43,2,1,1,8,no,1961,ristrutturato,E,centralizzato,nord,2,no,no,nessuno,si,142,11,177000
IMM-01607,Torino,periferia,13.1,464,appartamento,84,3,2,1,2,no,1982,buono,D,centralizzato,nord,1,no,no,posto_auto,no,123,3,86000
IMM-01608,Genova,semicentro,3.4,339,appartamento,91,4,2,6,7,no,1931,buono,G,centralizzato,est,0,no,no,posto_auto,si,156,2,108000
IMM-01609,Napoli,centro,1.8,314,appartamento,57,1,1,5,6,si,1985,da_ristrutturare,E,centralizzato,doppia,1,no,no,box,no,169,4,184000
IMM-01610,Bologna,centro,0.2,143,appartamento,53,2,1,0,3,no,2015,buono,C,autonomo,doppia,2,no,si,nessuno,si,122,1,299000
IMM-01611,Roma,periferia,8.2,611,appartamento,94,3,2,4,5,si,1917,buono,F,centralizzato,nord,0,no,no,box,no,219,4,188000
IMM-01612,Torino,semicentro,3.9,1344,appartamento,77,3,2,2,6,no,1973,da_ristrutturare,G,autonomo,nord,0,no,no,box,si,112,9,106000
IMM-01613,Milano,semicentro,2.2,568,appartamento,157,6,3,3,3,si,2004,da_ristrutturare,C,autonomo,ovest,1,si,no,box,si,231,9,619000
IMM-01614,Milano,semicentro,5.1,566,villetta,124,6,2,0,3,no,1970,buono,G,autonomo,doppia,0,si,no,nessuno,no,0,11,557000
IMM-01615,Palermo,periferia,12.7,756,villetta,117,5,3,0,2,no,1978,ristrutturato,D,autonomo,ovest,1,si,si,box,no,13,5,124000
IMM-01616,Torino,periferia,6.1,1138,villetta,146,4,3,0,2,no,2016,nuovo,B,autonomo,nord,2,si,si,posto_auto,no,14,3,286000
IMM-01617,Napoli,semicentro,5.1,195,villetta,144,6,3,0,2,no,2009,buono,B,autonomo,doppia,0,no,si,nessuno,no,18,4,396000
IMM-01618,Firenze,periferia,6.4,888,appartamento,65,2,1,0,3,si,2003,ristrutturato,B,autonomo,est,1,no,no,nessuno,no,152,9,213000
IMM-01619,Genova,centro,1.8,375,appartamento,77,4,2,1,3,si,1911,ristrutturato,D,autonomo,doppia,0,no,no,nessuno,si,183,6,240000
IMM-01620,Milano,semicentro,3.6,1370,appartamento,108,4,2,1,7,si,1953,buono,F,autonomo,doppia,2,no,no,nessuno,si,232,4,532000
IMM-01621,Padova,semicentro,4.7,313,attico,78,4,2,3,3,si,1962,buono,E,autonomo,est,1,si,no,box,si,140,2,212000
IMM-01622,Roma,centro,0.8,386,appartamento,75,2,2,5,6,no,1965,buono,G,centralizzato,nord,1,no,no,nessuno,si,151,9,208000
IMM-01623,Firenze,periferia,9.2,542,appartamento,61,2,1,1,7,no,1966,buono,E,autonomo,nord,1,no,no,nessuno,si,120,7,162000
IMM-01624,Firenze,semicentro,4.9,757,attico,212,7,3,4,4,no,1955,buono,F,centralizzato,ovest,1,si,no,nessuno,si,311,2,663000
IMM-01625,Milano,semicentro,5.5,309,appartamento,79,3,2,5,6,si,1997,da_ristrutturare,E,centralizzato,nord,1,no,no,posto_auto,no,188,12,259000
IMM-01626,Milano,semicentro,4.7,702,appartamento,101,3,2,7,8,si,1993,buono,D,autonomo,nord,0,si,no,box,no,184,9,478000
IMM-01627,Milano,centro,1.4,488,appartamento,64,2,1,0,5,no,1939,buono,G,centralizzato,nord,0,no,si,nessuno,no,131,9,459000
IMM-01628,Firenze,semicentro,2.4,1522,appartamento,76,3,2,3,7,si,2022,buono,A,autonomo,nord,1,no,no,box,si,216,7,278000
IMM-01629,Bologna,periferia,9.5,2526,appartamento,99,4,2,1,4,si,1964,ristrutturato,E,centralizzato,nord,2,si,no,box,no,234,6,201000
IMM-01630,Palermo,periferia,10.0,1077,villetta,133,5,2,0,2,no,1941,buono,F,autonomo,doppia,0,no,si,box,no,34,9,127000
IMM-01631,Genova,periferia,14.5,1022,villetta,118,5,2,0,2,no,1913,ristrutturato,E,autonomo,est,0,no,si,box,no,0,5,145000
IMM-01632,Genova,semicentro,4.7,213,appartamento,120,4,2,8,9,si,2010,buono,C,autonomo,ovest,3,no,no,posto_auto,si,200,5,295000
IMM-01633,Milano,semicentro,5.5,541,appartamento,100,5,2,4,6,si,2007,ristrutturato,B,autonomo,doppia,1,no,no,posto_auto,si,225,2,596000
IMM-01634,Padova,periferia,8.5,802,appartamento,76,3,2,6,11,si,1973,ristrutturato,F,autonomo,est,0,no,no,box,si,139,9,133000
IMM-01635,Milano,centro,2.0,521,appartamento,60,2,2,2,5,si,1998,buono,F,autonomo,est,2,si,no,nessuno,no,160,4,411000
IMM-01636,Genova,periferia,6.3,950,appartamento,80,3,3,10,11,si,2001,ristrutturato,A,centralizzato,est,2,no,no,box,si,160,1,126000
IMM-01637,Roma,centro,0.3,263,appartamento,146,5,3,2,7,no,1915,da_ristrutturare,F,centralizzato,ovest,0,no,no,nessuno,no,255,7,474000
IMM-01638,Firenze,semicentro,4.0,830,villetta,140,6,2,0,3,no,1904,ristrutturato,E,autonomo,nord,1,no,si,box,si,12,8,660000
IMM-01639,Torino,semicentro,2.2,507,appartamento,89,3,2,2,4,si,2023,buono,B,autonomo,doppia,2,no,no,nessuno,no,155,3,168000
IMM-01640,Torino,centro,0.3,618,appartamento,112,4,2,5,5,si,1950,buono,F,autonomo,sud,1,no,no,nessuno,si,209,11,266000
IMM-01641,Padova,periferia,13.9,629,appartamento,58,2,1,4,4,si,1972,da_ristrutturare,E,centralizzato,nord,3,no,no,box,no,184,8,82000
IMM-01642,Roma,periferia,8.5,397,villetta,208,8,3,0,2,no,1948,buono,F,autonomo,sud,0,si,si,posto_auto,si,10,6,419000
IMM-01643,Bologna,semicentro,3.4,468,appartamento,135,4,2,5,9,si,1958,buono,E,centralizzato,nord,1,no,no,nessuno,no,285,7,336000
IMM-01644,Milano,centro,0.9,414,appartamento,121,3,2,0,6,no,1957,ristrutturato,C,autonomo,doppia,2,no,no,nessuno,si,201,4,858000
IMM-01645,Genova,centro,1.6,353,appartamento,81,3,3,1,7,no,1960,buono,G,centralizzato,ovest,0,no,no,box,si,131,5,181000
IMM-01646,Milano,periferia,12.8,2234,appartamento,91,4,2,7,8,si,2006,buono,B,centralizzato,doppia,1,no,no,box,no,201,4,295000
IMM-01647,Genova,centro,1.8,163,appartamento,74,3,1,4,5,no,1908,ristrutturato,E,autonomo,ovest,0,no,no,nessuno,si,85,9,162000
IMM-01648,Roma,centro,1.7,387,appartamento,117,4,2,3,3,si,1940,buono,F,autonomo,est,1,no,no,nessuno,si,219,2,430000
IMM-01649,Bologna,periferia,7.2,588,attico,86,3,3,6,6,no,2025,nuovo,A,autonomo,sud,2,si,no,nessuno,si,119,7,260000
IMM-01650,Milano,periferia,13.2,374,appartamento,101,5,2,0,5,si,2024,buono,A,autonomo,ovest,2,no,no,box,no,201,9,354000
IMM-01651,Milano,semicentro,5.0,958,appartamento,56,2,1,9,9,si,1999,ristrutturato,E,autonomo,doppia,1,no,no,box,no,155,2,325000
IMM-01652,Roma,centro,0.4,764,appartamento,141,4,3,4,7,no,1953,ristrutturato,F,centralizzato,est,3,no,no,box,si,245,5,628000
IMM-01653,Genova,semicentro,5.1,1096,appartamento,80,3,2,5,5,no,1991,da_ristrutturare,E,autonomo,doppia,1,no,no,nessuno,si,77,11,74000
IMM-01654,Torino,periferia,13.8,886,appartamento,95,4,1,9,10,si,1980,da_ristrutturare,D,autonomo,ovest,3,no,no,posto_auto,no,156,9,95000
IMM-01655,Bari,semicentro,5.0,1166,appartamento,114,4,2,3,3,no,1959,ristrutturato,D,autonomo,nord,1,no,no,box,si,171,12,201000
IMM-01656,Bari,semicentro,5.8,301,appartamento,76,3,2,0,6,si,1991,buono,F,autonomo,nord,2,no,si,posto_auto,no,169,11,133000
IMM-01657,Padova,semicentro,4.1,886,appartamento,119,4,2,2,6,si,1951,ristrutturato,E,autonomo,sud,1,no,no,nessuno,si,176,10,272000
IMM-01658,Padova,periferia,12.1,5000,appartamento,45,3,1,0,2,no,1950,buono,E,centralizzato,sud,2,no,no,nessuno,si,111,3,57000
IMM-01659,Napoli,periferia,7.3,2524,villetta,155,6,3,0,2,no,1979,ristrutturato,C,autonomo,nord,2,si,si,posto_auto,si,12,7,321000
IMM-01660,Roma,periferia,10.3,262,appartamento,87,3,2,8,9,si,1955,buono,F,centralizzato,est,0,no,no,nessuno,si,205,12,149000
IMM-01661,Genova,semicentro,4.6,887,appartamento,70,2,1,0,9,no,1926,buono,F,autonomo,ovest,1,no,si,posto_auto,si,117,2,119000
IMM-01662,Roma,periferia,10.8,473,appartamento,49,3,1,9,10,si,2021,nuovo,B,autonomo,doppia,3,no,no,box,no,140,2,188000
IMM-01663,Roma,centro,0.6,289,appartamento,36,1,1,1,6,si,1933,da_ristrutturare,G,centralizzato,ovest,1,no,no,nessuno,no,187,10,132000
IMM-01664,Milano,periferia,9.9,478,appartamento,56,1,1,0,10,no,1970,da_ristrutturare,F,centralizzato,doppia,3,no,no,box,si,181,9,141000
IMM-01665,Bologna,semicentro,4.3,546,appartamento,62,1,1,3,9,si,1954,buono,F,autonomo,nord,2,no,no,nessuno,no,158,1,166000
IMM-01666,Palermo,periferia,11.2,308,appartamento,103,3,2,5,8,si,2001,da_ristrutturare,D,centralizzato,est,1,no,no,posto_auto,si,197,4,89000
IMM-01667,Torino,periferia,9.9,1060,appartamento,77,3,1,5,5,si,1949,buono,G,centralizzato,nord,1,no,no,nessuno,si,219,1,85000
IMM-01668,Torino,periferia,10.4,2667,appartamento,68,3,1,2,6,si,2020,nuovo,A,centralizzato,nord,0,no,no,box,si,188,6,117000
IMM-01669,Milano,centro,1.2,460,appartamento,88,3,3,1,6,si,2019,nuovo,A,centralizzato,doppia,2,no,no,nessuno,no,176,3,800000
IMM-01670,Milano,centro,1.1,169,appartamento,72,4,2,4,5,si,1975,ristrutturato,D,autonomo,est,1,no,no,nessuno,si,195,12,529000
IMM-01671,Bari,centro,0.6,313,appartamento,62,3,1,0,4,no,1919,buono,G,centralizzato,ovest,1,si,si,nessuno,no,142,8,160000
IMM-01672,Firenze,semicentro,2.9,583,appartamento,125,4,2,9,9,si,1999,ristrutturato,D,autonomo,nord,2,no,no,nessuno,si,223,8,473000
IMM-01673,Torino,periferia,12.8,1770,appartamento,67,3,1,2,2,no,1990,da_ristrutturare,E,autonomo,est,2,no,no,nessuno,si,50,2,56000
IMM-01674,Napoli,centro,0.3,209,appartamento,109,4,2,0,4,si,1909,buono,G,autonomo,ovest,0,no,si,nessuno,si,212,9,339000
IMM-01675,Roma,semicentro,2.1,1889,villetta,137,5,2,0,3,no,2012,buono,D,autonomo,doppia,2,no,si,box,no,10,11,510000
IMM-01676,Firenze,periferia,6.6,782,villetta,162,6,3,0,3,no,2020,nuovo,A,autonomo,est,1,si,si,box,no,34,3,691000
IMM-01677,Genova,periferia,11.6,754,appartamento,101,3,2,6,8,si,2018,nuovo,A,autonomo,nord,2,no,no,nessuno,si,197,10,174000
IMM-01678,Bologna,semicentro,3.8,3052,attico,152,5,3,8,8,si,1976,da_ristrutturare,G,autonomo,nord,1,si,no,nessuno,no,262,6,310000
IMM-01679,Bologna,periferia,7.2,1908,appartamento,88,4,2,1,9,si,1972,buono,G,autonomo,sud,2,no,no,box,no,185,8,158000
IMM-01680,Roma,centro,0.6,241,appartamento,178,7,3,0,7,si,2023,nuovo,A,autonomo,est,1,no,si,nessuno,si,296,2,1056000
IMM-01681,Milano,semicentro,5.3,866,appartamento,123,5,2,4,6,si,1997,buono,D,centralizzato,ovest,1,no,no,nessuno,si,215,6,552000
IMM-01682,Torino,centro,0.9,412,appartamento,75,2,2,0,5,si,2022,nuovo,A,autonomo,doppia,1,no,no,nessuno,si,138,5,276000
IMM-01683,Torino,semicentro,5.5,562,appartamento,106,4,3,2,7,no,1957,ristrutturato,D,centralizzato,est,1,no,no,box,si,200,7,209000
IMM-01684,Palermo,semicentro,2.3,286,appartamento,80,3,2,8,8,si,1960,buono,F,centralizzato,nord,1,no,no,box,si,165,8,125000
IMM-01685,Torino,periferia,10.2,967,appartamento,66,2,1,2,2,no,1995,da_ristrutturare,E,centralizzato,est,1,no,no,box,no,119,9,72000
IMM-01686,Torino,centro,0.8,157,appartamento,72,3,1,1,7,no,1965,ristrutturato,E,centralizzato,est,1,no,no,nessuno,si,174,7,213000
IMM-01687,Milano,periferia,12.3,654,appartamento,112,4,2,11,11,si,1993,buono,D,autonomo,ovest,3,no,no,nessuno,no,188,5,320000
IMM-01688,Napoli,semicentro,4.1,633,appartamento,99,4,2,5,7,no,1965,buono,F,autonomo,est,2,no,no,nessuno,si,155,12,165000
IMM-01689,Roma,centro,0.9,322,appartamento,61,2,1,3,6,si,1935,ristrutturato,D,autonomo,sud,0,no,no,nessuno,si,139,12,355000
IMM-01690,Firenze,semicentro,3.5,344,appartamento,67,2,1,1,4,si,2002,buono,B,autonomo,ovest,0,no,no,posto_auto,no,135,12,266000
IMM-01691,Roma,periferia,11.9,1059,villetta,101,3,2,0,3,no,1905,da_ristrutturare,F,autonomo,sud,0,no,si,box,si,8,10,164000
IMM-01692,Torino,semicentro,5.7,1024,villetta,168,6,3,0,3,no,2012,da_ristrutturare,C,autonomo,doppia,1,si,si,box,si,14,12,296000
IMM-01693,Milano,semicentro,3.6,997,appartamento,53,2,1,2,6,no,1954,buono,F,centralizzato,doppia,1,no,no,nessuno,si,155,11,199000
IMM-01694,Roma,semicentro,3.9,371,appartamento,65,1,1,1,5,no,1908,buono,G,centralizzato,doppia,0,no,no,nessuno,no,190,4,209000
IMM-01695,Torino,centro,1.9,494,appartamento,66,2,1,0,4,si,1975,da_ristrutturare,F,centralizzato,ovest,1,no,no,nessuno,si,126,8,124000
IMM-01696,Firenze,periferia,13.0,1587,appartamento,61,1,1,3,10,si,1992,buono,G,centralizzato,ovest,1,no,no,nessuno,si,179,7,114000
IMM-01697,Torino,periferia,12.3,631,appartamento,99,3,2,3,7,si,1946,ristrutturato,D,autonomo,doppia,2,no,no,nessuno,si,175,4,111000
IMM-01698,Roma,centro,1.9,780,appartamento,52,1,1,2,7,si,1937,buono,G,centralizzato,doppia,1,no,no,posto_auto,no,218,11,238000
IMM-01699,Bologna,centro,0.6,369,appartamento,96,4,2,3,5,si,1908,ristrutturato,F,centralizzato,est,1,si,no,nessuno,si,233,2,500000
IMM-01700,Milano,centro,1.6,282,appartamento,85,3,2,1,4,si,2018,nuovo,B,autonomo,doppia,2,no,no,nessuno,no,208,10,884000
IMM-01701,Roma,centro,1.2,357,appartamento,78,3,2,3,3,no,1984,da_ristrutturare,E,autonomo,doppia,1,no,no,nessuno,no,171,4,270000
IMM-01702,Genova,semicentro,4.1,578,appartamento,67,3,1,4,8,no,1901,buono,G,autonomo,doppia,1,no,no,nessuno,no,104,8,84000
IMM-01703,Milano,periferia,6.8,1434,appartamento,78,3,2,0,11,si,1976,ristrutturato,D,autonomo,nord,0,no,si,posto_auto,si,151,5,279000
IMM-01704,Torino,semicentro,5.1,914,appartamento,98,3,3,8,9,si,2006,ristrutturato,B,autonomo,doppia,3,si,no,box,no,173,4,246000
IMM-01705,Roma,semicentro,5.9,561,appartamento,86,3,2,0,4,si,1956,ristrutturato,F,autonomo,ovest,1,no,no,posto_auto,no,151,4,267000
IMM-01706,Padova,semicentro,3.4,322,appartamento,57,2,1,8,8,si,1916,ristrutturato,D,centralizzato,doppia,1,si,no,box,no,168,11,187000
IMM-01707,Genova,semicentro,5.4,297,appartamento,116,3,2,0,4,si,2010,buono,B,autonomo,est,2,no,no,box,si,218,7,192000
IMM-01708,Firenze,centro,0.7,119,appartamento,93,3,2,1,4,no,1964,buono,G,centralizzato,sud,2,no,no,nessuno,no,133,7,488000
IMM-01709,Milano,semicentro,4.6,1023,attico,170,6,3,8,8,no,1996,da_ristrutturare,E,autonomo,sud,0,no,no,nessuno,no,197,8,532000
IMM-01710,Milano,periferia,6.3,1527,villetta,179,6,3,0,2,no,1951,buono,F,autonomo,sud,1,si,si,box,no,13,7,634000
IMM-01711,Napoli,centro,1.4,520,attico,131,3,2,5,5,si,1933,buono,F,centralizzato,ovest,0,si,no,nessuno,si,247,11,593000
IMM-01712,Milano,semicentro,2.4,1118,appartamento,96,4,2,1,5,si,1991,buono,D,centralizzato,doppia,0,no,no,box,si,214,11,428000
IMM-01713,Torino,periferia,6.1,2369,villetta,161,5,3,0,2,no,2006,buono,D,autonomo,ovest,0,no,si,posto_auto,no,36,4,205000
IMM-01714,Milano,periferia,11.8,1159,appartamento,137,5,2,6,10,si,2016,nuovo,A,centralizzato,doppia,1,no,no,nessuno,si,248,2,484000
IMM-01715,Milano,centro,1.9,406,appartamento,110,4,2,2,7,si,2002,buono,C,centralizzato,ovest,0,no,no,nessuno,si,237,7,661000
IMM-01716,Roma,centro,1.7,168,appartamento,79,4,2,2,3,no,1983,da_ristrutturare,C,autonomo,nord,0,no,no,nessuno,si,127,1,260000
IMM-01717,Genova,centro,0.4,201,appartamento,45,1,1,2,6,si,1926,buono,G,autonomo,est,2,si,no,nessuno,no,124,9,133000
IMM-01718,Milano,centro,1.8,275,attico,112,4,2,6,6,no,1924,buono,G,autonomo,doppia,1,si,no,nessuno,si,179,1,650000
IMM-01719,Roma,semicentro,3.3,1023,villetta,107,3,2,0,2,no,2015,da_ristrutturare,C,autonomo,doppia,0,no,si,nessuno,no,33,12,279000
IMM-01720,Padova,periferia,6.2,1314,villetta,103,4,2,0,2,no,1970,da_ristrutturare,F,autonomo,est,0,no,no,box,no,12,9,110000
IMM-01721,Milano,semicentro,2.8,683,appartamento,103,3,2,2,3,no,1992,ristrutturato,C,autonomo,est,1,no,no,box,si,122,4,630000
IMM-01722,Milano,centro,1.4,313,appartamento,108,3,2,6,6,si,2003,ristrutturato,C,autonomo,est,2,no,no,nessuno,si,232,10,958000
IMM-01723,Padova,periferia,14.2,2095,villetta,159,6,4,0,3,no,1947,da_ristrutturare,E,autonomo,sud,2,no,si,box,no,8,6,178000
IMM-01724,Torino,semicentro,3.1,957,villetta,134,5,2,0,2,no,2020,nuovo,A,autonomo,doppia,0,si,si,box,no,15,10,360000
IMM-01725,Roma,semicentro,4.2,634,appartamento,112,4,2,4,4,si,1977,ristrutturato,D,centralizzato,doppia,2,no,no,posto_auto,si,211,11,362000
IMM-01726,Milano,periferia,13.3,1126,appartamento,167,6,3,2,7,si,1961,buono,F,centralizzato,doppia,2,no,no,box,no,259,4,483000
IMM-01727,Torino,periferia,8.3,1306,villetta,153,6,3,0,3,no,1959,buono,F,autonomo,sud,0,si,si,box,si,1,1,195000
IMM-01728,Napoli,periferia,7.8,1012,appartamento,77,3,2,2,2,si,2016,nuovo,A,autonomo,doppia,1,no,no,box,no,153,11,203000
IMM-01729,Milano,semicentro,5.4,1385,appartamento,61,3,1,5,6,no,1966,da_ristrutturare,G,centralizzato,nord,0,si,no,nessuno,no,100,6,143000
IMM-01730,Bologna,periferia,6.5,965,appartamento,110,3,3,5,9,si,2010,ristrutturato,B,autonomo,nord,1,no,no,box,no,217,12,277000
IMM-01731,Milano,centro,1.4,931,appartamento,88,4,2,0,4,si,2006,da_ristrutturare,C,autonomo,est,2,no,si,nessuno,si,183,9,583000
IMM-01732,Bari,semicentro,4.3,1115,attico,116,3,2,9,9,si,1953,buono,F,centralizzato,sud,2,si,no,nessuno,si,217,4,202000
IMM-01733,Napoli,centro,0.3,238,appartamento,67,3,1,2,4,si,1962,ristrutturato,D,centralizzato,doppia,0,no,no,nessuno,si,155,11,323000
IMM-01734,Roma,semicentro,4.4,150,appartamento,61,3,2,9,9,si,1908,ristrutturato,E,centralizzato,ovest,1,no,no,nessuno,no,142,1,208000
IMM-01735,Milano,periferia,11.2,644,villetta,132,4,2,0,3,no,1966,buono,E,autonomo,est,0,no,si,box,si,6,10,402000
IMM-01736,Roma,periferia,13.4,1170,appartamento,85,4,2,3,9,si,1968,da_ristrutturare,E,centralizzato,ovest,2,no,no,posto_auto,no,172,3,131000
IMM-01737,Bologna,centro,1.6,242,appartamento,84,3,2,3,3,no,2025,nuovo,A,centralizzato,doppia,1,no,no,nessuno,no,148,9,614000
IMM-01738,Roma,semicentro,4.5,337,appartamento,76,2,2,1,7,no,1960,da_ristrutturare,F,autonomo,doppia,1,no,no,box,no,144,12,195000
IMM-01739,Genova,periferia,6.5,1438,appartamento,98,3,2,4,8,si,2012,buono,D,autonomo,sud,3,no,no,nessuno,si,172,4,124000
IMM-01740,Torino,periferia,13.0,1129,appartamento,93,3,2,2,3,no,1964,buono,F,autonomo,est,1,no,no,box,si,99,8,115000
IMM-01741,Napoli,centro,1.2,204,appartamento,59,2,1,3,6,si,1951,da_ristrutturare,E,centralizzato,doppia,1,no,no,nessuno,si,173,6,174000
IMM-01742,Roma,semicentro,5.7,1759,appartamento,65,2,1,5,9,no,1933,da_ristrutturare,F,centralizzato,ovest,1,no,no,nessuno,no,149,8,126000
IMM-01743,Milano,periferia,13.9,666,appartamento,74,3,1,3,5,si,2019,nuovo,A,autonomo,doppia,1,no,no,nessuno,si,167,11,317000
IMM-01744,Torino,periferia,12.1,1038,attico,110,4,2,2,2,no,1949,ristrutturato,F,autonomo,sud,3,si,no,nessuno,si,176,9,138000
IMM-01745,Milano,centro,0.3,521,appartamento,137,4,2,0,5,si,1974,da_ristrutturare,E,centralizzato,sud,1,no,no,posto_auto,si,258,11,582000
IMM-01746,Genova,periferia,10.5,1345,attico,92,3,2,4,4,si,2010,buono,D,centralizzato,ovest,1,si,no,box,no,198,8,147000
IMM-01747,Genova,centro,0.4,469,appartamento,69,2,1,6,7,no,2015,buono,C,centralizzato,nord,2,no,no,nessuno,no,198,8,150000
IMM-01748,Torino,periferia,7.8,475,appartamento,54,1,2,1,9,si,2010,ristrutturato,B,autonomo,ovest,1,no,no,box,no,95,4,99000
IMM-01749,Bologna,periferia,11.8,1234,appartamento,40,2,1,1,3,no,1947,buono,G,centralizzato,doppia,3,no,no,nessuno,no,124,9,67000
IMM-01750,Bologna,periferia,8.1,682,appartamento,77,3,2,0,3,no,2005,buono,B,autonomo,nord,1,no,no,posto_auto,no,121,1,187000
IMM-01751,Bologna,semicentro,4.0,624,appartamento,93,3,2,0,6,no,1978,buono,D,autonomo,ovest,1,no,no,nessuno,si,153,12,258000
IMM-01752,Bologna,semicentro,5.4,351,attico,73,2,2,9,9,si,1966,da_ristrutturare,F,centralizzato,sud,1,si,no,nessuno,no,176,10,164000
IMM-01753,Palermo,semicentro,2.4,446,villetta,123,5,3,0,2,no,1959,buono,F,autonomo,doppia,2,no,si,box,si,12,12,170000
IMM-01754,Torino,centro,1.3,282,appartamento,77,3,2,3,3,no,1960,ristrutturato,D,autonomo,sud,2,no,no,nessuno,si,52,7,238000
IMM-01755,Roma,semicentro,2.6,967,appartamento,62,2,1,1,3,si,2001,buono,D,centralizzato,doppia,0,no,no,box,si,146,10,201000
IMM-01756,Napoli,periferia,6.7,679,appartamento,82,2,2,3,4,si,2013,buono,C,autonomo,est,1,no,no,posto_auto,si,192,4,143000
IMM-01757,Milano,semicentro,4.4,897,appartamento,154,6,3,5,5,no,1940,ristrutturato,F,centralizzato,nord,0,no,no,nessuno,si,257,10,540000
IMM-01758,Firenze,semicentro,5.6,426,villetta,297,8,4,0,2,no,2022,nuovo,B,autonomo,doppia,1,si,si,posto_auto,si,23,4,1580000
IMM-01759,Torino,periferia,14.3,1885,appartamento,79,3,1,3,3,no,2023,nuovo,A,centralizzato,sud,3,no,no,box,no,132,12,141000
IMM-01760,Milano,periferia,8.4,2411,appartamento,157,6,3,5,6,si,2009,ristrutturato,B,autonomo,doppia,0,no,no,posto_auto,si,219,9,498000
IMM-01761,Bologna,centro,1.4,291,appartamento,65,3,1,2,4,no,1907,ristrutturato,E,centralizzato,doppia,1,no,no,nessuno,no,161,11,318000
IMM-01762,Bari,periferia,10.4,514,appartamento,50,2,1,3,3,no,1965,buono,G,centralizzato,nord,1,no,no,nessuno,si,125,6,59000
IMM-01763,Milano,centro,1.5,735,appartamento,208,7,4,3,3,no,1937,ristrutturato,F,autonomo,sud,0,no,no,nessuno,si,291,2,1249000
IMM-01764,Torino,centro,1.2,242,appartamento,71,3,2,3,3,no,1948,buono,G,autonomo,doppia,2,no,no,nessuno,no,94,4,179000
IMM-01765,Napoli,semicentro,3.9,433,appartamento,103,5,2,0,3,no,1918,buono,F,autonomo,sud,0,no,no,nessuno,si,126,6,198000
IMM-01766,Roma,periferia,8.6,2183,appartamento,100,3,2,3,3,si,2018,buono,A,autonomo,est,3,no,no,nessuno,no,186,5,198000
IMM-01767,Firenze,semicentro,2.2,364,appartamento,76,3,2,3,7,si,2003,buono,D,autonomo,doppia,1,no,no,box,no,96,6,325000
IMM-01768,Milano,centro,0.4,321,appartamento,77,1,2,1,4,no,1969,buono,F,centralizzato,doppia,3,no,no,nessuno,si,140,1,468000
IMM-01769,Torino,periferia,9.0,2098,attico,104,5,3,10,10,si,1993,buono,E,autonomo,sud,1,si,no,nessuno,si,185,9,137000
IMM-01770,Milano,centro,0.3,567,appartamento,92,4,3,3,5,si,1958,ristrutturato,D,centralizzato,doppia,1,no,no,nessuno,si,173,12,726000
IMM-01771,Padova,periferia,14.3,1294,attico,85,3,2,6,6,si,1976,ristrutturato,D,centralizzato,doppia,0,si,no,box,no,192,3,141000
IMM-01772,Roma,semicentro,4.4,445,villetta,185,7,3,0,2,no,1998,ristrutturato,C,autonomo,doppia,2,no,si,box,no,7,11,589000
IMM-01773,Napoli,centro,0.5,382,appartamento,69,2,1,0,5,si,1963,buono,F,autonomo,nord,1,no,no,nessuno,no,150,5,226000
IMM-01774,Milano,semicentro,4.5,269,appartamento,91,3,2,5,7,no,1973,buono,F,autonomo,doppia,1,no,no,nessuno,no,125,2,295000
IMM-01775,Bari,semicentro,3.6,189,appartamento,101,4,2,2,6,si,1994,buono,E,autonomo,sud,1,no,no,nessuno,si,213,1,156000
IMM-01776,Milano,centro,1.8,393,appartamento,119,5,2,3,3,no,1926,ristrutturato,C,autonomo,est,0,no,no,nessuno,si,193,12,946000
IMM-01777,Torino,semicentro,5.9,475,appartamento,72,3,1,3,3,no,1985,da_ristrutturare,D,centralizzato,sud,2,no,si,box,no,118,2,146000
IMM-01778,Bologna,periferia,9.8,1082,appartamento,66,3,1,1,3,no,1990,buono,D,autonomo,est,2,no,no,posto_auto,no,101,5,148000
IMM-01779,Milano,periferia,10.4,1339,appartamento,116,4,2,1,4,si,1990,ristrutturato,B,autonomo,sud,1,no,no,box,si,215,10,340000
IMM-01780,Milano,semicentro,5.8,1153,villetta,153,6,3,0,2,no,1989,ristrutturato,D,autonomo,doppia,0,no,si,box,no,2,5,941000
IMM-01781,Firenze,periferia,12.7,4628,attico,140,5,3,4,4,si,1954,ristrutturato,E,centralizzato,nord,1,si,no,box,si,248,12,346000
IMM-01782,Roma,semicentro,3.6,420,appartamento,80,3,2,4,6,si,1997,buono,F,centralizzato,est,1,si,no,nessuno,si,248,2,235000
IMM-01783,Torino,periferia,13.1,1400,villetta,127,4,2,0,2,no,1990,buono,G,autonomo,nord,0,si,si,box,si,7,3,158000
IMM-01784,Firenze,semicentro,2.3,839,appartamento,104,4,2,2,3,no,1980,buono,F,autonomo,ovest,2,si,no,nessuno,si,166,6,344000
IMM-01785,Milano,semicentro,2.1,490,appartamento,47,2,1,1,6,si,2014,ristrutturato,B,autonomo,doppia,2,no,no,box,no,105,9,286000
IMM-01786,Torino,semicentro,5.4,542,appartamento,61,3,1,1,5,no,1956,buono,F,centralizzato,sud,2,no,no,nessuno,no,147,5,112000
IMM-01787,Milano,semicentro,2.5,935,villetta,123,4,1,0,2,no,2005,ristrutturato,B,autonomo,est,0,no,si,box,no,21,3,936000
IMM-01788,Torino,centro,0.8,392,appartamento,52,2,1,0,3,si,1990,da_ristrutturare,D,centralizzato,sud,3,si,si,nessuno,no,203,5,139000
IMM-01789,Torino,semicentro,2.4,396,appartamento,120,5,2,0,8,si,1983,buono,E,centralizzato,sud,1,no,si,nessuno,no,222,10,180000
IMM-01790,Genova,centro,0.7,178,appartamento,104,3,2,3,5,si,1917,buono,G,autonomo,nord,1,no,no,box,no,202,12,212000
IMM-01791,Napoli,centro,1.9,263,attico,217,8,2,3,3,no,1936,buono,G,autonomo,est,0,si,no,posto_auto,si,254,8,731000
IMM-01792,Firenze,centro,1.2,149,attico,105,4,3,4,4,si,2006,ristrutturato,B,autonomo,est,1,si,no,nessuno,si,192,9,835000
IMM-01793,Firenze,semicentro,3.3,647,appartamento,36,2,1,1,7,si,1951,buono,E,centralizzato,nord,1,no,no,nessuno,no,137,10,123000
IMM-01794,Milano,semicentro,2.2,307,attico,128,5,2,3,3,si,1958,ristrutturato,D,autonomo,doppia,1,no,no,box,no,209,5,759000
IMM-01795,Torino,periferia,10.3,486,appartamento,75,1,2,2,4,si,1962,da_ristrutturare,F,centralizzato,sud,1,si,no,box,si,206,5,79000
IMM-01796,Firenze,semicentro,3.1,1861,appartamento,86,3,2,2,4,si,1983,ristrutturato,C,autonomo,doppia,2,no,no,nessuno,no,164,10,299000
IMM-01797,Genova,centro,1.3,194,appartamento,62,1,1,5,7,si,1993,da_ristrutturare,D,autonomo,nord,2,no,no,nessuno,si,140,4,111000
IMM-01798,Torino,semicentro,3.4,403,appartamento,80,2,2,5,7,si,1950,ristrutturato,D,centralizzato,sud,0,no,no,box,si,161,1,201000
IMM-01799,Torino,semicentro,4.7,522,appartamento,71,2,2,6,9,no,1907,da_ristrutturare,G,autonomo,sud,0,no,no,box,no,131,7,98000
IMM-01800,Napoli,semicentro,2.9,791,appartamento,54,2,1,0,5,si,1968,buono,F,centralizzato,doppia,1,no,no,nessuno,no,139,8,110000
IMM-01801,Roma,semicentro,3.0,553,appartamento,160,6,3,3,3,no,1966,buono,G,autonomo,doppia,1,no,no,nessuno,no,213,8,311000
IMM-01802,Padova,periferia,11.8,188,appartamento,99,3,2,2,7,si,2020,buono,B,autonomo,doppia,2,no,no,box,no,167,12,199000
IMM-01803,Milano,semicentro,2.8,321,appartamento,54,2,1,0,5,no,1907,buono,F,centralizzato,est,1,si,si,nessuno,si,139,4,254000
IMM-01804,Napoli,periferia,10.3,1837,appartamento,122,4,1,2,5,si,2012,da_ristrutturare,C,autonomo,sud,1,no,no,box,si,227,4,161000
IMM-01805,Firenze,semicentro,2.5,3358,appartamento,40,1,1,5,8,no,1922,buono,F,autonomo,est,0,no,no,posto_auto,si,85,3,116000
IMM-01806,Milano,semicentro,3.0,552,appartamento,99,4,2,2,7,no,1966,da_ristrutturare,F,centralizzato,est,2,no,no,nessuno,no,168,8,274000
IMM-01807,Roma,centro,0.2,170,appartamento,73,3,2,4,5,no,1902,ristrutturato,E,centralizzato,est,1,no,no,nessuno,no,187,12,325000
IMM-01808,Roma,semicentro,5.7,1092,appartamento,45,1,1,1,9,si,1946,buono,G,autonomo,nord,1,no,no,posto_auto,si,176,12,123000
IMM-01809,Roma,centro,0.8,205,appartamento,63,3,1,5,6,si,1974,buono,F,centralizzato,nord,3,no,no,nessuno,no,170,8,260000
IMM-01810,Roma,periferia,6.3,774,appartamento,97,3,2,5,7,si,1978,ristrutturato,D,centralizzato,ovest,1,no,no,box,si,206,4,237000
IMM-01811,Roma,semicentro,4.3,1051,villetta,170,6,3,0,2,no,2017,nuovo,A,autonomo,ovest,0,no,si,box,si,30,5,825000
IMM-01812,Milano,semicentro,2.5,2020,appartamento,82,3,2,3,3,si,1963,da_ristrutturare,G,centralizzato,doppia,2,no,no,box,no,154,12,278000
IMM-01813,Torino,periferia,12.3,807,appartamento,86,3,2,4,9,si,2012,ristrutturato,A,centralizzato,sud,2,no,no,posto_auto,no,220,9,112000
IMM-01814,Napoli,periferia,12.9,843,appartamento,62,2,1,6,9,si,1946,buono,F,centralizzato,sud,2,no,no,nessuno,si,174,11,89000
IMM-01815,Roma,centro,1.2,558,appartamento,55,1,1,1,7,no,1950,buono,F,centralizzato,ovest,2,no,no,nessuno,no,149,2,214000
IMM-01816,Roma,centro,1.9,3667,appartamento,99,4,2,3,4,si,1956,da_ristrutturare,G,centralizzato,sud,0,no,no,nessuno,si,287,3,235000
IMM-01817,Bologna,semicentro,2.7,846,appartamento,83,3,2,2,7,no,1968,buono,F,centralizzato,est,1,no,no,nessuno,no,169,3,219000
IMM-01818,Firenze,semicentro,5.6,522,appartamento,73,2,2,1,3,no,1962,buono,F,centralizzato,doppia,2,si,no,nessuno,si,132,8,271000
IMM-01819,Bologna,semicentro,3.3,272,appartamento,129,5,2,2,4,si,2016,nuovo,A,autonomo,doppia,1,no,no,posto_auto,si,207,1,551000
IMM-01820,Genova,centro,0.5,165,appartamento,37,1,1,2,5,si,1927,ristrutturato,G,centralizzato,est,2,no,no,nessuno,si,166,10,113000
IMM-01821,Bari,semicentro,2.3,1559,appartamento,63,2,1,0,5,no,2005,buono,C,autonomo,est,0,si,si,nessuno,no,103,1,156000
IMM-01822,Roma,semicentro,3.5,1228,appartamento,76,3,2,2,4,no,1951,buono,F,autonomo,doppia,1,no,no,box,no,162,10,230000
IMM-01823,Milano,semicentro,4.4,436,appartamento,83,4,2,6,7,si,1994,da_ristrutturare,D,centralizzato,nord,1,si,no,posto_auto,no,244,6,307000
IMM-01824,Milano,semicentro,6.0,840,appartamento,132,5,2,0,4,si,1995,buono,D,autonomo,sud,0,no,si,nessuno,si,240,7,545000
IMM-01825,Roma,semicentro,2.2,1086,appartamento,60,2,1,2,6,no,2020,nuovo,A,autonomo,ovest,2,no,no,nessuno,no,103,3,267000
IMM-01826,Milano,semicentro,5.2,387,appartamento,112,5,2,3,3,no,1952,ristrutturato,E,centralizzato,doppia,1,no,no,nessuno,si,153,4,384000
IMM-01827,Palermo,periferia,7.1,2705,appartamento,135,5,2,4,7,si,1994,buono,D,autonomo,est,3,no,no,box,si,288,3,119000
IMM-01828,Padova,semicentro,5.6,432,appartamento,55,2,1,2,6,si,1990,buono,E,centralizzato,ovest,2,no,no,posto_auto,si,189,5,130000
IMM-01829,Milano,periferia,7.0,1324,appartamento,68,2,1,4,6,si,1982,da_ristrutturare,E,autonomo,doppia,1,no,no,nessuno,no,117,5,169000
IMM-01830,Napoli,periferia,13.2,544,appartamento,100,5,2,3,3,no,1959,buono,G,autonomo,ovest,1,no,no,posto_auto,si,108,5,132000
IMM-01831,Milano,semicentro,4.1,1684,appartamento,104,5,2,2,9,si,1988,buono,F,centralizzato,doppia,0,no,no,posto_auto,no,238,3,482000
IMM-01832,Palermo,centro,1.8,412,appartamento,82,3,2,7,7,no,1926,buono,G,autonomo,ovest,0,no,no,nessuno,no,96,6,112000
IMM-01833,Genova,semicentro,4.1,961,appartamento,77,3,2,6,6,si,2003,buono,D,autonomo,nord,0,no,no,nessuno,no,157,11,155000
IMM-01834,Roma,periferia,6.6,3273,appartamento,128,5,2,3,6,no,1966,da_ristrutturare,F,autonomo,est,1,no,no,posto_auto,si,162,12,160000
IMM-01835,Roma,periferia,13.7,1714,appartamento,45,1,1,3,7,si,2001,buono,C,autonomo,nord,3,no,no,nessuno,si,113,1,80000
IMM-01836,Roma,centro,1.5,463,appartamento,67,2,1,2,3,no,1969,buono,F,centralizzato,nord,2,no,no,nessuno,si,78,11,248000
IMM-01837,Bari,semicentro,4.3,1300,appartamento,158,6,3,3,3,si,2003,ristrutturato,B,autonomo,est,2,no,no,posto_auto,si,244,3,334000
IMM-01838,Milano,semicentro,4.3,193,appartamento,83,3,2,8,8,si,2018,nuovo,A,autonomo,doppia,3,no,no,posto_auto,si,163,5,535000
IMM-01839,Roma,semicentro,4.8,457,appartamento,78,3,2,0,3,no,2008,buono,C,centralizzato,nord,1,no,si,box,no,66,7,309000
IMM-01840,Roma,centro,1.6,529,appartamento,57,2,1,3,4,si,1994,buono,E,centralizzato,ovest,1,no,no,nessuno,no,142,10,246000
IMM-01841,Bari,centro,1.6,149,attico,103,3,3,4,4,si,1964,buono,F,centralizzato,ovest,3,si,no,box,no,205,11,345000
IMM-01842,Genova,semicentro,5.5,763,appartamento,74,3,2,3,5,no,1959,da_ristrutturare,E,centralizzato,ovest,1,no,no,nessuno,si,158,3,70000
IMM-01843,Napoli,periferia,7.8,1014,villetta,265,8,4,0,3,no,2017,nuovo,A,autonomo,sud,0,no,si,posto_auto,no,34,6,559000
IMM-01844,Bari,periferia,6.6,2891,appartamento,49,1,2,2,3,no,2015,da_ristrutturare,B,autonomo,sud,3,no,no,box,no,41,8,73000
IMM-01845,Bologna,periferia,14.2,1130,appartamento,43,3,1,1,4,si,1992,ristrutturato,D,centralizzato,est,0,no,no,box,si,145,3,114000
IMM-01846,Milano,periferia,8.4,2761,appartamento,100,3,3,4,6,no,1953,buono,E,autonomo,doppia,1,no,no,nessuno,si,155,1,176000
IMM-01847,Napoli,semicentro,3.1,597,attico,149,6,3,3,3,si,1928,ristrutturato,D,centralizzato,ovest,0,si,no,nessuno,no,259,2,433000
IMM-01848,Milano,centro,1.3,313,appartamento,60,3,2,1,4,si,1950,ristrutturato,E,autonomo,nord,1,si,no,nessuno,si,181,7,548000
IMM-01849,Firenze,centro,1.0,101,appartamento,90,3,2,1,3,si,1948,da_ristrutturare,F,autonomo,doppia,1,no,no,nessuno,si,165,7,490000
IMM-01850,Milano,centro,0.5,328,attico,79,3,2,7,7,no,1954,buono,G,centralizzato,nord,1,si,no,nessuno,si,160,2,452000
IMM-01851,Genova,periferia,10.2,712,appartamento,89,3,2,1,5,si,2014,buono,C,centralizzato,ovest,2,no,no,box,si,220,5,115000
IMM-01852,Padova,semicentro,4.1,470,appartamento,119,4,1,1,5,si,1984,buono,D,autonomo,sud,1,no,no,posto_auto,si,199,4,255000
IMM-01853,Torino,centro,1.7,101,appartamento,83,4,2,1,6,si,1934,ristrutturato,E,centralizzato,doppia,2,no,no,nessuno,si,224,6,280000
IMM-01854,Napoli,centro,1.4,455,appartamento,117,5,2,4,4,no,1928,buono,G,centralizzato,nord,0,no,no,nessuno,si,202,6,297000
IMM-01855,Roma,centro,0.5,574,appartamento,102,4,2,2,3,no,1904,buono,F,autonomo,doppia,1,no,no,nessuno,no,153,3,467000
IMM-01856,Bologna,semicentro,5.4,561,appartamento,109,5,2,9,9,si,1971,ristrutturato,E,centralizzato,doppia,2,no,no,nessuno,no,233,5,189000
IMM-01857,Genova,periferia,11.5,1269,villetta,104,4,1,0,2,no,1981,ristrutturato,C,autonomo,ovest,1,si,si,box,si,8,5,157000
IMM-01858,Roma,semicentro,2.6,964,appartamento,67,2,1,3,8,si,2006,buono,C,autonomo,doppia,1,no,no,nessuno,si,129,5,280000
IMM-01859,Firenze,semicentro,4.6,733,appartamento,79,2,2,4,5,si,1952,ristrutturato,C,centralizzato,est,1,no,no,posto_auto,no,139,12,322000
IMM-01860,Milano,semicentro,5.7,558,appartamento,71,3,2,6,7,si,1941,buono,G,centralizzato,sud,0,no,no,posto_auto,no,187,2,329000
IMM-01861,Roma,periferia,11.2,3206,appartamento,106,4,1,3,3,no,2024,buono,A,autonomo,doppia,3,no,no,box,no,148,6,241000
IMM-01862,Milano,semicentro,3.1,924,appartamento,69,2,1,1,6,no,2002,buono,C,autonomo,doppia,3,no,no,box,no,97,3,419000
IMM-01863,Firenze,periferia,9.3,559,appartamento,93,5,2,4,4,si,1927,da_ristrutturare,F,centralizzato,nord,0,no,no,box,si,179,6,190000
IMM-01864,Milano,periferia,10.0,2913,appartamento,61,2,1,3,6,si,1964,ristrutturato,D,autonomo,nord,1,no,no,box,si,101,2,239000
IMM-01865,Bari,centro,0.5,462,appartamento,89,3,2,3,6,no,1920,buono,G,autonomo,sud,2,no,no,posto_auto,no,126,9,216000
IMM-01866,Bologna,periferia,14.1,1191,attico,71,3,1,6,6,si,1996,da_ristrutturare,D,autonomo,est,1,si,no,posto_auto,si,158,6,139000
IMM-01867,Roma,periferia,8.8,977,appartamento,110,5,2,5,5,si,2012,da_ristrutturare,B,autonomo,ovest,2,no,no,nessuno,si,273,7,217000
IMM-01868,Napoli,semicentro,2.6,193,appartamento,46,1,1,2,5,si,1997,buono,E,centralizzato,nord,3,no,no,box,no,165,1,129000
IMM-01869,Napoli,centro,1.7,388,appartamento,90,3,2,6,6,si,2012,buono,C,autonomo,doppia,2,no,no,posto_auto,si,145,4,369000
IMM-01870,Bari,periferia,7.6,763,appartamento,117,4,2,4,10,si,2014,buono,C,autonomo,est,2,no,no,nessuno,si,203,3,149000
IMM-01871,Napoli,semicentro,5.5,723,appartamento,54,4,2,0,4,no,1907,buono,F,centralizzato,est,0,no,no,nessuno,si,120,5,115000
IMM-01872,Roma,periferia,14.6,978,appartamento,56,3,1,2,5,no,1946,buono,G,centralizzato,ovest,2,no,no,nessuno,si,114,3,107000
IMM-01873,Napoli,semicentro,5.3,839,villetta,142,6,3,0,2,no,1966,ristrutturato,D,autonomo,nord,1,no,si,posto_auto,si,18,6,363000
IMM-01874,Roma,periferia,7.5,1537,villetta,220,8,3,0,2,no,2022,nuovo,B,autonomo,est,0,no,si,box,si,15,1,628000
IMM-01875,Bologna,periferia,7.3,3028,attico,152,5,3,10,10,no,1949,buono,G,centralizzato,sud,1,si,no,box,si,266,3,199000
IMM-01876,Milano,semicentro,4.4,705,appartamento,71,2,1,5,5,si,1923,buono,E,autonomo,nord,1,no,no,box,si,169,4,317000
IMM-01877,Padova,semicentro,5.1,710,attico,184,7,3,7,7,si,2011,ristrutturato,B,centralizzato,ovest,1,si,no,nessuno,no,307,3,567000
IMM-01878,Roma,semicentro,5.8,434,appartamento,62,2,1,3,8,no,1958,da_ristrutturare,G,autonomo,doppia,1,no,no,nessuno,no,148,6,117000
IMM-01879,Roma,semicentro,4.5,563,appartamento,83,4,2,1,5,si,1984,buono,C,centralizzato,ovest,2,no,no,nessuno,no,192,2,247000
IMM-01880,Firenze,centro,0.9,167,appartamento,70,2,1,2,3,no,1996,buono,E,autonomo,est,1,no,no,nessuno,no,156,1,421000
IMM-01881,Torino,semicentro,2.8,657,appartamento,74,3,2,0,6,si,1985,da_ristrutturare,F,centralizzato,nord,2,no,no,posto_auto,no,167,3,115000
IMM-01882,Roma,semicentro,5.2,904,appartamento,115,4,3,5,7,si,2020,nuovo,A,centralizzato,sud,2,no,no,box,si,248,1,571000
IMM-01883,Palermo,periferia,14.6,1088,appartamento,54,1,1,4,6,si,1949,buono,F,centralizzato,doppia,1,no,no,nessuno,si,148,8,42000
IMM-01884,Milano,centro,0.2,223,appartamento,63,2,1,3,4,si,1919,ristrutturato,D,centralizzato,ovest,0,no,no,nessuno,si,195,6,579000
IMM-01885,Torino,centro,0.9,364,appartamento,91,4,2,1,3,no,1920,ristrutturato,E,autonomo,nord,0,no,no,nessuno,si,127,7,282000
IMM-01886,Napoli,periferia,13.2,619,attico,228,8,3,4,4,si,2005,buono,B,autonomo,doppia,1,si,no,nessuno,no,326,10,453000
IMM-01887,Bologna,periferia,9.0,1218,villetta,170,7,3,0,2,no,1972,buono,F,autonomo,nord,1,no,si,box,no,28,1,276000
IMM-01888,Milano,periferia,7.0,901,appartamento,72,3,2,11,11,no,1969,ristrutturato,E,autonomo,doppia,3,si,no,box,si,86,6,206000
IMM-01889,Milano,semicentro,6.0,906,appartamento,54,4,1,2,4,si,1951,buono,G,autonomo,est,1,no,no,nessuno,si,129,1,212000
IMM-01890,Torino,semicentro,3.6,820,appartamento,59,3,1,3,8,si,1955,buono,F,autonomo,doppia,2,no,no,nessuno,si,139,6,130000
IMM-01891,Roma,centro,0.6,173,appartamento,72,2,2,2,7,si,2021,nuovo,A,autonomo,nord,1,no,no,nessuno,si,130,9,571000
IMM-01892,Milano,periferia,7.2,1477,appartamento,70,3,1,6,7,no,1959,da_ristrutturare,F,centralizzato,doppia,0,no,no,posto_auto,si,132,5,136000
IMM-01893,Torino,semicentro,5.6,586,appartamento,78,3,2,0,7,si,1959,buono,E,autonomo,sud,2,no,no,box,si,152,2,133000
IMM-01894,Bologna,periferia,10.6,1255,appartamento,55,3,1,6,6,si,1968,buono,F,centralizzato,nord,1,no,no,posto_auto,si,167,6,123000
IMM-01895,Bologna,centro,0.7,678,appartamento,91,3,2,3,5,no,1951,ristrutturato,D,centralizzato,nord,2,no,no,nessuno,si,222,12,358000
IMM-01896,Palermo,periferia,12.5,1090,appartamento,66,2,1,3,6,no,1939,da_ristrutturare,F,autonomo,ovest,0,no,no,box,si,120,8,56000
IMM-01897,Milano,semicentro,3.2,767,appartamento,112,4,2,2,4,si,1905,buono,F,centralizzato,ovest,0,no,no,posto_auto,si,252,1,427000
IMM-01898,Firenze,centro,1.8,262,appartamento,123,4,2,1,3,si,1921,buono,G,autonomo,ovest,1,no,no,nessuno,no,211,9,616000
IMM-01899,Napoli,periferia,13.2,1685,appartamento,83,3,2,1,2,no,1999,buono,E,autonomo,sud,2,no,no,posto_auto,no,84,10,129000
IMM-01900,Milano,semicentro,4.9,305,appartamento,38,1,1,2,8,no,1939,buono,F,autonomo,ovest,0,no,si,nessuno,si,90,4,183000
IMM-01901,Roma,semicentro,5.0,349,appartamento,120,5,2,3,4,no,1962,buono,F,centralizzato,ovest,0,no,no,nessuno,no,193,8,282000
IMM-01902,Milano,periferia,7.2,1678,appartamento,167,5,2,2,8,si,1985,da_ristrutturare,E,autonomo,doppia,2,no,no,box,no,239,2,389000
IMM-01903,Palermo,periferia,7.5,1301,appartamento,59,2,1,4,5,si,1947,ristrutturato,F,centralizzato,ovest,2,no,no,box,si,137,1,61000
IMM-01904,Roma,periferia,14.3,1571,appartamento,81,3,2,2,2,no,2020,nuovo,A,centralizzato,doppia,2,no,no,box,si,149,2,232000
IMM-01905,Napoli,centro,1.5,521,appartamento,62,2,1,3,3,si,1922,ristrutturato,E,autonomo,doppia,1,no,no,nessuno,no,160,4,213000
IMM-01906,Roma,periferia,11.9,442,villetta,100,2,2,0,2,no,1980,buono,E,autonomo,doppia,1,no,si,posto_auto,no,1,10,176000
IMM-01907,Genova,centro,0.9,631,appartamento,70,3,1,4,4,si,2007,buono,D,autonomo,nord,2,no,no,nessuno,si,222,7,178000
IMM-01908,Milano,semicentro,5.6,934,attico,128,5,2,6,6,si,1984,ristrutturato,D,centralizzato,sud,1,si,no,posto_auto,no,211,7,803000
IMM-01909,Palermo,semicentro,5.9,328,appartamento,52,1,1,2,7,si,1990,da_ristrutturare,D,autonomo,sud,1,no,no,nessuno,no,119,6,66000
IMM-01910,Padova,periferia,12.5,395,appartamento,123,4,3,4,4,no,1964,buono,E,autonomo,sud,1,no,no,box,no,170,11,153000
IMM-01911,Palermo,centro,1.3,160,appartamento,96,4,2,2,7,si,1978,buono,E,centralizzato,doppia,1,no,no,nessuno,no,266,7,184000
IMM-01912,Napoli,semicentro,2.2,513,appartamento,89,3,2,6,6,no,1951,ristrutturato,E,centralizzato,ovest,1,no,no,nessuno,si,150,6,213000
IMM-01913,Roma,periferia,12.0,663,appartamento,84,3,2,1,3,no,2025,nuovo,A,autonomo,doppia,2,no,no,nessuno,no,159,12,248000
IMM-01914,Palermo,periferia,13.5,1350,appartamento,88,4,2,6,8,si,2025,buono,A,autonomo,doppia,0,si,no,box,si,184,2,105000
IMM-01915,Napoli,semicentro,3.5,940,appartamento,96,3,2,7,7,si,2014,buono,C,autonomo,nord,1,no,no,posto_auto,si,188,4,254000
IMM-01916,Torino,centro,1.5,119,appartamento,106,4,2,4,5,si,2012,buono,D,autonomo,ovest,0,no,si,nessuno,no,188,5,319000
IMM-01917,Milano,semicentro,5.0,1422,appartamento,60,3,1,0,7,si,2012,ristrutturato,A,autonomo,ovest,0,no,no,box,no,168,6,310000
IMM-01918,Milano,semicentro,4.5,529,appartamento,99,3,2,3,7,no,1965,ristrutturato,F,centralizzato,ovest,2,si,no,nessuno,no,166,7,380000
IMM-01919,Milano,periferia,14.3,1679,appartamento,46,1,1,1,10,si,1984,buono,F,centralizzato,doppia,2,no,no,box,no,93,1,132000
IMM-01920,Palermo,semicentro,5.5,406,appartamento,117,3,2,0,9,si,1946,buono,G,autonomo,sud,1,no,si,box,no,210,5,134000
IMM-01921,Bologna,periferia,15.0,3862,appartamento,90,3,2,0,5,si,2024,buono,B,centralizzato,est,3,no,no,box,no,209,8,188000
IMM-01922,Milano,semicentro,3.0,726,appartamento,56,1,1,2,7,si,1953,buono,F,centralizzato,nord,2,no,no,posto_auto,si,104,6,281000
IMM-01923,Firenze,periferia,12.9,619,villetta,153,6,3,0,2,no,1990,buono,E,autonomo,est,1,si,si,box,no,41,4,440000
IMM-01924,Bologna,semicentro,5.7,781,appartamento,73,3,2,5,5,si,1955,da_ristrutturare,F,autonomo,nord,1,no,no,nessuno,si,165,4,145000
IMM-01925,Genova,periferia,11.4,1580,appartamento,105,5,2,6,11,si,2024,nuovo,A,centralizzato,sud,1,no,no,nessuno,si,203,1,150000
IMM-01926,Bari,semicentro,4.0,1029,villetta,129,4,1,0,2,no,1949,ristrutturato,E,autonomo,sud,0,no,si,box,no,27,4,271000
IMM-01927,Bologna,semicentro,5.0,653,appartamento,73,3,2,0,6,no,1961,buono,E,autonomo,sud,2,no,si,posto_auto,si,96,5,205000
IMM-01928,Bologna,periferia,10.2,1425,appartamento,57,2,1,1,4,si,1979,buono,E,autonomo,est,2,no,no,nessuno,no,140,4,107000
IMM-01929,Milano,periferia,8.3,2146,appartamento,110,5,2,0,2,si,1986,buono,E,centralizzato,doppia,2,no,no,box,si,191,2,289000
IMM-01930,Roma,semicentro,3.4,1128,attico,153,6,3,7,7,si,1974,da_ristrutturare,F,centralizzato,doppia,3,si,no,box,si,297,12,433000
IMM-01931,Roma,semicentro,5.4,996,appartamento,69,3,1,4,4,si,1983,ristrutturato,D,centralizzato,ovest,1,no,no,nessuno,no,169,5,238000
IMM-01932,Roma,semicentro,3.4,501,villetta,186,7,3,0,2,no,1954,ristrutturato,D,autonomo,sud,0,no,si,box,no,16,3,604000
IMM-01933,Roma,semicentro,3.9,857,appartamento,135,4,2,5,9,si,2005,buono,B,autonomo,est,1,no,no,nessuno,si,237,3,419000
IMM-01934,Torino,centro,1.0,457,appartamento,54,3,1,3,3,no,1994,buono,D,autonomo,ovest,1,no,no,posto_auto,no,100,8,149000
IMM-01935,Roma,semicentro,2.5,301,appartamento,42,1,1,2,5,si,1902,buono,E,autonomo,sud,1,si,no,nessuno,si,66,7,131000
IMM-01936,Milano,centro,0.7,307,appartamento,94,3,2,6,7,no,1970,ristrutturato,E,centralizzato,nord,1,no,no,nessuno,si,190,7,525000
IMM-01937,Bologna,periferia,8.9,2277,appartamento,64,3,1,5,5,si,1997,ristrutturato,C,centralizzato,doppia,2,no,no,posto_auto,si,135,4,169000
IMM-01938,Roma,semicentro,4.1,476,appartamento,64,3,1,6,8,si,1968,ristrutturato,E,autonomo,doppia,2,no,no,nessuno,no,141,10,236000
IMM-01939,Palermo,semicentro,3.6,692,appartamento,79,4,2,3,3,si,1951,buono,F,centralizzato,sud,0,si,no,box,no,212,11,104000
IMM-01940,Firenze,semicentro,4.3,1157,appartamento,62,2,1,6,6,si,2000,buono,C,autonomo,sud,1,no,no,nessuno,no,128,7,276000
IMM-01941,Padova,semicentro,5.5,377,appartamento,77,2,3,1,5,si,1964,buono,F,autonomo,ovest,1,no,no,nessuno,si,165,3,135000
IMM-01942,Roma,semicentro,5.2,562,appartamento,130,4,1,3,8,no,1968,da_ristrutturare,G,autonomo,ovest,1,no,no,box,si,193,11,288000
IMM-01943,Roma,semicentro,2.6,255,appartamento,51,3,1,7,7,si,1979,ristrutturato,C,autonomo,doppia,1,no,no,nessuno,si,88,10,220000
IMM-01944,Firenze,centro,1.6,261,appartamento,89,4,2,2,3,no,1923,da_ristrutturare,G,autonomo,doppia,1,no,no,nessuno,no,131,8,379000
IMM-01945,Milano,semicentro,2.5,631,attico,135,4,2,3,3,no,2022,nuovo,A,autonomo,ovest,1,si,no,nessuno,si,175,12,968000
IMM-01946,Milano,semicentro,5.1,369,appartamento,51,1,1,6,8,si,1979,ristrutturato,C,autonomo,est,1,no,no,box,si,160,6,323000
IMM-01947,Padova,semicentro,2.2,411,appartamento,129,5,2,1,7,no,1970,da_ristrutturare,G,centralizzato,doppia,2,no,no,box,no,230,11,248000
IMM-01948,Padova,semicentro,4.3,1137,appartamento,135,4,2,3,8,si,2010,buono,B,autonomo,sud,1,no,no,posto_auto,si,224,10,284000
IMM-01949,Firenze,periferia,12.0,4077,appartamento,105,4,2,3,8,si,1981,ristrutturato,C,centralizzato,ovest,2,no,no,nessuno,si,245,9,218000
IMM-01950,Napoli,centro,1.8,162,appartamento,57,3,1,6,7,no,1932,da_ristrutturare,E,centralizzato,ovest,2,no,no,nessuno,si,153,7,116000
IMM-01951,Napoli,centro,1.8,333,appartamento,96,3,2,2,5,si,1969,ristrutturato,C,centralizzato,nord,1,no,no,nessuno,no,237,10,301000
IMM-01952,Napoli,semicentro,3.7,368,villetta,119,4,2,0,3,no,1952,ristrutturato,F,autonomo,ovest,0,no,si,posto_auto,no,0,2,321000
IMM-01953,Palermo,semicentro,2.8,690,appartamento,57,1,1,0,5,si,1968,buono,F,centralizzato,doppia,1,no,no,nessuno,si,142,6,71000
IMM-01954,Roma,centro,1.2,188,appartamento,78,3,2,1,4,si,1989,ristrutturato,D,centralizzato,nord,0,no,no,nessuno,no,177,5,375000
IMM-01955,Padova,semicentro,5.9,866,villetta,147,5,3,0,2,no,1992,buono,D,autonomo,ovest,2,si,si,posto_auto,si,40,1,322000
IMM-01956,Roma,periferia,14.2,990,appartamento,53,2,1,6,7,si,2020,nuovo,A,autonomo,doppia,1,no,no,box,no,137,9,153000
IMM-01957,Milano,semicentro,3.3,1079,appartamento,41,2,1,0,8,si,1991,ristrutturato,C,autonomo,nord,1,no,si,nessuno,si,98,2,239000
IMM-01958,Bologna,periferia,12.9,973,appartamento,56,2,1,5,5,si,1971,ristrutturato,E,centralizzato,sud,1,no,no,box,si,145,5,125000
IMM-01959,Palermo,periferia,7.3,774,villetta,159,6,3,0,3,no,1983,buono,E,autonomo,sud,0,si,si,posto_auto,no,8,1,155000
IMM-01960,Milano,periferia,12.7,1345,appartamento,74,4,2,0,2,no,2000,buono,C,autonomo,nord,1,no,no,posto_auto,si,89,2,234000
IMM-01961,Milano,centro,0.9,175,appartamento,61,2,1,3,4,no,1959,buono,G,centralizzato,doppia,0,no,no,nessuno,si,176,8,336000
IMM-01962,Firenze,periferia,10.5,1464,appartamento,94,3,2,1,11,si,1955,buono,F,centralizzato,sud,0,no,no,nessuno,no,165,12,173000
IMM-01963,Roma,periferia,7.7,803,villetta,156,5,2,0,2,no,2001,ristrutturato,A,autonomo,doppia,0,no,si,box,si,6,2,412000
IMM-01964,Napoli,periferia,11.2,1717,appartamento,117,4,2,1,8,si,2007,ristrutturato,A,autonomo,sud,2,no,no,nessuno,no,171,11,215000
IMM-01965,Genova,centro,0.6,742,appartamento,63,1,1,4,6,si,1947,buono,D,centralizzato,nord,1,no,no,nessuno,si,195,4,127000
IMM-01966,Torino,centro,0.6,271,appartamento,99,3,3,1,3,no,1937,buono,F,autonomo,sud,1,no,no,nessuno,no,149,9,254000
IMM-01967,Palermo,periferia,12.6,1143,appartamento,63,1,1,0,10,no,1907,ristrutturato,C,centralizzato,doppia,0,no,si,box,si,95,3,75000
IMM-01968,Milano,periferia,9.8,1512,appartamento,57,2,1,2,8,si,1985,da_ristrutturare,F,autonomo,est,0,no,no,box,no,163,11,153000
IMM-01969,Roma,periferia,8.0,1187,appartamento,77,3,2,9,9,no,1970,ristrutturato,E,centralizzato,sud,0,no,no,box,si,158,3,139000
IMM-01970,Milano,periferia,10.3,1991,appartamento,97,4,2,5,10,si,1957,da_ristrutturare,E,centralizzato,sud,1,no,no,nessuno,no,237,5,210000
IMM-01971,Firenze,semicentro,3.1,663,appartamento,134,5,2,0,5,si,1911,buono,F,centralizzato,ovest,1,no,si,box,si,258,3,447000
IMM-01972,Genova,centro,0.5,444,appartamento,74,3,2,3,5,no,1907,buono,E,autonomo,doppia,0,no,no,nessuno,no,132,2,201000
IMM-01973,Torino,semicentro,4.4,585,appartamento,47,2,1,2,6,si,1947,da_ristrutturare,F,autonomo,nord,2,no,no,posto_auto,si,143,10,65000
IMM-01974,Torino,periferia,14.2,1202,appartamento,64,3,1,2,4,si,1964,ristrutturato,E,centralizzato,sud,1,no,no,posto_auto,si,182,5,85000
IMM-01975,Napoli,semicentro,4.7,580,appartamento,77,3,3,0,6,si,1950,ristrutturato,C,centralizzato,sud,2,no,no,nessuno,no,207,10,141000
IMM-01976,Roma,periferia,6.4,502,appartamento,69,3,1,3,9,si,2020,nuovo,A,autonomo,sud,2,no,no,box,si,144,10,237000
IMM-01977,Genova,semicentro,2.5,515,appartamento,120,3,2,0,3,no,1959,buono,F,centralizzato,sud,1,no,si,nessuno,no,246,10,170000
IMM-01978,Palermo,semicentro,3.3,1147,appartamento,77,3,2,2,7,no,1906,buono,E,autonomo,ovest,1,no,no,box,si,120,2,124000
IMM-01979,Genova,centro,0.8,580,appartamento,40,2,1,4,6,no,1903,buono,G,centralizzato,doppia,2,no,no,posto_auto,si,95,3,95000
IMM-01980,Roma,centro,1.6,226,appartamento,80,2,3,0,3,no,1905,ristrutturato,D,autonomo,nord,0,no,no,box,no,137,7,384000
IMM-01981,Bologna,semicentro,5.6,163,appartamento,124,5,2,2,5,si,1997,buono,E,centralizzato,doppia,2,no,no,nessuno,no,266,3,332000
IMM-01982,Firenze,semicentro,4.0,546,appartamento,50,1,2,6,6,si,1954,buono,G,centralizzato,doppia,1,no,no,nessuno,si,159,7,171000
IMM-01983,Milano,semicentro,2.2,112,villetta,124,4,2,0,2,no,1983,buono,E,autonomo,nord,0,no,si,box,si,16,11,680000
IMM-01984,Milano,semicentro,5.4,418,appartamento,77,4,2,0,9,no,1943,ristrutturato,E,centralizzato,sud,0,no,no,nessuno,si,162,2,358000
IMM-01985,Napoli,semicentro,2.8,379,appartamento,68,2,1,0,4,si,1976,buono,E,autonomo,ovest,0,no,si,nessuno,no,115,6,200000
IMM-01986,Torino,semicentro,5.0,891,appartamento,86,2,2,6,6,si,1993,buono,E,autonomo,doppia,1,no,no,nessuno,no,176,9,161000
IMM-01987,Napoli,periferia,7.4,870,appartamento,100,3,2,3,8,si,1985,buono,D,centralizzato,ovest,0,no,no,box,no,190,10,166000
IMM-01988,Palermo,semicentro,2.2,354,appartamento,68,3,1,5,5,si,1911,buono,G,centralizzato,est,1,no,no,box,si,191,4,93000
IMM-01989,Torino,centro,0.3,1077,appartamento,50,2,1,1,3,si,2000,da_ristrutturare,C,centralizzato,doppia,2,no,no,nessuno,no,140,5,113000
IMM-01990,Roma,semicentro,4.2,554,appartamento,70,2,2,0,3,no,1955,da_ristrutturare,E,centralizzato,sud,2,no,no,box,si,157,6,179000
IMM-01991,Milano,centro,0.5,211,appartamento,68,2,1,4,6,si,1905,da_ristrutturare,F,autonomo,sud,0,no,no,nessuno,no,197,7,410000
IMM-01992,Milano,centro,0.5,385,appartamento,51,1,1,1,5,si,1998,da_ristrutturare,F,autonomo,sud,0,no,si,nessuno,no,164,5,283000
IMM-01993,Napoli,semicentro,3.8,382,attico,138,5,2,4,4,si,1960,buono,G,centralizzato,ovest,2,si,no,posto_auto,si,256,3,328000
IMM-01994,Napoli,periferia,8.3,2627,appartamento,62,2,1,1,4,si,2000,buono,A,autonomo,ovest,1,no,no,posto_auto,no,141,2,144000
IMM-01995,Napoli,semicentro,2.6,774,attico,82,3,2,5,5,no,1970,da_ristrutturare,E,autonomo,sud,1,si,no,nessuno,no,157,2,133000
IMM-01996,Napoli,periferia,9.2,3232,appartamento,96,3,2,0,8,si,1946,ristrutturato,E,centralizzato,sud,1,no,si,nessuno,si,190,6,145000
IMM-01997,Roma,semicentro,5.5,296,appartamento,86,4,2,8,9,si,1963,ristrutturato,E,centralizzato,doppia,2,no,no,nessuno,si,223,9,300000
IMM-01998,Roma,periferia,7.7,2029,villetta,151,5,3,0,3,no,1986,ristrutturato,C,autonomo,doppia,0,si,si,box,no,6,4,431000
IMM-01999,Bologna,periferia,8.4,640,appartamento,91,3,2,0,2,no,1942,da_ristrutturare,G,autonomo,doppia,2,no,si,posto_auto,si,182,10,148000
IMM-02000,Roma,semicentro,4.8,772,appartamento,138,5,2,4,5,si,1922,ristrutturato,E,centralizzato,sud,0,no,no,nessuno,si,260,8,502000
IMM-02001,Roma,centro,0.6,259,appartamento,119,4,2,2,4,no,1949,buono,F,autonomo,sud,3,no,no,nessuno,no,219,6,463000
IMM-02002,Torino,semicentro,6.0,1797,appartamento,110,5,2,4,9,no,1955,da_ristrutturare,E,autonomo,ovest,2,si,no,nessuno,si,117,5,111000
IMM-02003,Genova,periferia,7.8,814,villetta,174,6,3,0,2,no,2021,nuovo,A,autonomo,doppia,0,no,si,box,si,17,11,290000
IMM-02004,Palermo,periferia,9.3,3299,appartamento,59,1,1,8,11,si,2019,nuovo,A,autonomo,sud,2,no,no,nessuno,no,116,7,79000
IMM-02005,Milano,periferia,11.8,888,appartamento,35,1,2,0,5,si,1907,ristrutturato,D,autonomo,sud,0,no,no,posto_auto,si,155,4,121000
IMM-02006,Milano,centro,1.4,497,appartamento,60,2,1,2,3,si,1939,ristrutturato,E,autonomo,est,0,no,no,nessuno,si,169,4,583000
IMM-02007,Roma,periferia,12.4,1063,appartamento,81,3,2,6,9,si,2015,buono,B,autonomo,doppia,1,no,no,box,no,177,3,174000
IMM-02008,Napoli,semicentro,3.3,341,appartamento,105,4,2,1,4,si,1990,da_ristrutturare,D,autonomo,ovest,2,no,no,posto_auto,no,206,3,239000
IMM-02009,Milano,periferia,12.4,1298,appartamento,100,4,2,1,3,no,2020,nuovo,A,autonomo,est,0,no,no,nessuno,no,134,2,308000
IMM-02010,Napoli,centro,0.3,410,appartamento,133,5,2,3,3,no,1919,ristrutturato,G,autonomo,nord,2,no,no,nessuno,no,176,11,357000
IMM-02011,Milano,periferia,13.2,1159,appartamento,69,4,1,1,3,no,1970,buono,F,centralizzato,ovest,2,no,no,nessuno,si,163,5,166000
IMM-02012,Firenze,periferia,7.3,1608,appartamento,94,4,2,4,10,si,1968,ristrutturato,E,centralizzato,ovest,0,no,no,posto_auto,no,219,1,225000
IMM-02013,Roma,centro,1.1,520,attico,106,3,2,3,3,no,1970,da_ristrutturare,E,autonomo,doppia,3,si,no,posto_auto,si,133,1,456000
IMM-02014,Napoli,periferia,8.9,363,appartamento,148,5,3,9,11,si,1943,buono,E,centralizzato,doppia,0,no,no,nessuno,si,230,4,239000
IMM-02015,Bari,semicentro,4.6,2037,villetta,118,4,2,0,2,no,1953,da_ristrutturare,F,autonomo,sud,0,no,no,posto_auto,no,20,2,140000
IMM-02016,Roma,periferia,9.2,1130,appartamento,110,5,2,6,10,no,1949,buono,E,autonomo,doppia,1,no,no,box,si,165,6,163000
IMM-02017,Torino,centro,1.1,467,appartamento,59,1,1,1,6,si,1974,ristrutturato,G,autonomo,ovest,1,no,no,nessuno,si,165,9,149000
IMM-02018,Torino,centro,2.0,280,appartamento,104,3,1,0,6,si,1991,ristrutturato,D,autonomo,sud,0,no,no,nessuno,si,166,3,301000
IMM-02019,Napoli,periferia,13.0,404,villetta,114,4,2,0,3,no,1993,ristrutturato,E,autonomo,nord,0,si,si,box,no,13,3,233000
IMM-02020,Napoli,periferia,9.6,1529,appartamento,72,2,1,8,9,si,1958,buono,F,centralizzato,est,2,no,no,nessuno,si,183,5,102000
IMM-02021,Torino,centro,0.8,212,appartamento,105,2,2,1,5,si,1958,ristrutturato,E,centralizzato,doppia,1,no,no,posto_auto,no,263,9,302000
IMM-02022,Firenze,periferia,9.8,645,appartamento,96,4,2,8,9,si,1998,ristrutturato,C,autonomo,doppia,0,no,no,posto_auto,no,173,6,271000
IMM-02023,Napoli,semicentro,2.9,1789,appartamento,79,4,2,1,7,si,1984,ristrutturato,C,autonomo,doppia,2,no,no,nessuno,si,187,6,170000
IMM-02024,Roma,semicentro,5.1,1323,attico,112,5,2,5,5,si,1969,buono,F,centralizzato,sud,1,si,no,nessuno,si,212,9,431000
IMM-02025,Bari,centro,1.6,285,attico,100,3,2,3,3,no,1931,buono,F,autonomo,est,2,no,no,nessuno,no,193,3,240000
IMM-02026,Roma,centro,0.2,394,appartamento,108,3,2,3,7,no,1942,ristrutturato,E,centralizzato,doppia,0,no,no,nessuno,si,162,5,508000
IMM-02027,Milano,centro,0.5,250,appartamento,93,3,2,1,3,no,1936,da_ristrutturare,G,autonomo,doppia,1,no,no,nessuno,si,183,6,454000
IMM-02028,Roma,periferia,14.0,2350,villetta,167,5,3,0,3,no,1979,da_ristrutturare,D,autonomo,sud,0,no,si,box,si,14,10,240000
IMM-02029,Torino,periferia,9.7,2942,appartamento,69,2,2,2,4,si,2025,nuovo,B,autonomo,nord,1,no,no,posto_auto,no,127,9,191000
IMM-02030,Roma,centro,1.6,466,appartamento,44,2,1,3,5,si,2022,nuovo,A,centralizzato,doppia,1,si,no,nessuno,no,110,4,347000
IMM-02031,Torino,semicentro,2.0,520,villetta,156,5,3,0,2,no,2012,buono,D,autonomo,doppia,0,si,si,box,no,9,12,327000
IMM-02032,Milano,periferia,14.1,363,villetta,197,7,4,0,3,no,1977,ristrutturato,F,autonomo,est,0,no,si,box,si,15,12,532000
IMM-02033,Bari,periferia,13.0,1464,appartamento,46,1,1,8,11,si,1992,buono,F,autonomo,est,0,no,no,box,no,123,4,66000
IMM-02034,Milano,semicentro,5.4,192,appartamento,90,4,2,5,6,si,1996,da_ristrutturare,F,autonomo,ovest,1,no,no,nessuno,no,162,5,349000
IMM-02035,Torino,periferia,6.2,1801,appartamento,114,3,2,0,11,si,2007,da_ristrutturare,B,autonomo,sud,1,no,si,nessuno,no,209,2,129000
IMM-02036,Genova,periferia,13.8,1256,appartamento,87,3,2,1,11,si,2016,nuovo,A,autonomo,est,1,si,no,posto_auto,no,153,5,135000
IMM-02037,Milano,centro,1.2,624,appartamento,101,4,2,6,7,si,1917,da_ristrutturare,F,centralizzato,sud,1,no,no,nessuno,si,235,3,561000
IMM-02038,Palermo,semicentro,5.1,469,appartamento,95,3,2,8,8,si,1951,da_ristrutturare,G,autonomo,nord,1,no,no,box,si,188,5,90000
IMM-02039,Palermo,centro,0.3,594,appartamento,115,4,1,1,5,no,1900,da_ristrutturare,F,autonomo,sud,0,no,no,posto_auto,no,199,11,167000
IMM-02040,Padova,semicentro,4.6,519,attico,108,4,2,9,9,si,1976,buono,E,autonomo,nord,0,si,no,nessuno,si,217,7,250000
IMM-02041,Torino,periferia,6.0,898,appartamento,87,2,2,2,9,no,1982,ristrutturato,D,centralizzato,doppia,0,no,no,posto_auto,no,164,2,114000
IMM-02042,Genova,semicentro,6.0,550,appartamento,79,2,2,3,3,si,1941,da_ristrutturare,F,autonomo,est,0,si,no,posto_auto,si,161,6,121000
IMM-02043,Bari,periferia,14.1,1292,appartamento,73,2,2,4,6,si,2005,ristrutturato,B,centralizzato,nord,1,no,no,posto_auto,si,174,5,85000
IMM-02044,Torino,centro,1.9,463,appartamento,47,2,1,0,5,si,1991,ristrutturato,D,centralizzato,nord,1,no,no,box,no,136,8,168000
IMM-02045,Firenze,semicentro,4.8,443,appartamento,148,5,3,4,4,si,2024,nuovo,A,autonomo,est,1,no,no,nessuno,no,224,6,774000
IMM-02046,Milano,periferia,13.1,2613,villetta,241,8,4,0,3,no,1943,da_ristrutturare,E,autonomo,doppia,1,no,si,box,si,6,11,609000
IMM-02047,Padova,periferia,14.6,638,appartamento,166,6,4,5,5,si,1970,buono,E,centralizzato,doppia,2,no,no,nessuno,no,288,6,137000
IMM-02048,Firenze,semicentro,3.5,938,appartamento,49,2,2,0,3,no,2003,buono,C,autonomo,sud,2,no,no,posto_auto,si,103,5,191000
IMM-02049,Milano,centro,2.0,533,appartamento,58,2,2,0,3,no,1923,buono,G,autonomo,ovest,1,no,no,nessuno,si,152,1,345000
IMM-02050,Milano,periferia,6.5,750,villetta,112,3,2,0,2,no,1947,ristrutturato,E,autonomo,ovest,0,si,si,box,si,3,9,494000
IMM-02051,Padova,semicentro,2.8,590,appartamento,80,3,2,5,9,si,2016,nuovo,A,autonomo,ovest,1,no,no,nessuno,si,201,1,253000
IMM-02052,Padova,periferia,13.1,2025,appartamento,93,3,3,2,5,si,2006,ristrutturato,B,autonomo,nord,1,no,no,box,no,168,6,149000
IMM-02053,Napoli,centro,1.0,491,appartamento,55,2,1,1,6,si,1972,buono,E,autonomo,sud,1,no,no,posto_auto,no,141,2,170000
IMM-02054,Milano,semicentro,4.0,738,appartamento,83,3,2,5,7,no,1974,buono,F,centralizzato,sud,2,no,no,nessuno,si,169,10,254000
IMM-02055,Firenze,semicentro,5.2,316,attico,63,2,1,7,7,si,1966,buono,F,autonomo,ovest,1,no,no,box,si,130,10,305000
IMM-02056,Padova,periferia,13.8,790,appartamento,51,2,1,3,8,si,2005,buono,B,autonomo,nord,2,no,no,posto_auto,no,119,3,83000
IMM-02057,Palermo,centro,0.3,694,attico,138,5,2,3,3,no,1960,da_ristrutturare,G,centralizzato,sud,2,si,no,nessuno,no,239,4,187000
IMM-02058,Roma,periferia,8.9,2421,appartamento,67,2,1,7,10,si,1956,buono,F,autonomo,doppia,1,no,no,nessuno,no,159,9,132000
IMM-02059,Milano,periferia,13.8,3201,appartamento,133,6,2,0,7,si,1984,buono,G,centralizzato,est,1,no,no,box,si,192,1,270000
IMM-02060,Firenze,semicentro,5.8,315,appartamento,94,3,2,2,4,si,1954,buono,F,centralizzato,doppia,1,no,no,nessuno,si,241,3,286000
IMM-02061,Torino,periferia,10.1,1778,appartamento,76,3,2,2,4,si,1976,ristrutturato,C,autonomo,nord,1,no,no,posto_auto,no,195,4,106000
IMM-02062,Bologna,semicentro,6.0,785,appartamento,86,4,2,1,4,si,1980,da_ristrutturare,E,autonomo,sud,1,no,no,nessuno,no,223,6,164000
IMM-02063,Torino,periferia,13.5,4189,villetta,177,7,3,0,2,no,1956,ristrutturato,E,autonomo,est,0,si,no,box,no,13,12,182000
IMM-02064,Genova,periferia,10.6,447,appartamento,95,3,2,3,5,si,2007,ristrutturato,A,autonomo,doppia,1,no,no,nessuno,no,216,1,125000
IMM-02065,Genova,periferia,7.0,1266,appartamento,59,1,1,0,8,si,2009,buono,D,autonomo,doppia,2,no,no,box,no,168,4,95000
IMM-02066,Napoli,centro,1.6,112,appartamento,82,1,3,1,7,no,1929,buono,G,autonomo,doppia,2,no,no,nessuno,si,151,2,303000
IMM-02067,Torino,periferia,11.3,2467,appartamento,163,6,4,4,7,si,2017,nuovo,A,autonomo,ovest,1,no,no,box,no,255,3,244000
IMM-02068,Torino,centro,1.8,156,appartamento,76,2,2,4,4,si,1970,ristrutturato,E,centralizzato,est,2,no,no,nessuno,si,198,7,227000
IMM-02069,Bari,centro,1.7,125,attico,76,1,2,4,4,no,1946,ristrutturato,D,autonomo,doppia,2,si,no,nessuno,no,106,2,313000
IMM-02070,Bologna,semicentro,2.7,437,appartamento,82,3,2,8,8,si,1940,ristrutturato,D,centralizzato,ovest,1,no,no,nessuno,no,206,7,268000
IMM-02071,Napoli,semicentro,3.4,667,appartamento,88,3,1,5,9,si,2005,da_ristrutturare,B,centralizzato,ovest,0,no,no,posto_auto,no,150,6,210000
IMM-02072,Torino,semicentro,4.9,356,appartamento,62,2,1,3,3,no,1909,buono,G,autonomo,doppia,1,no,no,posto_auto,si,103,12,109000
IMM-02073,Roma,semicentro,3.1,388,villetta,159,6,3,0,2,no,1940,buono,E,autonomo,nord,0,no,si,posto_auto,no,20,9,524000
IMM-02074,Torino,semicentro,3.8,633,appartamento,66,2,1,4,4,no,1965,buono,F,centralizzato,ovest,2,no,no,box,si,135,7,121000
IMM-02075,Milano,periferia,9.9,1494,appartamento,52,2,1,5,7,no,1952,da_ristrutturare,G,autonomo,sud,0,no,no,posto_auto,si,69,12,103000
IMM-02076,Bologna,centro,0.3,274,appartamento,82,3,2,6,6,no,1947,da_ristrutturare,G,centralizzato,sud,1,no,no,nessuno,no,173,5,199000
IMM-02077,Milano,centro,2.0,258,appartamento,121,4,2,4,7,si,2024,nuovo,A,autonomo,nord,1,no,no,nessuno,no,244,3,1239000
IMM-02078,Milano,centro,0.8,253,appartamento,64,3,1,1,3,no,1998,buono,E,autonomo,ovest,2,no,no,nessuno,si,133,10,466000
IMM-02079,Milano,periferia,9.7,1020,appartamento,96,3,2,2,8,si,1999,ristrutturato,D,autonomo,doppia,1,no,no,nessuno,no,175,1,336000
IMM-02080,Milano,periferia,6.2,962,appartamento,77,2,2,3,7,si,2002,buono,D,autonomo,ovest,1,no,no,posto_auto,no,166,4,272000
IMM-02081,Torino,semicentro,4.1,831,appartamento,42,1,1,4,8,no,1926,ristrutturato,D,autonomo,doppia,0,no,no,nessuno,si,83,6,68000
IMM-02082,Milano,semicentro,4.6,1246,villetta,90,3,3,0,2,no,2020,nuovo,A,autonomo,sud,0,no,si,posto_auto,no,5,11,625000
IMM-02083,Napoli,semicentro,3.3,1135,appartamento,80,3,2,0,7,si,1950,ristrutturato,D,centralizzato,nord,1,no,no,nessuno,si,186,5,149000
IMM-02084,Roma,centro,0.9,267,attico,116,5,2,3,3,no,1947,da_ristrutturare,F,autonomo,est,2,si,no,nessuno,no,193,7,468000
IMM-02085,Torino,semicentro,4.9,213,appartamento,66,3,1,5,6,no,1906,ristrutturato,F,centralizzato,nord,1,no,no,box,si,92,11,116000
IMM-02086,Firenze,centro,1.9,508,appartamento,91,3,2,3,7,si,2015,da_ristrutturare,B,autonomo,sud,2,no,no,nessuno,si,171,6,535000
IMM-02087,Genova,periferia,14.3,1525,attico,107,4,2,9,9,si,2022,nuovo,A,centralizzato,nord,0,no,no,posto_auto,si,225,5,162000
IMM-02088,Milano,semicentro,4.1,655,appartamento,71,2,1,0,9,si,2017,nuovo,A,centralizzato,nord,0,no,si,nessuno,no,148,2,416000
IMM-02089,Roma,centro,0.7,347,appartamento,78,2,2,2,3,no,1920,buono,G,autonomo,doppia,0,no,no,nessuno,si,103,9,295000
IMM-02090,Napoli,periferia,10.8,783,appartamento,61,3,2,5,10,si,2004,buono,C,autonomo,ovest,1,no,no,posto_auto,si,154,7,135000
IMM-02091,Milano,periferia,7.9,2215,villetta,125,5,2,0,2,no,2006,buono,C,autonomo,ovest,0,no,si,box,si,30,2,454000
IMM-02092,Padova,periferia,8.3,899,villetta,200,8,3,0,2,no,2000,buono,C,autonomo,nord,0,no,si,nessuno,si,19,8,301000
IMM-02093,Milano,centro,0.5,192,appartamento,93,4,2,0,6,si,1979,buono,F,centralizzato,est,1,no,no,nessuno,si,206,8,652000
IMM-02094,Milano,semicentro,4.3,363,appartamento,79,3,2,4,5,si,1963,buono,F,centralizzato,ovest,1,no,no,nessuno,si,172,7,394000
IMM-02095,Bari,semicentro,5.8,887,attico,111,3,2,8,8,si,1958,buono,F,centralizzato,nord,1,si,no,nessuno,no,187,2,191000
IMM-02096,Bologna,periferia,10.7,1377,appartamento,70,3,1,2,7,si,1995,buono,E,autonomo,doppia,1,no,no,box,no,106,5,163000
IMM-02097,Genova,periferia,13.7,4513,villetta,140,5,2,0,2,no,1964,ristrutturato,E,autonomo,sud,0,no,si,posto_auto,no,10,8,147000
IMM-02098,Bari,centro,1.4,276,appartamento,93,3,3,2,4,si,1919,buono,F,autonomo,nord,0,no,no,nessuno,si,205,3,242000
IMM-02099,Genova,periferia,8.4,1861,appartamento,51,1,1,2,9,si,1977,ristrutturato,D,centralizzato,sud,1,no,no,nessuno,si,174,7,60000
IMM-02100,Torino,semicentro,3.3,557,appartamento,45,2,1,3,3,no,1961,da_ristrutturare,G,autonomo,sud,2,no,no,posto_auto,si,98,4,83000
IMM-02101,Napoli,periferia,10.2,1071,villetta,135,5,2,0,2,no,1948,buono,E,autonomo,doppia,2,no,si,posto_auto,si,0,6,202000
IMM-02102,Firenze,centro,1.6,283,appartamento,102,3,2,4,7,no,1955,buono,F,autonomo,sud,1,no,no,nessuno,si,167,1,465000
IMM-02103,Milano,semicentro,5.4,730,appartamento,100,4,2,0,6,si,2012,buono,D,autonomo,sud,2,no,no,nessuno,no,159,5,471000
IMM-02104,Roma,semicentro,4.8,591,appartamento,107,3,2,3,9,si,1951,ristrutturato,D,centralizzato,ovest,2,no,no,posto_auto,si,218,4,366000
IMM-02105,Milano,semicentro,5.2,1057,appartamento,106,4,2,5,9,no,1991,da_ristrutturare,E,autonomo,sud,2,si,no,nessuno,si,152,2,250000
IMM-02106,Firenze,centro,1.7,179,appartamento,96,3,2,1,3,si,1947,da_ristrutturare,G,autonomo,ovest,2,no,no,nessuno,si,155,10,414000
IMM-02107,Roma,periferia,14.4,815,appartamento,159,6,3,6,8,no,1956,buono,F,centralizzato,doppia,1,si,no,nessuno,si,285,5,208000
IMM-02108,Palermo,centro,1.2,180,appartamento,140,4,2,2,5,si,1913,ristrutturato,C,centralizzato,nord,1,no,no,nessuno,si,282,3,359000
IMM-02109,Milano,semicentro,5.7,1317,appartamento,59,1,1,1,7,no,1975,buono,G,centralizzato,est,2,no,no,nessuno,si,120,4,221000
IMM-02110,Roma,periferia,10.4,226,appartamento,48,1,1,7,8,si,1973,ristrutturato,D,centralizzato,doppia,2,no,no,box,si,112,10,154000
IMM-02111,Padova,semicentro,5.2,1130,appartamento,160,5,3,2,7,no,1938,da_ristrutturare,F,centralizzato,est,0,no,no,box,no,229,4,248000
IMM-02112,Napoli,semicentro,3.3,427,appartamento,109,4,2,0,4,no,1974,buono,F,centralizzato,sud,1,no,si,nessuno,no,216,3,202000
IMM-02113,Napoli,periferia,8.5,3759,villetta,155,5,3,0,2,no,1987,buono,D,autonomo,est,1,si,si,box,no,12,3,239000
IMM-02114,Roma,periferia,9.4,2435,appartamento,84,3,2,0,5,si,2009,buono,B,autonomo,nord,2,no,no,nessuno,no,148,6,144000
IMM-02115,Napoli,centro,1.5,300,attico,121,4,2,3,3,no,1950,ristrutturato,D,autonomo,sud,1,si,no,nessuno,si,172,12,521000
IMM-02116,Torino,semicentro,4.5,1100,appartamento,92,3,2,4,6,si,1951,buono,F,autonomo,nord,1,no,no,nessuno,si,196,4,156000
IMM-02117,Genova,semicentro,5.4,355,appartamento,88,3,2,0,5,no,1975,buono,E,autonomo,doppia,2,no,si,box,si,142,11,172000
IMM-02118,Bologna,centro,1.6,624,appartamento,91,5,2,1,4,no,1940,buono,F,autonomo,sud,0,no,no,nessuno,no,140,12,375000
IMM-02119,Roma,centro,0.3,305,appartamento,45,3,1,3,3,no,1938,buono,G,autonomo,est,2,no,no,nessuno,si,93,1,187000
IMM-02120,Roma,semicentro,5.4,881,appartamento,119,4,2,1,4,no,1963,buono,G,centralizzato,doppia,1,no,no,nessuno,si,160,10,284000
IMM-02121,Torino,periferia,9.2,2263,villetta,110,3,2,0,3,no,2001,da_ristrutturare,D,autonomo,nord,0,si,si,posto_auto,si,13,6,138000
IMM-02122,Torino,periferia,6.5,717,appartamento,57,3,1,0,10,si,2018,buono,A,autonomo,doppia,2,no,no,posto_auto,si,111,7,100000
IMM-02123,Bari,centro,1.4,230,appartamento,104,3,2,0,3,si,1994,buono,E,autonomo,sud,3,si,no,posto_auto,si,189,8,241000
IMM-02124,Genova,semicentro,3.6,1165,appartamento,57,2,1,1,3,no,1957,da_ristrutturare,E,autonomo,sud,3,no,no,nessuno,no,157,5,77000
IMM-02125,Bari,semicentro,4.6,172,appartamento,65,1,1,0,5,si,1950,buono,F,autonomo,sud,0,no,no,nessuno,si,149,9,111000
IMM-02126,Padova,periferia,11.9,1664,villetta,102,4,3,0,2,no,1906,buono,F,autonomo,ovest,0,no,no,box,si,19,11,128000
IMM-02127,Roma,periferia,10.3,1793,appartamento,74,3,3,3,11,si,1985,buono,E,centralizzato,est,1,no,no,nessuno,si,173,4,157000
IMM-02128,Roma,periferia,9.3,330,appartamento,74,2,1,9,9,no,1976,ristrutturato,D,centralizzato,est,1,no,no,box,no,119,2,154000
IMM-02129,Roma,periferia,13.0,2077,villetta,104,3,2,0,2,no,1987,buono,E,autonomo,doppia,2,si,no,box,no,15,6,241000
IMM-02130,Milano,periferia,12.2,2218,appartamento,72,2,1,6,11,no,1959,ristrutturato,D,centralizzato,doppia,2,no,no,box,no,162,10,156000
IMM-02131,Napoli,centro,0.2,921,appartamento,164,6,3,1,6,si,1947,ristrutturato,E,autonomo,nord,2,no,no,nessuno,no,229,6,497000
IMM-02132,Roma,periferia,6.0,640,appartamento,50,1,2,7,8,si,1999,ristrutturato,C,autonomo,doppia,1,no,no,box,no,116,5,187000
IMM-02133,Genova,semicentro,2.2,853,appartamento,92,4,2,0,4,si,2020,nuovo,A,autonomo,doppia,2,no,no,nessuno,no,166,3,217000
IMM-02134,Padova,periferia,10.6,2833,villetta,149,4,3,0,2,no,1946,ristrutturato,E,autonomo,doppia,1,no,si,posto_auto,no,16,8,203000
IMM-02135,Milano,periferia,10.2,783,appartamento,94,2,2,3,10,si,1996,buono,E,autonomo,doppia,1,no,no,box,si,132,4,357000
IMM-02136,Milano,semicentro,5.6,350,villetta,165,6,3,0,2,no,1978,buono,D,autonomo,ovest,2,no,si,box,si,20,12,812000
IMM-02137,Torino,centro,0.4,251,appartamento,100,4,2,4,4,no,1999,ristrutturato,D,autonomo,sud,2,no,no,nessuno,no,155,1,310000
IMM-02138,Firenze,periferia,12.2,948,appartamento,73,3,2,3,10,si,1939,da_ristrutturare,F,centralizzato,sud,0,no,no,posto_auto,si,174,8,144000
IMM-02139,Napoli,periferia,6.5,5000,appartamento,94,3,2,2,8,no,1953,ristrutturato,D,centralizzato,sud,3,no,no,posto_auto,si,194,6,137000
IMM-02140,Torino,periferia,8.3,1058,villetta,131,4,2,0,3,no,1958,da_ristrutturare,F,autonomo,sud,2,si,si,box,si,11,2,158000
IMM-02141,Roma,semicentro,3.2,675,appartamento,40,1,1,7,9,si,1991,buono,D,autonomo,nord,1,no,no,nessuno,no,102,5,137000
IMM-02142,Roma,periferia,8.1,2291,appartamento,120,4,2,7,11,no,2012,buono,C,autonomo,sud,2,no,no,posto_auto,si,162,8,189000
IMM-02143,Milano,centro,0.3,260,appartamento,65,3,1,5,6,si,1949,da_ristrutturare,G,centralizzato,nord,1,no,no,nessuno,si,219,3,311000
IMM-02144,Padova,periferia,14.2,2218,appartamento,102,4,2,6,10,no,1964,ristrutturato,D,centralizzato,nord,1,no,no,box,no,143,3,102000
IMM-02145,Torino,semicentro,3.7,239,villetta,228,8,4,0,2,no,2004,da_ristrutturare,B,autonomo,doppia,0,si,si,box,si,23,7,471000
IMM-02146,Padova,centro,1.1,295,appartamento,121,5,2,2,6,no,1907,buono,F,autonomo,ovest,0,no,no,nessuno,si,192,2,402000
IMM-02147,Roma,semicentro,5.3,966,appartamento,88,3,1,5,5,no,1965,da_ristrutturare,G,autonomo,nord,1,no,no,nessuno,si,148,4,158000
IMM-02148,Bologna,centro,1.3,327,appartamento,171,6,3,2,4,si,1999,ristrutturato,C,centralizzato,nord,1,no,no,nessuno,si,331,7,812000
IMM-02149,Napoli,periferia,10.9,1361,appartamento,87,3,2,1,3,si,1990,ristrutturato,D,autonomo,est,1,no,no,posto_auto,si,153,10,141000
IMM-02150,Roma,periferia,11.1,1634,villetta,178,6,4,0,2,no,1956,ristrutturato,E,autonomo,est,2,no,si,box,no,18,1,374000
IMM-02151,Bari,periferia,9.0,1259,appartamento,167,6,3,11,11,si,1980,buono,D,centralizzato,nord,2,no,no,box,no,233,9,210000
IMM-02152,Milano,centro,1.3,344,appartamento,53,1,2,0,6,si,1955,buono,F,centralizzato,doppia,1,no,no,box,si,172,1,340000
IMM-02153,Milano,periferia,8.4,5000,villetta,156,6,3,0,3,no,2017,nuovo,A,autonomo,nord,0,no,si,box,no,21,3,695000
IMM-02154,Napoli,semicentro,4.1,670,appartamento,120,4,2,0,6,si,1944,buono,G,autonomo,nord,1,si,no,posto_auto,si,200,5,266000
IMM-02155,Roma,periferia,14.0,2712,appartamento,71,3,2,0,7,si,1954,ristrutturato,D,centralizzato,ovest,1,no,no,posto_auto,no,182,10,151000
IMM-02156,Roma,periferia,11.4,763,appartamento,77,3,2,8,8,no,1973,ristrutturato,D,centralizzato,doppia,2,no,no,posto_auto,si,115,9,180000
IMM-02157,Padova,periferia,14.3,704,appartamento,55,3,1,3,6,si,2019,nuovo,A,centralizzato,sud,1,no,no,box,no,159,10,122000
IMM-02158,Napoli,semicentro,5.3,457,appartamento,55,2,1,1,9,si,1975,da_ristrutturare,G,centralizzato,doppia,1,no,no,nessuno,no,194,7,99000
IMM-02159,Genova,periferia,12.2,1726,appartamento,41,1,1,6,8,no,2001,buono,D,autonomo,sud,1,no,no,posto_auto,si,81,9,39000
IMM-02160,Palermo,centro,0.9,90,appartamento,119,4,2,3,4,si,1908,ristrutturato,E,autonomo,est,2,no,no,nessuno,si,218,6,256000
IMM-02161,Napoli,semicentro,2.6,139,villetta,176,6,3,0,3,no,1967,ristrutturato,E,autonomo,nord,2,no,si,box,no,25,10,558000
IMM-02162,Roma,periferia,8.6,1244,appartamento,75,3,2,9,9,si,1988,da_ristrutturare,E,autonomo,est,2,no,no,box,no,133,2,149000
IMM-02163,Torino,semicentro,3.4,239,appartamento,69,2,1,1,6,si,1930,buono,G,autonomo,est,1,no,no,posto_auto,no,183,8,130000
IMM-02164,Torino,periferia,10.0,581,villetta,128,4,2,0,2,no,1978,buono,E,autonomo,ovest,1,no,si,posto_auto,si,10,7,162000
IMM-02165,Roma,semicentro,4.8,550,appartamento,81,3,2,5,6,si,2015,buono,C,autonomo,sud,1,no,no,box,no,174,10,326000
IMM-02166,Palermo,periferia,13.3,578,appartamento,174,5,3,0,10,si,2023,nuovo,A,autonomo,ovest,1,no,no,posto_auto,no,255,11,177000
IMM-02167,Roma,semicentro,4.5,384,appartamento,71,2,2,5,8,si,2012,buono,B,centralizzato,nord,3,no,no,posto_auto,no,185,12,277000
IMM-02168,Firenze,periferia,10.0,984,appartamento,94,3,3,6,11,si,1997,buono,E,autonomo,sud,1,no,no,box,no,169,3,257000
IMM-02169,Genova,periferia,7.3,506,attico,142,5,2,9,9,si,2007,da_ristrutturare,C,centralizzato,sud,2,si,no,nessuno,si,244,11,159000
IMM-02170,Napoli,centro,0.2,499,appartamento,73,3,2,0,7,si,1933,da_ristrutturare,F,centralizzato,ovest,0,no,no,nessuno,si,204,2,210000
IMM-02171,Roma,periferia,14.5,1010,attico,96,3,2,2,2,no,1996,buono,E,centralizzato,sud,1,si,no,box,no,175,12,218000
IMM-02172,Padova,semicentro,2.1,522,appartamento,41,1,1,1,8,si,1922,ristrutturato,E,autonomo,sud,1,no,no,nessuno,si,143,5,111000
IMM-02173,Bologna,semicentro,3.9,352,appartamento,63,2,1,2,7,no,1966,ristrutturato,C,centralizzato,ovest,2,no,no,box,si,176,12,201000
IMM-02174,Napoli,semicentro,4.2,599,appartamento,69,2,1,2,6,si,2018,nuovo,A,autonomo,doppia,3,no,no,posto_auto,no,136,10,256000
IMM-02175,Firenze,periferia,11.7,696,villetta,212,8,3,0,2,no,1986,ristrutturato,D,autonomo,nord,0,si,si,box,si,8,12,558000
IMM-02176,Milano,semicentro,4.5,536,attico,122,4,3,6,6,si,2001,ristrutturato,B,autonomo,ovest,2,si,no,posto_auto,no,186,2,885000
IMM-02177,Milano,periferia,8.5,464,appartamento,88,3,1,3,4,si,1933,da_ristrutturare,G,autonomo,est,0,no,no,nessuno,si,165,3,212000
IMM-02178,Torino,semicentro,5.6,858,appartamento,88,3,2,0,5,si,1980,ristrutturato,C,centralizzato,est,2,no,no,nessuno,no,199,4,192000
IMM-02179,Firenze,semicentro,4.7,339,appartamento,42,1,1,4,5,si,2004,ristrutturato,A,autonomo,ovest,3,no,no,box,no,146,3,251000
IMM-02180,Milano,semicentro,4.6,1526,appartamento,93,4,3,2,5,si,1957,buono,E,centralizzato,doppia,1,no,no,nessuno,si,206,6,356000
IMM-02181,Roma,periferia,8.6,1715,attico,136,5,2,8,8,si,1938,ristrutturato,D,autonomo,est,0,si,no,posto_auto,si,207,8,421000
IMM-02182,Torino,centro,1.7,368,appartamento,39,1,1,6,6,si,1946,ristrutturato,E,centralizzato,est,2,no,no,nessuno,no,182,7,148000
IMM-02183,Bari,centro,1.5,316,appartamento,66,2,1,3,4,si,1975,ristrutturato,D,autonomo,doppia,1,no,no,nessuno,no,151,7,235000
IMM-02184,Firenze,periferia,14.9,1664,appartamento,73,3,2,0,3,no,2019,nuovo,A,autonomo,ovest,1,no,no,nessuno,si,118,10,216000
IMM-02185,Milano,centro,1.9,251,appartamento,65,2,1,0,6,si,1921,ristrutturato,E,autonomo,doppia,0,no,no,nessuno,no,172,7,505000
IMM-02186,Milano,periferia,14.9,830,villetta,166,7,3,0,2,no,1994,buono,E,autonomo,est,1,no,si,box,no,15,9,472000
IMM-02187,Torino,semicentro,4.8,755,villetta,137,5,2,0,3,no,1948,buono,G,autonomo,sud,0,no,si,posto_auto,no,19,9,337000
IMM-02188,Napoli,periferia,8.7,1792,attico,85,4,2,4,4,no,1993,ristrutturato,D,autonomo,nord,1,si,no,box,no,151,8,168000
IMM-02189,Bologna,centro,0.3,283,appartamento,128,5,2,3,3,no,1957,buono,G,autonomo,doppia,3,no,si,nessuno,si,188,1,568000
IMM-02190,Milano,centro,0.6,426,appartamento,34,1,1,5,7,si,2013,buono,C,autonomo,est,1,no,no,posto_auto,si,141,2,443000
IMM-02191,Roma,semicentro,2.4,459,appartamento,85,3,2,3,4,si,2009,ristrutturato,B,autonomo,doppia,2,no,no,posto_auto,si,193,5,329000
IMM-02192,Bari,semicentro,3.4,428,appartamento,55,2,1,5,6,si,1981,ristrutturato,C,centralizzato,doppia,1,no,no,posto_auto,no,161,6,117000
IMM-02193,Napoli,periferia,10.5,1222,villetta,146,5,3,0,3,no,1903,buono,G,autonomo,nord,1,no,si,posto_auto,si,10,1,224000
IMM-02194,Firenze,periferia,7.2,494,attico,101,3,2,7,7,no,1986,da_ristrutturare,E,centralizzato,nord,1,si,no,posto_auto,si,123,8,186000
IMM-02195,Genova,semicentro,2.8,794,appartamento,107,5,2,2,9,si,1976,ristrutturato,B,autonomo,sud,0,no,no,posto_auto,si,213,7,198000
IMM-02196,Roma,periferia,9.8,1761,appartamento,81,1,2,5,5,si,1980,buono,E,centralizzato,nord,2,no,no,box,no,162,7,173000
IMM-02197,Genova,semicentro,4.9,693,appartamento,74,3,2,3,8,si,1986,da_ristrutturare,G,centralizzato,doppia,2,no,no,nessuno,si,186,2,81000
IMM-02198,Milano,periferia,7.8,652,villetta,164,5,3,0,2,no,1995,buono,E,autonomo,ovest,0,no,no,posto_auto,si,18,8,489000
IMM-02199,Milano,periferia,12.4,643,villetta,133,4,2,0,3,no,1974,buono,F,autonomo,doppia,0,no,si,posto_auto,no,36,7,321000
IMM-02200,Milano,semicentro,2.8,879,appartamento,80,2,2,7,8,si,1972,buono,F,centralizzato,nord,1,no,no,box,si,190,8,387000
IMM-02201,Genova,centro,1.4,316,appartamento,40,1,1,2,4,si,1990,buono,D,centralizzato,doppia,2,no,no,nessuno,si,150,8,114000
IMM-02202,Napoli,periferia,11.1,1876,appartamento,63,3,1,2,2,si,2011,buono,D,centralizzato,sud,2,no,no,box,no,182,11,119000
IMM-02203,Roma,centro,1.7,603,appartamento,75,3,2,5,5,si,1946,ristrutturato,D,centralizzato,doppia,1,no,no,nessuno,si,186,2,368000
IMM-02204,Genova,periferia,6.8,393,appartamento,72,2,2,2,6,no,1903,ristrutturato,F,autonomo,nord,1,no,no,box,no,119,8,121000
IMM-02205,Milano,centro,0.4,368,appartamento,73,4,1,3,4,no,1949,da_ristrutturare,G,centralizzato,ovest,2,no,no,nessuno,si,144,1,298000
IMM-02206,Torino,centro,0.2,498,attico,134,4,2,4,4,si,1967,ristrutturato,E,autonomo,nord,1,si,no,box,si,217,1,458000
IMM-02207,Bari,semicentro,4.6,1173,appartamento,100,3,2,0,3,no,1930,ristrutturato,E,centralizzato,sud,0,no,si,posto_auto,no,143,10,191000
IMM-02208,Roma,semicentro,4.9,207,appartamento,47,3,1,0,3,no,2002,ristrutturato,A,autonomo,sud,0,no,si,nessuno,si,129,9,190000
IMM-02209,Milano,periferia,14.4,1377,appartamento,70,2,1,5,6,no,1972,buono,E,autonomo,est,1,no,no,nessuno,si,119,1,123000
IMM-02210,Torino,periferia,6.6,4603,appartamento,133,6,1,6,11,si,2020,buono,A,autonomo,nord,1,no,no,nessuno,no,202,2,156000
IMM-02211,Napoli,periferia,8.0,751,appartamento,85,2,2,2,9,no,1960,buono,G,centralizzato,doppia,2,no,no,posto_auto,si,167,6,124000
IMM-02212,Firenze,centro,1.9,247,attico,151,5,3,6,6,si,1919,ristrutturato,D,centralizzato,sud,1,si,no,nessuno,si,275,5,1154000
IMM-02213,Milano,semicentro,5.1,906,appartamento,143,5,3,0,6,si,1987,ristrutturato,E,autonomo,nord,1,no,no,posto_auto,no,272,7,682000
IMM-02214,Torino,centro,1.4,309,appartamento,85,3,2,0,7,no,1939,buono,G,centralizzato,doppia,0,no,no,box,si,191,1,229000
IMM-02215,Genova,semicentro,3.2,175,appartamento,180,6,3,1,7,si,2016,nuovo,A,autonomo,nord,1,no,no,nessuno,si,282,4,348000
IMM-02216,Firenze,periferia,14.8,621,attico,101,4,2,8,8,si,2007,buono,D,autonomo,nord,2,si,no,posto_auto,no,118,4,259000
IMM-02217,Roma,semicentro,4.0,839,appartamento,131,4,2,2,8,si,1949,ristrutturato,D,centralizzato,doppia,1,no,no,box,si,254,5,391000
IMM-02218,Napoli,periferia,6.6,1498,appartamento,88,3,1,1,10,si,1948,buono,F,autonomo,sud,1,no,no,box,si,153,2,155000
IMM-02219,Bari,periferia,8.5,2164,appartamento,112,4,2,2,10,no,1959,buono,F,centralizzato,doppia,1,no,no,box,si,184,11,144000
IMM-02220,Bologna,semicentro,2.2,519,appartamento,108,4,3,2,4,no,1943,ristrutturato,D,centralizzato,doppia,0,no,no,box,no,182,10,318000
IMM-02221,Napoli,centro,1.6,271,appartamento,71,2,2,6,6,no,1957,buono,F,centralizzato,sud,1,no,no,nessuno,si,200,7,168000
IMM-02222,Napoli,centro,1.1,245,appartamento,67,2,1,0,3,no,1914,da_ristrutturare,G,autonomo,nord,1,no,si,nessuno,si,144,1,177000
IMM-02223,Napoli,periferia,14.1,1058,appartamento,110,4,2,1,3,no,2008,da_ristrutturare,B,autonomo,nord,0,no,no,box,no,151,1,135000
IMM-02224,Firenze,centro,1.6,315,appartamento,127,4,2,4,5,si,1928,ristrutturato,E,centralizzato,sud,0,no,no,nessuno,no,217,12,693000
IMM-02225,Firenze,centro,1.3,605,appartamento,80,2,2,1,4,si,1984,buono,E,centralizzato,doppia,1,no,no,nessuno,no,202,5,519000
IMM-02226,Roma,periferia,7.4,814,appartamento,64,3,1,2,2,si,1971,buono,F,autonomo,doppia,2,no,no,posto_auto,si,177,8,128000
IMM-02227,Roma,semicentro,4.3,691,attico,157,7,3,9,9,si,1971,buono,G,centralizzato,doppia,2,no,no,nessuno,si,264,5,498000
IMM-02228,Palermo,centro,1.2,422,appartamento,143,5,3,2,5,no,1915,buono,G,centralizzato,doppia,0,no,no,nessuno,si,226,2,255000
IMM-02229,Milano,semicentro,2.9,404,appartamento,70,2,1,9,9,si,1946,ristrutturato,D,autonomo,doppia,1,no,no,nessuno,si,202,1,286000
IMM-02230,Milano,periferia,7.2,1035,villetta,186,6,3,0,2,no,2025,nuovo,A,autonomo,doppia,1,no,si,box,no,7,3,999000
IMM-02231,Torino,semicentro,5.7,529,appartamento,62,3,1,6,9,si,1968,buono,G,autonomo,est,1,no,no,box,no,140,4,118000
IMM-02232,Roma,periferia,7.4,662,appartamento,142,5,3,3,4,no,1960,da_ristrutturare,F,centralizzato,ovest,2,no,no,box,si,207,8,235000
IMM-02233,Roma,periferia,11.7,3476,attico,127,5,2,4,4,si,2022,nuovo,A,autonomo,est,2,si,no,nessuno,no,177,8,335000
IMM-02234,Milano,centro,1.9,559,appartamento,131,5,2,0,3,no,1912,buono,F,autonomo,doppia,0,no,no,nessuno,si,209,1,808000
IMM-02235,Genova,periferia,8.4,562,appartamento,57,3,1,2,6,si,2013,buono,D,autonomo,est,2,no,no,nessuno,no,137,2,68000
IMM-02236,Milano,centro,0.8,299,attico,92,5,2,4,4,si,1944,da_ristrutturare,F,autonomo,sud,0,si,no,nessuno,no,207,10,694000
IMM-02237,Torino,semicentro,4.8,583,villetta,159,6,3,0,2,no,1955,buono,E,autonomo,est,0,no,si,posto_auto,si,14,11,246000
IMM-02238,Genova,centro,1.3,395,appartamento,74,3,2,4,4,no,2004,buono,B,autonomo,nord,1,no,si,nessuno,si,125,4,193000
IMM-02239,Genova,semicentro,2.7,1160,appartamento,146,5,3,0,7,si,1986,da_ristrutturare,D,autonomo,doppia,0,no,no,nessuno,no,205,11,164000
IMM-02240,Napoli,centro,0.4,317,appartamento,93,3,2,0,5,si,2019,nuovo,A,autonomo,sud,1,no,no,posto_auto,no,203,7,475000
IMM-02241,Roma,periferia,8.6,2263,appartamento,58,1,1,3,3,no,1965,buono,G,autonomo,nord,2,no,no,box,no,160,5,110000
IMM-02242,Milano,semicentro,3.1,723,appartamento,70,3,1,3,8,no,1934,da_ristrutturare,G,autonomo,doppia,0,no,no,nessuno,no,124,1,194000
IMM-02243,Milano,centro,1.2,180,appartamento,74,2,2,3,3,no,1903,buono,G,autonomo,doppia,1,no,no,nessuno,si,106,2,570000
IMM-02244,Milano,periferia,8.5,312,villetta,172,7,3,0,2,no,1995,ristrutturato,D,autonomo,doppia,0,si,si,box,si,27,6,811000
IMM-02245,Milano,periferia,14.7,1255,appartamento,97,3,1,1,4,si,1979,ristrutturato,B,centralizzato,doppia,2,no,no,box,si,216,1,296000
IMM-02246,Torino,periferia,8.4,1094,appartamento,51,2,1,2,10,si,1989,buono,E,centralizzato,nord,2,no,no,posto_auto,no,150,12,63000
IMM-02247,Torino,centro,1.6,347,attico,131,6,2,3,3,no,1983,buono,D,centralizzato,est,2,si,no,nessuno,no,256,3,380000
IMM-02248,Napoli,semicentro,3.8,257,appartamento,102,4,2,0,7,si,1923,buono,F,autonomo,est,2,no,no,nessuno,si,206,7,233000
IMM-02249,Roma,periferia,6.8,524,appartamento,74,3,2,4,5,si,2021,nuovo,A,autonomo,sud,1,no,no,posto_auto,si,117,2,258000
IMM-02250,Roma,centro,1.2,269,appartamento,65,4,1,2,5,si,1969,buono,F,autonomo,nord,2,no,no,nessuno,si,199,4,296000
IMM-02251,Milano,semicentro,5.7,176,appartamento,44,3,1,2,3,no,1983,buono,E,centralizzato,sud,2,no,no,nessuno,no,123,9,201000
IMM-02252,Milano,periferia,14.6,1689,villetta,133,4,2,0,2,no,1993,buono,E,autonomo,est,1,si,no,box,si,19,3,358000
IMM-02253,Milano,semicentro,4.6,489,appartamento,79,2,2,2,3,si,1991,da_ristrutturare,E,centralizzato,sud,2,no,no,nessuno,si,189,4,258000
IMM-02254,Milano,centro,0.9,431,appartamento,67,3,1,2,4,si,1925,ristrutturato,E,centralizzato,doppia,0,si,no,nessuno,si,139,11,660000
IMM-02255,Firenze,periferia,13.4,303,villetta,174,5,3,0,2,no,1969,buono,F,autonomo,sud,0,no,si,box,si,12,11,354000
IMM-02256,Bologna,centro,1.4,137,appartamento,68,2,1,0,4,no,1902,buono,G,centralizzato,est,2,no,si,nessuno,no,129,3,327000
IMM-02257,Padova,centro,0.8,128,appartamento,94,3,2,0,7,si,1959,buono,G,centralizzato,doppia,2,no,no,nessuno,si,285,5,248000
IMM-02258,Roma,semicentro,2.3,419,appartamento,93,3,2,0,7,si,2018,nuovo,A,autonomo,nord,1,no,no,posto_auto,si,176,8,392000
IMM-02259,Torino,semicentro,5.9,703,appartamento,88,3,2,0,5,si,1962,da_ristrutturare,E,autonomo,doppia,1,no,no,nessuno,si,167,8,118000
IMM-02260,Roma,semicentro,5.4,350,appartamento,57,2,1,2,5,si,1968,buono,F,centralizzato,doppia,2,no,no,box,si,152,11,212000
IMM-02261,Roma,periferia,10.9,1185,appartamento,101,4,2,4,8,si,2011,ristrutturato,B,centralizzato,ovest,2,no,no,box,si,212,12,238000
IMM-02262,Roma,semicentro,4.0,749,appartamento,66,2,1,2,4,si,1950,buono,G,centralizzato,doppia,0,no,no,nessuno,si,164,8,212000
IMM-02263,Milano,semicentro,2.4,341,appartamento,137,5,2,0,3,si,2004,ristrutturato,B,autonomo,doppia,1,no,si,nessuno,si,233,11,840000
IMM-02264,Roma,centro,1.2,283,appartamento,147,4,3,1,3,no,1904,da_ristrutturare,E,autonomo,doppia,0,no,no,nessuno,si,242,12,475000
IMM-02265,Padova,centro,1.3,124,appartamento,78,2,2,4,7,si,1955,ristrutturato,F,centralizzato,doppia,3,no,no,nessuno,si,223,9,248000
IMM-02266,Padova,centro,1.9,366,appartamento,88,3,2,3,3,si,1902,da_ristrutturare,F,centralizzato,doppia,1,no,no,nessuno,no,243,12,240000
IMM-02267,Firenze,periferia,14.6,709,appartamento,79,3,2,4,7,si,2014,ristrutturato,A,autonomo,sud,0,no,no,nessuno,no,146,9,201000
IMM-02268,Milano,periferia,6.1,1004,appartamento,67,2,1,4,5,si,2006,buono,C,centralizzato,sud,2,no,no,box,si,164,2,258000
IMM-02269,Padova,semicentro,5.4,425,appartamento,68,3,1,5,5,si,2005,da_ristrutturare,C,autonomo,sud,2,si,no,nessuno,si,150,4,160000
IMM-02270,Torino,periferia,12.0,2110,appartamento,70,1,1,0,6,si,2005,ristrutturato,B,centralizzato,est,0,no,no,box,si,220,10,87000
IMM-02271,Napoli,periferia,12.6,2128,appartamento,91,3,2,9,11,si,2023,nuovo,A,autonomo,nord,1,no,no,posto_auto,no,191,12,182000
IMM-02272,Napoli,semicentro,3.7,273,appartamento,74,3,2,6,6,si,1972,ristrutturato,D,autonomo,est,2,no,no,nessuno,no,177,1,206000
IMM-02273,Roma,centro,0.7,367,appartamento,96,3,2,2,6,si,1939,da_ristrutturare,G,centralizzato,ovest,1,no,no,nessuno,si,200,11,301000
IMM-02274,Torino,centro,1.0,303,appartamento,79,3,2,1,6,si,1965,buono,E,centralizzato,nord,2,no,no,nessuno,no,231,11,179000
IMM-02275,Roma,periferia,13.1,1092,villetta,203,7,3,0,3,no,1995,da_ristrutturare,D,autonomo,ovest,2,no,si,posto_auto,no,15,6,323000
IMM-02276,Firenze,semicentro,5.6,248,appartamento,77,2,2,3,3,si,1951,buono,E,centralizzato,est,2,no,no,box,no,173,6,266000
IMM-02277,Roma,semicentro,5.9,568,appartamento,58,3,1,2,5,no,1972,da_ristrutturare,G,autonomo,doppia,1,no,no,box,si,128,3,148000
IMM-02278,Roma,periferia,13.9,1137,villetta,123,4,2,0,3,no,1992,da_ristrutturare,E,autonomo,nord,0,no,si,nessuno,si,28,9,180000
IMM-02279,Roma,periferia,8.8,1427,appartamento,97,3,2,4,4,si,2019,nuovo,A,autonomo,sud,1,no,si,nessuno,no,175,7,317000
IMM-02280,Torino,centro,0.4,301,appartamento,30,1,1,7,7,si,1978,ristrutturato,D,centralizzato,doppia,1,no,no,nessuno,si,210,7,123000
IMM-02281,Torino,centro,0.4,299,appartamento,97,3,2,3,6,si,1952,buono,F,autonomo,nord,3,no,no,nessuno,no,180,12,225000
IMM-02282,Napoli,semicentro,3.7,657,appartamento,50,2,1,1,4,si,1978,buono,E,centralizzato,ovest,2,no,no,box,no,192,8,153000
IMM-02283,Bologna,semicentro,5.2,579,appartamento,99,3,2,1,5,si,1988,buono,E,centralizzato,sud,1,si,no,nessuno,si,195,8,326000
IMM-02284,Roma,semicentro,4.1,1392,appartamento,50,1,1,6,6,si,1959,buono,E,autonomo,sud,1,no,no,nessuno,si,140,3,151000
IMM-02285,Roma,periferia,6.1,622,villetta,133,5,2,0,2,no,1966,ristrutturato,D,autonomo,nord,1,no,si,box,si,0,7,338000
IMM-02286,Genova,semicentro,5.6,583,appartamento,128,4,2,3,5,si,2000,buono,C,autonomo,sud,1,no,no,nessuno,no,192,12,205000
IMM-02287,Palermo,periferia,9.3,1186,appartamento,50,2,1,0,7,si,1959,buono,G,centralizzato,doppia,1,no,no,box,no,185,5,50000
IMM-02288,Napoli,semicentro,4.8,442,appartamento,111,4,2,3,5,no,1946,ristrutturato,F,centralizzato,est,1,no,no,nessuno,si,210,7,249000
IMM-02289,Milano,periferia,6.5,597,villetta,117,4,2,0,3,no,1979,buono,D,autonomo,ovest,0,si,si,box,no,11,2,494000
IMM-02290,Roma,periferia,6.1,1056,villetta,116,4,3,0,2,no,1937,buono,G,autonomo,ovest,1,no,si,box,no,16,7,261000
IMM-02291,Milano,semicentro,5.4,363,appartamento,74,3,3,7,8,no,1966,da_ristrutturare,F,autonomo,nord,2,no,no,box,si,131,9,167000
IMM-02292,Roma,semicentro,4.9,833,appartamento,65,3,2,1,5,no,1942,buono,F,centralizzato,est,0,no,no,nessuno,si,157,6,177000
IMM-02293,Roma,semicentro,5.5,374,appartamento,106,4,2,3,3,si,1948,buono,F,autonomo,doppia,1,no,no,nessuno,no,187,6,306000
IMM-02294,Firenze,periferia,7.6,278,appartamento,56,1,1,3,8,si,1985,da_ristrutturare,E,autonomo,ovest,0,no,no,posto_auto,no,167,10,113000
IMM-02295,Milano,periferia,14.6,821,appartamento,94,4,2,9,10,si,1956,ristrutturato,D,autonomo,sud,2,no,no,box,si,181,6,307000
IMM-02296,Milano,periferia,10.2,2305,appartamento,99,4,2,7,11,si,1999,da_ristrutturare,D,centralizzato,nord,2,no,si,box,si,213,5,280000
IMM-02297,Bari,centro,0.4,184,appartamento,86,3,2,5,7,si,1994,ristrutturato,C,centralizzato,sud,2,no,no,nessuno,si,252,1,285000
IMM-02298,Milano,semicentro,3.3,373,appartamento,126,3,2,2,3,no,1927,da_ristrutturare,G,centralizzato,ovest,0,no,no,nessuno,si,177,9,400000
IMM-02299,Torino,centro,0.6,223,appartamento,107,4,3,0,4,si,1905,ristrutturato,F,autonomo,sud,0,no,si,nessuno,si,238,3,334000
IMM-02300,Bari,semicentro,6.0,203,attico,93,4,2,4,4,no,1979,buono,E,centralizzato,doppia,2,si,no,posto_auto,si,187,2,191000
IMM-02301,Bari,semicentro,2.5,489,appartamento,79,2,2,0,3,no,1967,buono,F,autonomo,nord,2,no,si,nessuno,si,114,8,134000
IMM-02302,Napoli,centro,2.0,165,appartamento,54,2,1,5,5,si,1965,buono,F,autonomo,doppia,1,no,no,nessuno,si,150,2,161000
IMM-02303,Roma,semicentro,5.2,3087,villetta,182,7,3,0,2,no,1991,buono,E,autonomo,sud,0,no,si,box,si,26,11,511000
IMM-02304,Firenze,semicentro,5.8,895,appartamento,85,3,2,1,4,si,1948,buono,E,autonomo,sud,2,no,no,nessuno,no,165,9,273000
IMM-02305,Milano,centro,0.6,365,appartamento,211,7,3,1,3,no,1937,buono,G,centralizzato,ovest,2,no,si,nessuno,no,296,6,1375000
IMM-02306,Padova,semicentro,2.3,469,appartamento,74,2,2,3,5,no,1955,ristrutturato,D,centralizzato,doppia,0,no,no,nessuno,si,80,1,151000
IMM-02307,Torino,periferia,12.8,2926,villetta,219,8,3,0,2,no,2009,da_ristrutturare,C,autonomo,ovest,1,no,no,posto_auto,si,9,7,153000
IMM-02308,Padova,periferia,14.6,615,appartamento,68,3,1,2,8,no,1974,ristrutturato,E,autonomo,est,1,no,no,box,si,117,10,102000
IMM-02309,Milano,periferia,12.4,963,villetta,172,5,3,0,2,no,2012,ristrutturato,A,autonomo,nord,0,no,si,box,si,20,7,610000
IMM-02310,Bari,centro,0.5,244,appartamento,70,2,1,5,6,no,1913,ristrutturato,E,autonomo,ovest,1,no,no,posto_auto,si,90,4,229000
IMM-02311,Milano,semicentro,3.5,1699,appartamento,95,2,2,8,9,si,1944,ristrutturato,E,centralizzato,sud,0,no,no,nessuno,si,167,6,565000
IMM-02312,Bari,semicentro,3.5,1887,appartamento,78,3,2,1,5,no,1966,buono,G,centralizzato,ovest,2,no,no,posto_auto,no,160,8,143000
IMM-02313,Padova,semicentro,4.3,807,appartamento,118,5,2,6,7,si,1994,ristrutturato,D,autonomo,sud,1,no,no,nessuno,no,236,4,274000
IMM-02314,Firenze,semicentro,5.5,705,appartamento,75,3,2,3,8,si,1964,ristrutturato,E,autonomo,nord,0,no,no,nessuno,si,175,2,190000
IMM-02315,Bologna,periferia,12.5,1005,appartamento,70,3,1,0,4,si,1991,da_ristrutturare,C,autonomo,sud,1,no,si,nessuno,no,226,3,95000
IMM-02316,Torino,semicentro,5.6,715,appartamento,81,3,2,2,9,si,1992,buono,F,autonomo,nord,1,no,no,nessuno,no,152,12,139000
IMM-02317,Genova,semicentro,5.2,1001,villetta,113,4,2,0,2,no,1948,buono,F,autonomo,sud,0,si,si,box,si,3,10,176000
IMM-02318,Padova,semicentro,4.2,482,appartamento,56,2,1,5,5,si,2004,buono,C,autonomo,sud,2,si,no,nessuno,no,183,7,152000
IMM-02319,Firenze,periferia,8.9,580,appartamento,84,2,2,2,2,si,1985,da_ristrutturare,F,autonomo,doppia,1,no,no,box,no,156,11,209000
IMM-02320,Bologna,centro,1.8,283,appartamento,60,2,1,4,4,si,1934,buono,G,autonomo,ovest,0,no,no,nessuno,si,146,12,265000
IMM-02321,Milano,periferia,6.7,1835,appartamento,75,2,2,5,7,si,2004,ristrutturato,A,autonomo,est,1,no,no,posto_auto,no,185,11,308000
IMM-02322,Napoli,semicentro,2.1,525,appartamento,111,5,2,0,8,si,2013,ristrutturato,B,autonomo,doppia,0,no,si,nessuno,no,203,8,382000
IMM-02323,Milano,semicentro,2.2,704,appartamento,73,2,2,4,6,si,2010,da_ristrutturare,D,autonomo,sud,0,no,no,posto_auto,no,149,4,283000
IMM-02324,Milano,periferia,11.8,129,appartamento,97,4,2,0,7,si,1971,ristrutturato,D,centralizzato,est,0,no,no,nessuno,si,233,1,265000
IMM-02325,Milano,periferia,9.5,598,villetta,106,3,2,0,3,no,1947,ristrutturato,D,autonomo,sud,1,no,si,box,si,0,11,364000
IMM-02326,Padova,semicentro,4.2,357,attico,183,7,2,6,6,si,2023,nuovo,A,autonomo,est,2,si,no,nessuno,no,273,12,513000
IMM-02327,Napoli,semicentro,3.2,289,villetta,211,7,3,0,2,no,1993,buono,F,autonomo,doppia,1,no,si,box,si,4,8,532000
IMM-02328,Roma,semicentro,4.7,496,appartamento,106,3,2,0,5,si,1989,da_ristrutturare,F,centralizzato,doppia,1,si,si,box,si,212,4,308000
IMM-02329,Bologna,periferia,13.8,419,villetta,149,6,3,0,3,no,1980,buono,E,autonomo,ovest,0,si,si,box,si,1,5,319000
IMM-02330,Roma,semicentro,2.2,775,appartamento,56,2,1,9,9,si,1963,ristrutturato,D,centralizzato,nord,0,no,no,nessuno,no,201,4,194000
IMM-02331,Bologna,centro,1.1,462,appartamento,48,1,1,2,4,no,1961,buono,F,centralizzato,ovest,0,no,no,nessuno,si,155,5,207000
IMM-02332,Roma,semicentro,2.9,981,appartamento,64,1,1,4,4,si,1915,buono,F,centralizzato,nord,0,no,no,box,si,172,4,195000
IMM-02333,Bari,periferia,7.4,2754,appartamento,78,2,2,8,9,si,1949,buono,D,centralizzato,est,2,no,no,box,si,233,4,108000
IMM-02334,Palermo,semicentro,6.0,570,appartamento,51,1,2,1,3,no,1933,buono,G,autonomo,doppia,0,si,no,nessuno,si,115,9,61000
IMM-02335,Bari,semicentro,4.0,377,appartamento,53,2,1,0,3,no,1994,da_ristrutturare,F,autonomo,doppia,1,no,no,nessuno,si,125,9,83000
IMM-02336,Roma,centro,0.5,641,appartamento,73,2,2,3,5,si,1915,ristrutturato,D,autonomo,doppia,1,no,no,nessuno,si,153,5,463000
IMM-02337,Roma,periferia,8.2,1439,appartamento,122,4,1,0,4,si,2024,nuovo,A,autonomo,sud,0,no,no,posto_auto,no,220,9,281000
IMM-02338,Roma,semicentro,4.7,1128,attico,120,5,2,7,7,no,1961,buono,E,autonomo,doppia,1,si,no,box,si,211,1,268000
IMM-02339,Bologna,semicentro,5.5,244,appartamento,74,3,2,5,6,si,1968,buono,F,autonomo,ovest,0,si,no,posto_auto,si,177,12,191000
IMM-02340,Padova,semicentro,2.1,283,appartamento,87,4,2,2,3,si,1992,buono,E,autonomo,doppia,1,si,no,box,si,185,10,215000
IMM-02341,Padova,periferia,13.1,1302,appartamento,60,2,1,2,9,si,2004,ristrutturato,A,autonomo,est,1,no,no,posto_auto,no,121,12,93000
IMM-02342,Roma,centro,1.8,247,appartamento,87,3,2,3,3,no,1905,buono,E,autonomo,doppia,1,no,no,nessuno,si,176,6,364000
IMM-02343,Napoli,centro,0.9,355,appartamento,63,1,1,3,4,si,1926,buono,G,autonomo,est,0,no,no,nessuno,no,175,5,223000
IMM-02344,Roma,semicentro,4.9,540,appartamento,53,3,1,1,3,no,2019,buono,A,autonomo,sud,1,no,no,box,no,108,1,214000
IMM-02345,Milano,centro,1.6,228,appartamento,58,1,1,2,4,no,1933,buono,G,centralizzato,est,0,si,no,nessuno,si,158,6,413000
IMM-02346,Roma,centro,1.4,532,appartamento,61,2,2,5,7,si,1937,buono,E,autonomo,est,1,no,no,nessuno,si,152,9,326000
IMM-02347,Napoli,periferia,6.9,843,villetta,178,7,3,0,3,no,1966,ristrutturato,C,autonomo,ovest,0,no,si,box,si,5,2,349000
IMM-02348,Bari,semicentro,5.4,159,appartamento,47,2,1,5,8,si,1931,buono,F,centralizzato,ovest,0,no,no,nessuno,si,157,1,96000
IMM-02349,Milano,periferia,12.6,611,appartamento,81,4,2,1,2,no,1915,da_ristrutturare,G,centralizzato,doppia,1,no,si,box,si,110,7,218000
IMM-02350,Torino,periferia,12.7,1614,appartamento,88,3,2,1,9,si,1980,da_ristrutturare,E,centralizzato,doppia,2,no,no,box,no,172,5,90000
IMM-02351,Torino,semicentro,2.1,956,appartamento,129,5,3,2,4,si,1956,ristrutturato,E,centralizzato,sud,2,no,no,nessuno,no,241,5,237000
IMM-02352,Torino,centro,0.6,156,appartamento,69,3,1,5,5,no,1919,da_ristrutturare,G,centralizzato,nord,1,no,no,box,si,159,2,134000
IMM-02353,Genova,semicentro,5.3,711,appartamento,118,5,2,0,4,no,1969,da_ristrutturare,E,autonomo,ovest,0,no,si,nessuno,si,171,11,157000
IMM-02354,Bari,periferia,10.2,1545,appartamento,108,5,2,7,7,si,1998,da_ristrutturare,E,autonomo,nord,1,no,no,box,si,167,12,104000
IMM-02355,Bari,centro,0.9,160,appartamento,99,3,2,3,5,si,1912,buono,F,autonomo,est,1,no,no,nessuno,no,187,4,369000
IMM-02356,Torino,periferia,10.0,5000,appartamento,64,2,1,3,3,no,2010,ristrutturato,B,autonomo,ovest,0,no,no,posto_auto,no,80,12,85000
IMM-02357,Bari,centro,0.2,565,appartamento,78,2,3,5,6,no,1936,buono,F,autonomo,sud,0,no,no,nessuno,si,138,4,174000
IMM-02358,Milano,semicentro,5.6,517,appartamento,101,3,2,7,9,si,1986,ristrutturato,B,centralizzato,sud,1,no,no,posto_auto,si,190,4,591000
IMM-02359,Roma,centro,0.8,241,appartamento,104,3,2,6,6,si,1960,buono,E,autonomo,nord,1,no,no,nessuno,si,214,4,456000
IMM-02360,Genova,semicentro,2.5,848,appartamento,108,3,2,5,5,si,1973,ristrutturato,E,centralizzato,doppia,0,no,no,posto_auto,si,193,1,232000
IMM-02361,Palermo,periferia,11.6,876,villetta,121,4,2,0,2,no,1996,buono,F,autonomo,nord,0,no,si,box,si,36,12,108000
IMM-02362,Napoli,periferia,9.7,1615,attico,125,5,3,6,6,si,2022,nuovo,B,autonomo,sud,0,si,no,nessuno,no,221,8,295000
IMM-02363,Milano,semicentro,2.7,726,attico,164,5,3,6,6,si,2025,nuovo,A,autonomo,sud,1,si,no,nessuno,no,220,4,1257000
IMM-02364,Milano,periferia,7.9,1625,villetta,150,6,3,0,2,no,2001,ristrutturato,A,autonomo,doppia,0,no,si,posto_auto,si,33,7,607000
IMM-02365,Bologna,semicentro,3.6,661,appartamento,103,4,1,9,9,si,1986,buono,F,centralizzato,doppia,1,no,no,nessuno,no,196,12,356000
IMM-02366,Palermo,periferia,13.7,465,appartamento,139,5,2,1,5,si,1952,ristrutturato,C,centralizzato,est,2,no,no,box,si,264,7,118000
IMM-02367,Milano,semicentro,4.2,845,appartamento,110,4,2,0,4,si,1960,da_ristrutturare,F,autonomo,doppia,1,no,no,box,si,169,11,357000
IMM-02368,Napoli,semicentro,5.8,337,appartamento,71,2,2,1,8,no,2015,da_ristrutturare,C,autonomo,nord,0,no,no,nessuno,no,118,3,145000
IMM-02369,Bologna,semicentro,5.1,729,appartamento,135,4,2,3,5,si,1945,da_ristrutturare,G,autonomo,doppia,0,si,no,posto_auto,si,211,10,307000
IMM-02370,Napoli,semicentro,5.5,258,attico,70,1,1,9,9,no,1946,ristrutturato,E,centralizzato,ovest,1,si,no,posto_auto,si,128,7,159000
IMM-02371,Genova,semicentro,3.7,980,attico,183,6,3,3,3,no,1995,buono,F,autonomo,est,2,si,no,nessuno,no,263,10,295000
IMM-02372,Genova,periferia,9.1,1819,villetta,166,7,3,0,2,no,1975,buono,F,autonomo,est,2,si,si,posto_auto,no,0,9,184000
IMM-02373,Firenze,periferia,14.2,1182,appartamento,59,2,1,0,2,no,1994,buono,E,autonomo,nord,1,no,si,nessuno,si,109,4,111000
IMM-02374,Roma,semicentro,2.6,1818,appartamento,62,2,1,1,7,si,1990,ristrutturato,B,autonomo,doppia,0,no,no,posto_auto,no,157,4,242000
IMM-02375,Torino,periferia,14.1,1937,appartamento,112,4,1,5,9,si,1970,da_ristrutturare,F,centralizzato,doppia,2,no,no,box,si,235,3,110000
IMM-02376,Genova,periferia,10.9,1718,appartamento,68,3,1,1,2,no,1980,buono,F,centralizzato,doppia,2,no,no,nessuno,no,157,6,65000
IMM-02377,Roma,semicentro,5.2,208,appartamento,48,3,1,2,9,si,1984,buono,D,autonomo,nord,3,no,no,nessuno,si,102,6,176000
IMM-02378,Milano,semicentro,2.1,582,appartamento,46,1,1,2,7,no,1946,buono,F,autonomo,sud,1,no,no,nessuno,no,98,11,220000
IMM-02379,Roma,semicentro,2.7,262,attico,127,5,1,3,3,no,2005,ristrutturato,A,autonomo,sud,2,si,no,box,no,188,4,705000
IMM-02380,Firenze,semicentro,3.4,704,appartamento,49,1,1,5,8,si,1900,buono,G,centralizzato,ovest,2,no,no,nessuno,no,136,5,172000
IMM-02381,Firenze,periferia,8.6,1067,appartamento,121,4,2,8,10,si,1901,buono,G,centralizzato,sud,1,no,no,posto_auto,no,242,11,297000
IMM-02382,Bologna,periferia,14.8,2369,appartamento,118,3,2,2,7,si,1980,buono,E,centralizzato,est,1,no,no,nessuno,si,188,6,162000
IMM-02383,Genova,centro,1.0,257,appartamento,109,4,3,0,3,no,1956,buono,F,autonomo,sud,1,no,no,nessuno,si,182,4,231000
IMM-02384,Milano,centro,1.0,285,appartamento,96,4,2,2,5,si,2024,nuovo,A,autonomo,sud,1,no,no,nessuno,no,201,12,953000
IMM-02385,Bari,periferia,9.4,1431,attico,151,6,3,7,7,no,1950,buono,F,centralizzato,ovest,1,si,no,posto_auto,si,227,10,134000
IMM-02386,Milano,semicentro,4.2,366,appartamento,95,3,2,3,8,no,1948,ristrutturato,F,centralizzato,ovest,0,no,no,posto_auto,si,186,1,367000
IMM-02387,Genova,centro,1.7,150,appartamento,88,2,2,2,3,no,1971,buono,F,centralizzato,doppia,1,no,no,nessuno,no,138,12,195000
IMM-02388,Genova,centro,1.7,206,appartamento,86,3,2,0,4,si,1996,ristrutturato,C,autonomo,nord,1,no,si,nessuno,si,160,11,222000
IMM-02389,Torino,semicentro,5.3,1281,appartamento,54,2,1,8,8,si,1957,ristrutturato,G,centralizzato,nord,0,no,no,nessuno,si,160,9,95000
IMM-02390,Padova,periferia,10.1,3479,appartamento,87,2,1,9,11,si,1986,da_ristrutturare,D,centralizzato,sud,1,no,no,nessuno,no,188,3,90000
IMM-02391,Padova,periferia,9.8,766,villetta,129,5,2,0,2,no,1994,da_ristrutturare,D,autonomo,doppia,0,si,si,nessuno,no,7,5,144000
IMM-02392,Milano,semicentro,2.9,498,appartamento,68,2,1,5,8,no,1974,ristrutturato,C,autonomo,nord,1,no,no,nessuno,si,97,1,250000
IMM-02393,Bologna,centro,1.9,259,appartamento,85,3,2,0,4,no,1970,buono,F,centralizzato,doppia,1,no,no,nessuno,si,186,10,294000
IMM-02394,Milano,periferia,10.1,1838,appartamento,44,2,1,8,8,si,1960,buono,F,centralizzato,sud,3,no,no,posto_auto,no,133,6,135000
IMM-02395,Bologna,centro,1.8,556,appartamento,57,3,2,1,6,si,1950,da_ristrutturare,G,centralizzato,doppia,3,no,no,nessuno,si,151,4,208000
IMM-02396,Roma,semicentro,4.6,543,villetta,188,7,3,0,2,no,1963,buono,F,autonomo,ovest,0,no,si,box,no,7,3,583000
IMM-02397,Milano,semicentro,4.0,556,appartamento,105,2,2,9,9,no,1985,buono,E,autonomo,doppia,2,no,no,box,si,207,2,404000
IMM-02398,Roma,semicentro,4.9,362,appartamento,65,2,1,7,7,si,1982,da_ristrutturare,D,centralizzato,doppia,0,no,no,nessuno,no,139,12,187000
IMM-02399,Milano,periferia,7.8,569,appartamento,66,3,1,0,2,no,1975,buono,G,autonomo,nord,1,no,si,nessuno,si,111,11,174000
IMM-02400,Roma,periferia,9.3,1132,appartamento,73,3,2,0,5,si,1955,buono,E,centralizzato,est,1,no,no,box,si,168,8,134000
IMM-02401,Bologna,periferia,9.7,485,attico,78,2,1,11,11,si,1973,buono,F,centralizzato,nord,1,si,no,box,si,201,10,197000
IMM-02402,Milano,periferia,11.9,945,appartamento,57,3,1,0,6,no,1967,da_ristrutturare,G,autonomo,sud,2,no,no,box,no,156,4,146000
IMM-02403,Milano,periferia,6.2,1902,appartamento,152,4,4,3,3,no,1979,da_ristrutturare,E,centralizzato,est,0,no,si,nessuno,si,196,5,439000
IMM-02404,Bari,semicentro,5.8,912,villetta,128,3,2,0,3,no,1947,buono,E,autonomo,doppia,0,si,si,posto_auto,no,9,6,219000
IMM-02405,Palermo,periferia,8.8,2003,appartamento,131,5,2,3,11,si,1984,da_ristrutturare,D,autonomo,nord,2,no,no,posto_auto,no,226,7,89000
IMM-02406,Napoli,centro,0.9,436,appartamento,98,4,2,1,4,si,1999,ristrutturato,C,centralizzato,sud,3,no,no,nessuno,no,217,4,359000
IMM-02407,Roma,semicentro,2.5,200,appartamento,79,2,2,4,4,si,1949,buono,F,centralizzato,ovest,1,no,no,nessuno,no,164,4,269000
IMM-02408,Torino,semicentro,2.1,1029,appartamento,98,4,2,4,8,no,1976,buono,E,autonomo,ovest,0,no,no,box,no,155,3,161000
IMM-02409,Firenze,semicentro,5.6,614,appartamento,97,3,2,2,3,no,1917,buono,E,centralizzato,nord,0,no,no,box,si,155,2,297000
IMM-02410,Milano,centro,0.8,178,appartamento,60,3,1,2,4,si,1911,ristrutturato,F,autonomo,sud,0,no,no,nessuno,no,185,4,477000
IMM-02411,Palermo,semicentro,4.6,946,appartamento,68,2,1,8,8,si,1992,buono,E,centralizzato,ovest,1,no,no,posto_auto,no,190,12,86000
IMM-02412,Torino,periferia,12.6,1457,appartamento,85,4,2,2,6,si,1947,buono,G,autonomo,sud,1,no,no,posto_auto,no,165,1,78000
IMM-02413,Torino,periferia,14.6,2655,appartamento,85,3,3,4,5,si,2021,nuovo,A,autonomo,sud,1,no,no,nessuno,si,140,6,117000
IMM-02414,Torino,periferia,9.9,1406,appartamento,80,3,2,2,4,si,2008,da_ristrutturare,D,autonomo,doppia,2,no,no,box,no,163,1,99000
IMM-02415,Roma,semicentro,5.9,923,appartamento,74,3,2,5,5,si,1957,buono,E,centralizzato,est,2,no,no,nessuno,no,237,11,183000
IMM-02416,Milano,semicentro,2.2,1400,appartamento,35,2,1,6,8,si,1948,buono,G,autonomo,ovest,1,no,no,nessuno,si,152,12,153000
IMM-02417,Napoli,centro,0.6,352,appartamento,60,2,1,6,6,no,1953,da_ristrutturare,G,autonomo,est,2,si,no,nessuno,si,105,6,161000
IMM-02418,Roma,centro,1.9,600,appartamento,136,5,2,3,6,no,1946,ristrutturato,F,centralizzato,sud,2,no,no,box,no,256,1,474000
IMM-02419,Roma,semicentro,5.3,832,appartamento,55,2,1,3,5,si,1988,buono,E,centralizzato,ovest,2,no,no,box,si,153,11,187000
IMM-02420,Torino,semicentro,3.6,480,appartamento,61,2,1,3,4,si,1998,buono,E,autonomo,doppia,0,no,no,nessuno,no,153,1,114000
IMM-02421,Milano,periferia,12.7,2129,appartamento,103,3,1,4,4,si,1978,da_ristrutturare,E,centralizzato,ovest,1,no,no,nessuno,no,262,2,195000
IMM-02422,Roma,semicentro,2.3,244,appartamento,121,4,2,2,9,no,1953,da_ristrutturare,D,autonomo,sud,2,no,no,nessuno,si,200,6,287000
IMM-02423,Napoli,centro,0.6,513,attico,112,4,2,4,4,si,1934,buono,G,autonomo,est,1,si,no,nessuno,si,235,11,438000
IMM-02424,Bari,semicentro,4.4,325,appartamento,81,3,2,0,8,no,1976,ristrutturato,D,centralizzato,doppia,1,no,no,box,si,148,4,185000
IMM-02425,Milano,centro,1.3,313,appartamento,144,5,3,4,5,si,1968,ristrutturato,E,autonomo,doppia,1,no,no,box,no,245,7,1210000
IMM-02426,Genova,periferia,13.7,358,attico,112,3,2,4,4,no,1951,buono,G,autonomo,nord,2,no,no,nessuno,no,164,7,103000
IMM-02427,Bari,periferia,7.1,2415,appartamento,220,7,3,3,6,no,1963,buono,F,autonomo,nord,2,no,no,posto_auto,si,296,11,191000
IMM-02428,Torino,periferia,6.6,2939,appartamento,43,2,1,7,8,si,1973,ristrutturato,D,autonomo,sud,0,no,no,box,no,146,10,72000
IMM-02429,Roma,semicentro,5.0,1279,attico,119,4,2,5,5,si,1958,buono,F,centralizzato,sud,2,si,si,posto_auto,si,250,9,379000
IMM-02430,Roma,centro,0.7,194,appartamento,80,3,2,1,6,si,1955,buono,F,centralizzato,doppia,2,no,no,nessuno,no,186,12,386000
IMM-02431,Genova,semicentro,4.8,272,appartamento,73,2,2,7,9,si,1949,buono,F,autonomo,est,1,si,no,nessuno,si,163,10,115000
IMM-02432,Torino,semicentro,3.7,447,villetta,123,5,2,0,2,no,1961,buono,F,autonomo,ovest,0,si,si,box,no,16,8,249000
IMM-02433,Firenze,centro,0.7,235,appartamento,52,2,1,0,3,no,1966,buono,F,autonomo,doppia,1,no,no,posto_auto,si,152,1,306000
IMM-02434,Torino,centro,0.9,245,appartamento,108,4,1,2,6,si,1913,ristrutturato,E,centralizzato,doppia,1,no,no,nessuno,si,219,3,348000
IMM-02435,Genova,centro,0.3,87,appartamento,108,4,2,0,6,si,1914,buono,F,centralizzato,doppia,1,no,no,nessuno,si,277,9,265000
IMM-02436,Palermo,centro,0.4,294,appartamento,92,4,2,1,3,si,1910,da_ristrutturare,G,centralizzato,ovest,0,si,no,nessuno,no,161,4,129000
IMM-02437,Roma,semicentro,5.2,365,appartamento,52,3,1,2,3,no,2021,nuovo,A,autonomo,sud,1,no,no,nessuno,no,78,3,253000
IMM-02438,Milano,periferia,10.4,2288,appartamento,59,1,1,5,6,si,1925,ristrutturato,E,centralizzato,doppia,1,no,si,box,si,201,6,270000
IMM-02439,Roma,periferia,7.5,734,appartamento,50,2,1,2,9,si,1987,ristrutturato,C,centralizzato,sud,1,no,no,posto_auto,no,181,10,160000
IMM-02440,Torino,semicentro,5.0,1239,appartamento,59,3,1,5,5,si,1994,buono,E,autonomo,doppia,1,no,no,nessuno,no,111,11,113000
IMM-02441,Roma,semicentro,2.3,867,appartamento,52,3,1,9,9,no,1927,ristrutturato,E,autonomo,doppia,0,no,no,posto_auto,si,125,1,149000
IMM-02442,Bari,centro,0.4,390,appartamento,87,3,2,1,3,no,2015,buono,C,autonomo,nord,0,no,no,box,si,127,12,279000
IMM-02443,Milano,periferia,10.4,148,villetta,153,6,3,0,2,no,1985,ristrutturato,E,autonomo,ovest,2,no,si,box,no,6,3,555000
IMM-02444,Genova,periferia,10.1,4735,appartamento,113,4,2,5,9,no,1954,buono,E,autonomo,nord,1,no,no,box,si,169,11,83000
IMM-02445,Roma,centro,0.5,346,appartamento,121,4,2,1,3,no,2002,ristrutturato,B,autonomo,sud,1,no,no,nessuno,si,181,12,596000
IMM-02446,Roma,centro,1.7,260,appartamento,191,7,3,1,4,no,1923,buono,E,centralizzato,doppia,1,no,no,nessuno,si,304,4,841000
IMM-02447,Bologna,centro,0.8,244,appartamento,102,4,2,5,5,si,1909,buono,G,autonomo,sud,1,no,no,nessuno,si,227,4,495000
IMM-02448,Napoli,semicentro,3.4,663,appartamento,53,1,1,4,9,si,1937,da_ristrutturare,F,autonomo,nord,1,no,no,nessuno,si,78,5,122000
IMM-02449,Napoli,periferia,10.8,657,attico,99,4,2,10,10,no,1955,buono,E,centralizzato,est,1,si,no,nessuno,no,134,5,116000
IMM-02450,Napoli,centro,1.4,541,attico,152,5,4,3,3,no,2023,nuovo,A,autonomo,est,2,si,no,nessuno,si,234,12,715000
IMM-02451,Bologna,semicentro,3.8,708,appartamento,53,1,1,3,8,si,1962,ristrutturato,E,centralizzato,sud,2,no,no,nessuno,si,159,9,152000
IMM-02452,Bari,semicentro,3.5,292,appartamento,56,1,1,6,9,si,2010,ristrutturato,B,centralizzato,nord,1,no,no,posto_auto,si,167,8,124000
IMM-02453,Bologna,centro,2.0,355,appartamento,70,3,2,0,3,no,1956,da_ristrutturare,G,centralizzato,sud,0,no,no,posto_auto,no,197,10,217000
IMM-02454,Palermo,periferia,8.1,1258,appartamento,80,4,2,4,9,si,1986,ristrutturato,D,autonomo,sud,2,no,no,nessuno,si,137,2,72000
IMM-02455,Padova,periferia,7.5,2382,villetta,163,7,3,0,2,no,2000,buono,C,autonomo,nord,0,no,si,posto_auto,no,18,5,218000
IMM-02456,Torino,semicentro,3.4,540,appartamento,122,5,2,2,3,no,1991,buono,E,autonomo,ovest,1,si,no,nessuno,si,192,3,172000
IMM-02457,Milano,semicentro,2.2,991,appartamento,51,2,1,2,3,no,1996,buono,E,autonomo,doppia,2,no,no,nessuno,no,129,3,221000
IMM-02458,Milano,semicentro,5.4,1273,villetta,123,4,2,0,3,no,1980,ristrutturato,E,autonomo,est,0,no,no,box,no,11,7,516000
IMM-02459,Roma,periferia,8.4,1015,appartamento,82,3,2,5,8,si,1978,da_ristrutturare,E,centralizzato,sud,0,no,no,nessuno,no,192,5,151000
IMM-02460,Bari,periferia,9.1,372,appartamento,50,2,1,3,4,si,1990,ristrutturato,D,autonomo,doppia,1,no,no,posto_auto,si,149,9,95000
IMM-02461,Padova,semicentro,5.9,1349,appartamento,66,2,1,1,6,si,1977,ristrutturato,C,autonomo,nord,2,no,no,nessuno,si,157,11,148000
IMM-02462,Roma,semicentro,5.9,455,appartamento,71,3,2,9,9,si,1954,ristrutturato,C,autonomo,sud,1,no,no,nessuno,si,175,12,259000
IMM-02463,Torino,periferia,10.6,2803,villetta,120,3,2,0,2,no,2013,buono,B,autonomo,doppia,0,si,si,posto_auto,si,6,6,172000
IMM-02464,Bologna,centro,1.3,521,appartamento,107,4,2,0,7,no,1915,da_ristrutturare,G,centralizzato,doppia,1,no,si,posto_auto,si,181,2,375000
IMM-02465,Torino,periferia,12.4,814,villetta,259,8,4,0,2,no,1968,buono,E,autonomo,nord,2,si,si,box,si,3,8,348000
IMM-02466,Padova,periferia,7.7,4431,appartamento,68,2,1,1,7,si,2017,nuovo,A,centralizzato,doppia,2,no,no,posto_auto,si,205,5,160000
IMM-02467,Genova,periferia,12.2,5000,appartamento,142,5,3,2,3,no,2009,da_ristrutturare,C,centralizzato,doppia,1,no,no,box,si,235,4,106000
IMM-02468,Milano,periferia,15.0,972,appartamento,74,3,2,9,9,si,1988,ristrutturato,D,centralizzato,doppia,1,no,no,box,no,154,3,253000
IMM-02469,Roma,periferia,6.0,523,villetta,198,8,2,0,3,no,2012,buono,B,autonomo,ovest,1,si,si,box,si,19,9,486000
IMM-02470,Genova,periferia,10.8,1458,villetta,108,5,2,0,3,no,1962,buono,G,autonomo,doppia,0,si,si,box,si,19,6,141000
IMM-02471,Milano,centro,1.3,83,appartamento,87,4,2,5,5,si,1908,buono,G,autonomo,est,0,no,no,posto_auto,no,173,10,539000
IMM-02472,Milano,semicentro,3.5,178,appartamento,113,4,3,5,7,no,1959,buono,F,centralizzato,nord,1,no,no,box,no,190,3,390000
IMM-02473,Roma,semicentro,4.2,547,appartamento,82,2,2,1,9,si,1952,buono,G,autonomo,est,1,no,no,posto_auto,si,170,7,299000
IMM-02474,Napoli,periferia,12.5,2035,appartamento,75,4,2,0,2,si,1997,buono,E,autonomo,doppia,2,no,si,box,no,175,4,130000
IMM-02475,Roma,periferia,13.9,1355,appartamento,71,3,2,7,7,si,1978,da_ristrutturare,E,centralizzato,est,2,no,no,nessuno,no,133,2,98000
IMM-02476,Padova,semicentro,5.2,1061,appartamento,54,2,1,2,9,si,1975,ristrutturato,E,centralizzato,ovest,2,no,no,nessuno,si,204,1,121000
IMM-02477,Bologna,periferia,13.2,1066,appartamento,117,5,2,0,7,si,2011,da_ristrutturare,D,autonomo,nord,1,no,no,box,si,185,6,209000
IMM-02478,Firenze,semicentro,4.8,1553,appartamento,47,1,1,3,5,si,2018,buono,A,centralizzato,sud,3,no,no,nessuno,si,137,3,253000
IMM-02479,Roma,semicentro,4.1,446,attico,103,2,2,8,8,si,1978,da_ristrutturare,D,autonomo,ovest,1,no,no,nessuno,si,165,2,284000
IMM-02480,Milano,centro,0.7,224,appartamento,146,5,3,0,4,si,1978,ristrutturato,E,centralizzato,est,1,no,si,nessuno,no,205,9,902000
IMM-02481,Roma,centro,1.0,344,appartamento,71,2,2,6,7,si,1952,ristrutturato,D,autonomo,doppia,1,no,no,nessuno,si,158,7,371000
IMM-02482,Padova,semicentro,4.9,722,appartamento,73,3,2,2,6,no,1954,buono,E,centralizzato,doppia,1,no,no,nessuno,si,212,3,115000
IMM-02483,Roma,periferia,10.6,973,appartamento,66,3,1,0,8,no,1975,da_ristrutturare,F,centralizzato,est,1,no,si,box,si,138,8,112000
IMM-02484,Milano,centro,0.5,352,attico,116,4,2,3,3,no,1934,buono,G,centralizzato,sud,1,si,no,posto_auto,no,253,10,838000
IMM-02485,Torino,centro,1.6,138,appartamento,65,2,1,3,4,si,1928,da_ristrutturare,G,autonomo,ovest,1,si,no,nessuno,no,132,4,138000
IMM-02486,Torino,centro,1.8,414,appartamento,91,3,2,3,4,no,1913,buono,F,centralizzato,ovest,1,no,no,nessuno,si,140,10,199000
IMM-02487,Palermo,centro,1.3,415,attico,111,4,2,5,5,si,1924,ristrutturato,E,autonomo,ovest,0,si,no,nessuno,si,248,12,330000
IMM-02488,Milano,periferia,11.8,657,villetta,137,5,2,0,3,no,1950,ristrutturato,E,autonomo,nord,0,si,si,box,no,12,2,465000
IMM-02489,Genova,periferia,14.8,502,attico,108,4,2,5,5,si,1979,ristrutturato,C,autonomo,sud,1,no,no,posto_auto,no,193,11,130000
IMM-02490,Padova,semicentro,4.7,705,appartamento,76,3,2,5,7,no,1966,ristrutturato,E,centralizzato,sud,0,no,no,posto_auto,si,148,10,139000
IMM-02491,Roma,semicentro,3.1,2336,appartamento,104,4,3,9,9,si,1918,da_ristrutturare,F,autonomo,doppia,1,no,no,nessuno,si,176,5,305000
IMM-02492,Padova,semicentro,3.5,648,appartamento,93,5,2,4,9,no,1957,da_ristrutturare,F,centralizzato,ovest,2,no,no,nessuno,si,190,5,103000
IMM-02493,Palermo,centro,0.7,202,appartamento,94,3,2,5,7,si,2007,da_ristrutturare,D,autonomo,doppia,0,no,no,nessuno,si,223,2,156000
IMM-02494,Palermo,periferia,8.7,989,appartamento,57,3,1,2,3,si,1957,da_ristrutturare,F,autonomo,est,3,si,no,box,no,142,1,50000
IMM-02495,Palermo,centro,0.5,755,appartamento,101,2,2,7,7,si,1967,ristrutturato,E,centralizzato,nord,1,no,no,nessuno,no,263,3,180000
IMM-02496,Genova,semicentro,5.1,583,villetta,187,6,3,0,2,no,1986,buono,E,autonomo,ovest,0,no,si,nessuno,si,29,5,342000
IMM-02497,Milano,periferia,14.2,811,appartamento,93,4,1,6,6,si,2006,buono,C,centralizzato,sud,1,no,no,nessuno,si,177,3,311000
IMM-02498,Napoli,semicentro,4.9,209,appartamento,79,2,2,5,5,si,1987,buono,D,centralizzato,nord,2,no,no,box,no,219,4,198000
IMM-02499,Napoli,periferia,12.2,1693,appartamento,55,2,1,7,8,si,2007,buono,B,autonomo,nord,2,si,no,posto_auto,si,130,10,122000
IMM-02500,Torino,semicentro,2.1,939,appartamento,69,3,1,7,8,no,1912,da_ristrutturare,F,centralizzato,doppia,1,no,no,nessuno,no,130,10,76000
IMM-02501,Torino,centro,1.7,279,appartamento,173,6,3,4,4,si,1902,ristrutturato,E,autonomo,est,2,no,no,posto_auto,si,284,4,503000
IMM-02502,Torino,semicentro,5.4,2175,appartamento,43,2,2,0,6,si,2016,nuovo,B,autonomo,est,1,no,si,nessuno,si,108,8,94000
IMM-02503,Milano,semicentro,3.3,165,appartamento,144,5,3,1,5,si,1945,da_ristrutturare,G,centralizzato,doppia,2,no,no,nessuno,no,251,10,475000
IMM-02504,Milano,semicentro,5.4,1548,attico,133,4,2,6,6,no,1956,da_ristrutturare,F,autonomo,doppia,2,si,no,nessuno,si,176,11,350000
IMM-02505,Bari,centro,2.0,398,appartamento,83,2,2,1,5,si,1909,ristrutturato,F,autonomo,ovest,1,no,no,nessuno,no,184,10,231000
IMM-02506,Roma,semicentro,3.3,362,villetta,121,5,2,0,3,no,1900,buono,G,autonomo,sud,0,si,si,box,no,19,10,403000
IMM-02507,Roma,semicentro,5.2,392,appartamento,85,4,2,3,3,no,1923,buono,G,centralizzato,ovest,1,si,no,box,si,144,2,233000
IMM-02508,Torino,centro,0.8,310,appartamento,64,3,1,1,4,no,1904,buono,G,centralizzato,doppia,1,no,no,nessuno,no,136,9,183000
IMM-02509,Palermo,semicentro,5.8,416,appartamento,50,3,1,1,8,si,2003,da_ristrutturare,C,autonomo,doppia,1,no,no,nessuno,no,135,10,54000
IMM-02510,Bari,semicentro,4.8,577,appartamento,53,3,1,1,7,si,1916,buono,G,autonomo,doppia,0,no,no,box,no,160,7,123000
IMM-02511,Milano,periferia,7.9,746,appartamento,101,3,1,3,11,si,2023,nuovo,A,autonomo,sud,1,no,no,posto_auto,si,153,10,466000
IMM-02512,Napoli,centro,1.6,266,appartamento,111,3,2,1,4,si,1977,buono,E,centralizzato,doppia,2,no,no,nessuno,no,247,11,307000
IMM-02513,Milano,semicentro,6.0,871,appartamento,59,1,1,4,8,si,2020,nuovo,A,autonomo,sud,1,no,no,box,no,157,2,433000
IMM-02514,Napoli,centro,1.1,593,appartamento,89,3,2,1,5,no,1974,ristrutturato,F,autonomo,doppia,0,no,no,nessuno,no,157,8,333000
IMM-02515,Roma,periferia,6.3,1333,attico,150,6,3,5,5,si,1990,buono,F,centralizzato,sud,3,si,no,posto_auto,si,289,8,339000
IMM-02516,Napoli,periferia,11.2,837,appartamento,82,2,2,3,8,no,1966,ristrutturato,D,centralizzato,sud,2,no,no,box,si,167,6,142000
IMM-02517,Roma,semicentro,3.7,445,appartamento,95,2,2,6,8,si,1950,ristrutturato,C,centralizzato,nord,1,no,no,nessuno,si,240,6,283000
IMM-02518,Torino,periferia,13.9,372,appartamento,97,3,2,3,3,no,2000,ristrutturato,A,autonomo,nord,1,no,no,nessuno,no,135,11,99000
IMM-02519,Roma,centro,0.7,330,appartamento,69,3,1,3,3,no,1940,ristrutturato,D,autonomo,ovest,1,no,no,nessuno,no,100,1,306000
IMM-02520,Bari,centro,1.3,417,appartamento,78,3,3,4,5,si,1997,da_ristrutturare,D,autonomo,sud,1,no,no,nessuno,si,161,5,193000
IMM-02521,Padova,semicentro,3.9,806,attico,134,4,2,4,4,si,1993,buono,F,autonomo,doppia,2,si,no,nessuno,si,187,6,374000
IMM-02522,Milano,periferia,11.1,2750,appartamento,88,3,3,1,11,si,1942,ristrutturato,D,autonomo,nord,1,no,no,nessuno,no,213,12,226000
IMM-02523,Roma,periferia,6.8,1627,villetta,128,3,2,0,3,no,1963,buono,D,autonomo,doppia,0,no,si,box,si,0,1,250000
IMM-02524,Napoli,centro,1.4,331,appartamento,100,4,2,3,6,si,1971,buono,F,autonomo,sud,2,no,no,nessuno,si,228,11,337000
IMM-02525,Torino,semicentro,2.3,1231,appartamento,64,2,1,4,8,si,1979,da_ristrutturare,E,autonomo,nord,1,no,no,box,no,143,8,107000
IMM-02526,Genova,semicentro,5.4,536,appartamento,65,2,1,1,5,si,1956,ristrutturato,D,centralizzato,sud,0,no,no,posto_auto,si,197,2,121000
IMM-02527,Napoli,semicentro,5.6,2478,appartamento,43,1,1,3,4,si,1987,ristrutturato,D,centralizzato,sud,0,no,no,nessuno,no,153,2,101000
IMM-02528,Genova,centro,1.8,192,appartamento,88,4,3,1,7,no,1969,da_ristrutturare,E,centralizzato,est,0,no,no,nessuno,si,215,9,149000
IMM-02529,Palermo,periferia,9.1,394,appartamento,125,4,2,2,2,si,1975,buono,G,autonomo,est,2,no,no,nessuno,si,218,8,77000
IMM-02530,Firenze,periferia,14.3,2548,appartamento,40,1,1,5,5,si,2002,ristrutturato,A,autonomo,doppia,1,no,no,posto_auto,no,75,3,135000
IMM-02531,Roma,semicentro,4.7,546,appartamento,51,2,1,1,3,si,2025,nuovo,B,autonomo,nord,2,no,no,posto_auto,no,151,8,229000
IMM-02532,Milano,centro,0.5,215,appartamento,87,4,2,3,4,si,1901,buono,F,centralizzato,nord,0,no,no,nessuno,si,246,4,546000
IMM-02533,Napoli,semicentro,2.6,248,appartamento,73,3,2,3,5,no,1942,buono,G,autonomo,est,0,no,no,nessuno,si,133,6,164000
IMM-02534,Milano,periferia,13.5,3183,villetta,154,5,3,0,2,no,1938,buono,E,autonomo,est,0,no,si,nessuno,no,11,1,387000
IMM-02535,Napoli,semicentro,2.7,443,villetta,124,4,2,0,2,no,1952,buono,E,autonomo,sud,0,si,si,box,no,9,9,337000
IMM-02536,Palermo,semicentro,4.5,584,appartamento,116,4,2,5,6,si,1951,ristrutturato,D,autonomo,doppia,1,no,no,nessuno,si,197,1,145000
IMM-02537,Milano,semicentro,3.1,402,appartamento,83,2,2,3,4,no,1955,buono,G,centralizzato,sud,2,no,no,box,si,151,10,324000
IMM-02538,Torino,periferia,9.8,1773,appartamento,137,4,2,7,9,si,1982,ristrutturato,B,centralizzato,nord,1,no,no,box,no,223,6,210000
IMM-02539,Milano,periferia,12.1,1131,villetta,178,6,4,0,3,no,1997,ristrutturato,D,autonomo,est,1,si,si,posto_auto,no,14,6,574000
IMM-02540,Roma,periferia,14.2,524,appartamento,144,4,3,1,4,si,1992,buono,E,autonomo,sud,2,no,no,nessuno,si,249,1,268000
IMM-02541,Torino,periferia,6.1,636,villetta,136,5,2,0,2,no,1974,ristrutturato,F,autonomo,ovest,2,no,no,box,si,31,9,190000
IMM-02542,Firenze,semicentro,3.0,1045,appartamento,75,3,2,3,3,no,1951,buono,E,autonomo,sud,2,no,no,nessuno,no,144,6,259000
IMM-02543,Torino,semicentro,4.9,1537,appartamento,54,2,1,9,9,no,1916,buono,F,centralizzato,sud,0,no,no,nessuno,si,159,12,68000
IMM-02544,Napoli,periferia,12.1,747,appartamento,78,3,2,4,4,si,2006,da_ristrutturare,D,autonomo,nord,0,no,no,box,si,165,7,121000
IMM-02545,Torino,centro,1.2,419,attico,83,2,2,7,7,si,1990,buono,F,autonomo,doppia,0,si,no,nessuno,si,196,7,302000
IMM-02546,Firenze,periferia,14.3,762,attico,128,4,2,7,7,si,2003,da_ristrutturare,D,autonomo,sud,2,si,no,nessuno,si,200,9,333000
IMM-02547,Bologna,periferia,9.9,2455,attico,194,7,3,4,4,no,1965,da_ristrutturare,F,autonomo,doppia,1,si,no,box,si,266,12,239000
IMM-02548,Torino,semicentro,3.1,177,appartamento,69,3,1,0,8,si,1989,buono,E,centralizzato,doppia,2,no,si,posto_auto,no,191,7,145000
IMM-02549,Napoli,periferia,10.4,1627,appartamento,68,1,1,5,10,si,2018,nuovo,A,autonomo,sud,1,no,no,posto_auto,no,166,3,163000
IMM-02550,Milano,centro,1.2,335,appartamento,70,3,1,1,6,no,1966,da_ristrutturare,E,autonomo,est,1,no,no,nessuno,si,124,12,343000
IMM-02551,Milano,semicentro,4.4,237,appartamento,130,4,2,4,5,si,1994,buono,D,centralizzato,sud,1,no,no,posto_auto,no,262,5,615000
IMM-02552,Roma,periferia,6.5,1905,villetta,117,4,2,0,2,no,2004,ristrutturato,A,autonomo,doppia,2,no,si,box,si,16,10,357000
IMM-02553,Torino,semicentro,3.3,1068,attico,146,5,3,9,9,si,2013,da_ristrutturare,D,autonomo,est,1,si,no,posto_auto,no,255,3,307000
IMM-02554,Torino,periferia,13.0,1148,attico,97,3,2,6,6,si,1948,buono,E,centralizzato,ovest,1,no,no,box,si,187,12,150000
IMM-02555,Bari,centro,1.1,1262,appartamento,150,6,3,2,4,si,1903,buono,E,centralizzato,doppia,0,si,no,nessuno,si,260,2,473000
IMM-02556,Roma,periferia,10.4,449,appartamento,85,4,2,0,6,si,1947,da_ristrutturare,G,centralizzato,nord,2,no,no,box,no,254,12,142000
IMM-02557,Bologna,semicentro,4.6,599,appartamento,115,5,1,1,8,no,1923,ristrutturato,F,centralizzato,doppia,3,no,no,box,si,135,5,396000
IMM-02558,Milano,semicentro,5.5,1402,appartamento,52,1,1,3,5,si,1948,buono,F,autonomo,nord,0,no,no,posto_auto,si,134,10,230000
IMM-02559,Bologna,semicentro,2.9,349,appartamento,185,7,3,7,9,no,1919,ristrutturato,G,autonomo,doppia,0,no,no,nessuno,si,242,1,427000
IMM-02560,Genova,semicentro,4.5,587,appartamento,46,2,1,0,3,no,1920,ristrutturato,E,autonomo,ovest,0,no,no,box,si,100,1,98000
IMM-02561,Bologna,centro,0.7,329,appartamento,69,2,1,5,5,no,1970,buono,G,autonomo,sud,1,no,no,box,si,187,4,246000
IMM-02562,Padova,semicentro,4.6,649,appartamento,138,6,2,5,7,si,2022,nuovo,A,autonomo,sud,2,no,no,box,si,207,6,423000
IMM-02563,Milano,semicentro,5.7,405,appartamento,107,5,1,4,7,si,1946,buono,F,centralizzato,sud,3,no,no,nessuno,si,214,10,513000
IMM-02564,Firenze,semicentro,5.9,762,appartamento,115,4,2,8,8,si,1973,buono,F,centralizzato,doppia,2,no,no,nessuno,si,203,12,352000
IMM-02565,Milano,semicentro,3.0,277,appartamento,70,2,1,0,3,no,1993,da_ristrutturare,F,centralizzato,ovest,2,no,no,box,no,135,3,259000
IMM-02566,Firenze,periferia,7.6,1758,villetta,125,5,2,0,2,no,1980,buono,D,autonomo,sud,1,no,si,box,si,2,5,365000
IMM-02567,Milano,periferia,8.3,2171,appartamento,105,4,2,2,5,si,1984,buono,E,centralizzato,ovest,1,no,no,box,no,204,2,319000
IMM-02568,Roma,periferia,14.4,569,appartamento,84,2,2,5,5,si,2004,buono,C,autonomo,doppia,2,no,no,posto_auto,si,159,11,168000
IMM-02569,Padova,periferia,9.3,5000,appartamento,137,5,3,8,10,si,1988,da_ristrutturare,F,autonomo,sud,1,no,no,box,si,231,6,143000
IMM-02570,Milano,centro,1.6,284,appartamento,73,2,1,1,6,si,1912,ristrutturato,F,centralizzato,doppia,1,no,no,nessuno,si,207,3,560000
IMM-02571,Roma,periferia,7.6,932,appartamento,146,5,3,3,5,si,2000,ristrutturato,A,centralizzato,sud,2,no,no,box,si,288,2,364000
IMM-02572,Torino,semicentro,3.2,894,villetta,139,5,2,0,2,no,1900,buono,F,autonomo,doppia,1,no,si,nessuno,no,27,10,274000
IMM-02573,Roma,semicentro,5.7,181,appartamento,53,2,1,2,4,no,1947,buono,G,centralizzato,sud,2,no,no,posto_auto,si,136,11,166000
IMM-02574,Torino,semicentro,2.9,683,appartamento,92,3,2,4,5,si,1958,da_ristrutturare,G,centralizzato,ovest,1,no,no,nessuno,si,221,11,126000
IMM-02575,Torino,semicentro,4.8,804,appartamento,82,3,2,3,5,si,1963,ristrutturato,C,centralizzato,sud,0,no,no,nessuno,si,177,4,158000
IMM-02576,Genova,semicentro,3.8,293,appartamento,43,1,1,4,5,si,1904,da_ristrutturare,E,autonomo,doppia,1,no,no,box,si,124,8,75000
IMM-02577,Milano,periferia,7.4,974,appartamento,121,3,2,0,2,si,1967,buono,F,centralizzato,doppia,2,no,si,nessuno,no,257,12,288000
IMM-02578,Genova,semicentro,2.0,252,appartamento,94,4,2,4,8,si,1990,da_ristrutturare,F,autonomo,sud,1,no,no,posto_auto,no,233,8,140000
IMM-02579,Milano,centro,1.1,188,appartamento,133,4,2,5,6,no,1929,buono,E,autonomo,doppia,0,no,no,nessuno,no,219,3,803000
IMM-02580,Torino,semicentro,3.2,617,appartamento,73,2,2,3,9,si,1909,buono,G,autonomo,nord,1,no,no,nessuno,si,160,9,111000
IMM-02581,Roma,centro,0.8,100,appartamento,71,2,2,5,6,no,1920,buono,E,centralizzato,est,0,no,no,nessuno,no,144,5,290000
IMM-02582,Milano,centro,0.7,249,appartamento,97,3,2,3,5,no,1938,buono,F,autonomo,doppia,0,no,no,nessuno,no,161,5,632000
IMM-02583,Torino,semicentro,5.8,607,appartamento,52,2,1,2,7,si,1946,ristrutturato,D,centralizzato,est,1,no,no,nessuno,si,169,3,91000
IMM-02584,Bologna,periferia,12.6,789,appartamento,74,3,2,10,11,si,1995,da_ristrutturare,E,autonomo,doppia,2,no,no,posto_auto,no,182,6,116000
IMM-02585,Milano,centro,1.2,361,appartamento,121,4,2,0,7,si,1984,buono,D,centralizzato,est,1,no,si,nessuno,no,244,12,814000
IMM-02586,Milano,semicentro,4.5,521,attico,95,4,2,9,9,si,1921,buono,G,autonomo,doppia,2,si,no,nessuno,si,170,8,568000
IMM-02587,Genova,periferia,11.9,368,appartamento,59,2,1,2,6,no,1954,buono,G,centralizzato,nord,0,no,no,posto_auto,si,123,10,57000
IMM-02588,Milano,centro,1.0,263,appartamento,69,3,1,4,6,no,1962,buono,F,autonomo,sud,1,no,no,box,no,102,3,436000
IMM-02589,Firenze,semicentro,3.1,751,appartamento,72,3,3,4,8,si,1976,buono,E,autonomo,sud,2,no,no,posto_auto,si,143,10,269000
IMM-02590,Milano,centro,0.6,362,appartamento,77,3,2,3,4,si,2011,ristrutturato,A,autonomo,sud,2,no,no,nessuno,si,159,8,828000
IMM-02591,Bari,semicentro,5.5,972,attico,111,4,2,4,4,si,1995,buono,E,centralizzato,ovest,1,si,no,box,si,224,3,264000
IMM-02592,Bari,centro,1.5,97,attico,97,3,2,7,7,si,1968,buono,F,autonomo,sud,1,si,no,nessuno,si,182,10,330000
IMM-02593,Firenze,centro,0.5,329,appartamento,58,2,1,3,4,si,2005,da_ristrutturare,C,autonomo,nord,3,no,no,nessuno,si,165,7,317000
IMM-02594,Genova,semicentro,3.3,884,attico,161,5,3,4,4,si,1943,da_ristrutturare,F,centralizzato,doppia,1,si,no,nessuno,si,305,9,276000
IMM-02595,Torino,periferia,11.5,1607,villetta,149,5,3,0,2,no,1976,buono,F,autonomo,ovest,0,no,si,box,no,16,10,171000
IMM-02596,Torino,semicentro,4.5,239,appartamento,65,2,1,1,3,no,1982,buono,F,autonomo,ovest,1,no,no,nessuno,no,67,8,108000
IMM-02597,Milano,periferia,13.0,1847,villetta,147,5,3,0,2,no,1946,da_ristrutturare,F,autonomo,sud,0,no,si,box,si,15,6,356000
IMM-02598,Roma,periferia,14.9,1773,appartamento,58,3,1,3,8,si,2021,nuovo,A,autonomo,doppia,1,no,no,box,si,160,6,174000
IMM-02599,Roma,periferia,13.5,3236,appartamento,126,4,3,2,5,si,1981,buono,F,autonomo,nord,0,no,no,box,no,239,8,208000
IMM-02600,Milano,periferia,7.3,603,appartamento,76,2,2,2,3,no,2023,nuovo,A,centralizzato,ovest,1,no,no,box,no,152,11,352000
IMM-02601,Napoli,periferia,11.7,1419,appartamento,57,2,1,2,11,si,2016,nuovo,B,autonomo,est,2,no,no,box,si,127,11,128000
IMM-02602,Torino,periferia,14.4,2843,appartamento,125,4,2,5,9,si,1965,buono,F,autonomo,est,1,no,no,box,si,214,9,128000
IMM-02603,Bologna,semicentro,4.2,549,appartamento,181,7,3,2,4,si,1958,da_ristrutturare,F,centralizzato,doppia,1,no,no,nessuno,no,308,9,313000
IMM-02604,Napoli,semicentro,5.3,880,attico,157,5,3,6,6,si,1971,ristrutturato,D,centralizzato,doppia,1,si,no,nessuno,si,249,11,443000
IMM-02605,Roma,centro,1.6,219,appartamento,46,1,1,5,7,si,1911,ristrutturato,E,centralizzato,doppia,0,si,no,box,no,146,12,291000
IMM-02606,Genova,centro,1.5,368,appartamento,86,4,2,5,6,si,1950,buono,F,centralizzato,sud,1,no,no,nessuno,no,199,7,213000
IMM-02607,Milano,centro,0.7,118,appartamento,96,4,3,0,5,no,1943,buono,G,autonomo,sud,0,no,si,nessuno,si,158,9,657000
IMM-02608,Bologna,centro,0.9,499,appartamento,67,2,1,4,4,no,1945,buono,F,autonomo,sud,0,no,no,nessuno,si,170,11,271000
IMM-02609,Bologna,periferia,6.0,1804,villetta,181,6,4,0,3,no,1988,buono,E,autonomo,est,2,no,si,posto_auto,si,12,1,380000
IMM-02610,Roma,centro,0.9,248,appartamento,129,4,2,0,7,si,1902,buono,G,autonomo,nord,0,no,no,nessuno,no,227,10,557000
IMM-02611,Milano,semicentro,2.1,615,appartamento,73,3,2,3,6,si,2024,nuovo,A,autonomo,nord,1,si,no,nessuno,no,176,5,620000
IMM-02612,Palermo,periferia,14.8,470,appartamento,125,5,2,3,6,si,2022,nuovo,A,autonomo,est,2,no,no,box,no,203,7,162000
IMM-02613,Milano,semicentro,3.5,426,appartamento,132,5,2,2,3,no,1993,buono,D,autonomo,nord,2,no,no,box,si,156,7,626000
IMM-02614,Torino,periferia,9.0,791,appartamento,80,2,2,1,2,si,1957,ristrutturato,D,autonomo,sud,2,no,no,nessuno,si,143,3,107000
IMM-02615,Milano,centro,1.1,199,appartamento,85,4,2,2,6,si,1916,ristrutturato,E,centralizzato,doppia,0,no,no,nessuno,si,243,11,667000
IMM-02616,Genova,semicentro,2.9,989,appartamento,64,2,1,3,3,si,2024,nuovo,A,autonomo,est,2,no,no,nessuno,si,160,4,165000
IMM-02617,Torino,periferia,8.7,989,villetta,105,4,2,0,2,no,1902,ristrutturato,E,autonomo,est,1,no,si,box,no,10,6,166000
IMM-02618,Bologna,semicentro,2.2,958,villetta,171,5,3,0,2,no,2016,nuovo,A,autonomo,sud,1,no,si,box,si,5,11,841000
IMM-02619,Torino,semicentro,4.4,667,appartamento,73,3,2,2,4,no,1968,buono,F,centralizzato,sud,2,no,no,nessuno,si,153,2,106000
IMM-02620,Napoli,centro,0.6,397,appartamento,68,1,1,6,7,si,1905,ristrutturato,E,centralizzato,doppia,0,no,no,nessuno,si,204,10,303000
IMM-02621,Torino,periferia,7.7,882,attico,122,4,2,6,6,si,1951,buono,G,autonomo,ovest,1,si,no,box,si,239,4,172000
IMM-02622,Firenze,semicentro,2.5,862,appartamento,98,4,3,0,5,si,1952,ristrutturato,E,centralizzato,ovest,1,no,si,nessuno,si,226,2,415000
IMM-02623,Firenze,centro,1.0,286,attico,134,5,3,3,3,no,1934,buono,G,autonomo,est,1,si,no,nessuno,no,200,12,819000
IMM-02624,Milano,semicentro,4.3,570,appartamento,94,4,2,0,5,si,2007,da_ristrutturare,D,autonomo,doppia,1,no,no,nessuno,si,205,1,410000
IMM-02625,Roma,semicentro,3.1,279,appartamento,73,3,2,5,5,si,1952,buono,F,centralizzato,est,3,no,no,nessuno,si,221,8,227000
IMM-02626,Roma,periferia,7.6,5000,appartamento,62,2,1,0,5,si,2001,ristrutturato,A,autonomo,sud,1,no,no,posto_auto,no,171,9,148000
IMM-02627,Firenze,semicentro,5.6,951,appartamento,108,4,2,3,6,si,1966,ristrutturato,C,centralizzato,sud,0,no,no,nessuno,si,202,5,452000
IMM-02628,Genova,periferia,11.8,939,appartamento,103,3,2,4,8,si,1990,ristrutturato,D,centralizzato,est,1,no,no,nessuno,no,203,10,111000
IMM-02629,Firenze,semicentro,2.6,698,appartamento,61,3,1,1,8,si,1990,ristrutturato,E,autonomo,ovest,2,no,no,box,si,198,10,313000
IMM-02630,Bologna,semicentro,4.4,314,appartamento,137,5,1,0,4,si,1984,da_ristrutturare,F,autonomo,ovest,2,no,no,nessuno,si,225,5,273000
IMM-02631,Torino,periferia,9.1,1011,appartamento,116,4,2,6,6,si,1973,ristrutturato,C,centralizzato,doppia,0,no,no,nessuno,no,207,8,155000
IMM-02632,Genova,semicentro,3.6,329,appartamento,126,4,2,0,4,si,1964,ristrutturato,B,autonomo,nord,1,no,si,posto_auto,si,242,4,198000
IMM-02633,Milano,periferia,13.8,2148,appartamento,76,2,2,1,3,no,1966,da_ristrutturare,E,autonomo,est,1,no,no,nessuno,si,120,5,141000
IMM-02634,Bologna,semicentro,5.1,1415,appartamento,69,2,1,1,5,si,2014,ristrutturato,B,autonomo,ovest,1,no,no,box,no,144,4,232000
IMM-02635,Palermo,centro,1.4,408,appartamento,58,2,1,5,7,si,1911,da_ristrutturare,G,autonomo,sud,0,no,no,box,no,178,2,110000
IMM-02636,Milano,semicentro,2.2,473,appartamento,82,3,2,7,8,si,1951,buono,E,centralizzato,sud,2,no,no,nessuno,si,191,1,382000
IMM-02637,Genova,semicentro,3.8,675,appartamento,42,1,1,5,6,si,1999,da_ristrutturare,E,autonomo,ovest,2,no,no,nessuno,si,98,4,64000
IMM-02638,Roma,semicentro,5.7,918,appartamento,103,4,2,2,5,si,2010,buono,C,centralizzato,est,0,no,no,nessuno,si,219,2,251000
IMM-02639,Torino,semicentro,3.1,625,appartamento,102,4,2,2,9,no,1967,ristrutturato,C,autonomo,nord,0,no,no,nessuno,no,147,9,170000
IMM-02640,Torino,periferia,7.3,2026,villetta,126,4,2,0,2,no,2016,nuovo,A,autonomo,est,0,si,si,box,no,12,7,226000
IMM-02641,Bari,periferia,12.0,1583,villetta,147,6,3,0,2,no,1979,buono,D,autonomo,ovest,0,no,no,box,si,21,1,180000
IMM-02642,Milano,semicentro,2.8,479,appartamento,125,5,1,5,7,no,1974,buono,E,centralizzato,ovest,2,no,no,box,si,216,3,424000
IMM-02643,Roma,periferia,13.8,915,villetta,131,5,2,0,3,no,1975,buono,F,autonomo,doppia,0,no,si,box,no,8,3,252000
IMM-02644,Roma,semicentro,5.6,340,appartamento,100,3,2,4,9,si,1990,buono,E,autonomo,est,3,no,no,nessuno,si,196,11,286000
IMM-02645,Firenze,periferia,9.8,693,villetta,173,7,4,0,2,no,1907,buono,G,autonomo,est,0,si,si,box,si,4,2,494000
IMM-02646,Torino,semicentro,5.5,726,appartamento,74,3,1,5,5,no,1944,ristrutturato,D,centralizzato,sud,1,no,no,nessuno,si,153,8,95000
IMM-02647,Roma,centro,0.4,647,appartamento,49,3,1,0,7,si,1939,ristrutturato,F,centralizzato,sud,0,no,no,nessuno,si,165,1,252000
IMM-02648,Milano,centro,0.3,406,appartamento,69,2,1,1,5,si,1955,ristrutturato,D,autonomo,sud,1,no,no,box,no,110,7,629000
IMM-02649,Milano,semicentro,2.9,1149,appartamento,58,2,1,8,9,si,1964,buono,E,centralizzato,doppia,2,no,si,nessuno,si,166,5,311000
IMM-02650,Bologna,centro,0.4,613,appartamento,74,3,2,3,7,si,1981,buono,F,autonomo,doppia,2,no,no,nessuno,no,135,6,329000
IMM-02651,Firenze,centro,1.5,197,appartamento,101,3,2,5,6,no,1967,buono,G,centralizzato,sud,2,no,si,posto_auto,si,155,1,455000
IMM-02652,Bologna,semicentro,4.1,300,appartamento,75,2,2,4,8,si,1951,buono,E,centralizzato,sud,1,no,no,nessuno,si,202,2,221000
IMM-02653,Bari,semicentro,5.0,748,appartamento,74,2,3,5,8,si,2000,buono,C,autonomo,nord,0,no,no,posto_auto,no,145,6,162000
IMM-02654,Roma,centro,1.2,476,appartamento,76,3,2,2,5,si,1941,buono,G,centralizzato,nord,0,no,no,nessuno,no,167,6,308000
IMM-02655,Roma,semicentro,2.6,1013,appartamento,131,6,3,6,7,si,1946,buono,F,centralizzato,ovest,1,no,no,nessuno,si,266,7,369000
IMM-02656,Milano,periferia,10.3,2959,villetta,159,6,3,0,2,no,2019,nuovo,B,autonomo,ovest,0,no,no,box,si,32,12,656000
IMM-02657,Firenze,centro,1.1,196,appartamento,87,3,2,1,6,no,1916,buono,F,centralizzato,doppia,1,no,no,nessuno,si,141,11,422000
IMM-02658,Genova,periferia,7.6,1112,villetta,144,4,3,0,2,no,1976,da_ristrutturare,F,autonomo,est,0,no,no,posto_auto,si,0,8,116000
IMM-02659,Genova,centro,2.0,180,appartamento,141,5,3,4,5,no,1953,ristrutturato,D,centralizzato,ovest,2,no,no,nessuno,si,209,6,333000
IMM-02660,Bari,periferia,6.7,1573,appartamento,92,4,2,2,3,no,1938,buono,G,autonomo,est,0,no,no,nessuno,si,125,5,110000
IMM-02661,Padova,semicentro,2.3,407,appartamento,66,2,1,3,5,si,2004,buono,C,autonomo,ovest,2,no,no,posto_auto,no,124,5,162000
IMM-02662,Palermo,periferia,12.4,1895,appartamento,83,3,2,4,5,no,1960,da_ristrutturare,E,centralizzato,nord,3,no,no,box,si,144,10,47000
IMM-02663,Bari,periferia,7.8,2508,appartamento,67,3,2,4,8,no,1950,da_ristrutturare,G,autonomo,sud,0,no,no,posto_auto,no,107,3,48000
IMM-02664,Napoli,centro,0.7,484,appartamento,139,3,2,2,3,si,1980,buono,F,autonomo,est,1,no,no,posto_auto,no,235,8,460000
IMM-02665,Milano,centro,0.4,273,appartamento,80,3,3,2,3,si,2013,ristrutturato,B,autonomo,doppia,1,no,no,posto_auto,no,196,7,664000
IMM-02666,Palermo,centro,1.4,678,appartamento,56,2,1,3,6,si,1923,buono,G,centralizzato,nord,0,no,no,nessuno,si,209,8,96000
IMM-02667,Milano,semicentro,2.9,1424,appartamento,93,4,2,7,9,si,1968,da_ristrutturare,E,autonomo,est,2,no,no,box,si,163,7,327000
IMM-02668,Bologna,semicentro,3.2,545,attico,117,4,3,5,5,si,1981,da_ristrutturare,F,centralizzato,sud,1,si,no,box,si,267,12,376000
IMM-02669,Roma,periferia,6.1,904,appartamento,102,3,2,2,3,no,1985,buono,D,autonomo,sud,1,no,no,nessuno,no,174,12,205000
IMM-02670,Bologna,semicentro,5.3,387,appartamento,100,3,2,5,5,si,1986,ristrutturato,E,autonomo,ovest,2,no,no,nessuno,si,212,12,339000
IMM-02671,Torino,periferia,13.2,601,appartamento,151,6,3,7,8,si,1988,da_ristrutturare,E,centralizzato,doppia,0,no,no,box,no,268,12,134000
IMM-02672,Firenze,periferia,6.6,595,appartamento,66,3,1,7,7,no,1970,buono,F,autonomo,est,3,no,no,posto_auto,si,136,2,123000
IMM-02673,Roma,semicentro,5.0,1484,appartamento,113,4,2,5,7,no,1962,buono,E,centralizzato,doppia,1,no,no,box,no,214,8,248000
IMM-02674,Napoli,centro,2.0,496,appartamento,66,2,1,3,3,no,1904,da_ristrutturare,F,autonomo,doppia,0,no,no,nessuno,si,142,8,178000
IMM-02675,Milano,periferia,10.1,3517,appartamento,104,3,2,1,8,si,2015,buono,C,autonomo,nord,1,no,no,box,si,208,6,306000
IMM-02676,Roma,periferia,9.0,538,appartamento,137,5,2,2,7,si,2022,nuovo,A,centralizzato,ovest,2,no,no,nessuno,si,238,2,342000
IMM-02677,Roma,periferia,8.0,1693,appartamento,104,3,2,8,8,si,2007,da_ristrutturare,D,autonomo,nord,1,no,no,posto_auto,si,168,1,194000
IMM-02678,Palermo,semicentro,5.6,220,attico,268,8,4,8,8,si,1917,buono,F,centralizzato,sud,0,si,no,posto_auto,si,401,1,347000
IMM-02679,Roma,periferia,12.4,999,appartamento,107,4,2,10,11,si,1957,buono,D,centralizzato,ovest,2,no,no,posto_auto,no,209,1,211000
IMM-02680,Roma,semicentro,4.8,116,appartamento,101,4,2,8,8,si,1998,buono,E,autonomo,nord,2,si,no,nessuno,si,205,11,337000
IMM-02681,Palermo,centro,0.5,271,appartamento,92,3,1,5,6,no,1909,buono,G,autonomo,ovest,0,no,no,nessuno,si,149,3,114000
IMM-02682,Roma,semicentro,5.3,1431,appartamento,95,3,2,1,5,si,1954,ristrutturato,F,centralizzato,ovest,2,no,no,posto_auto,no,197,8,270000
IMM-02683,Napoli,periferia,13.0,4006,appartamento,67,1,1,7,8,si,1976,ristrutturato,D,centralizzato,sud,2,no,no,box,no,158,10,142000
IMM-02684,Torino,centro,1.2,468,appartamento,56,2,1,1,7,no,1941,ristrutturato,E,centralizzato,doppia,0,no,no,posto_auto,si,101,11,174000
IMM-02685,Milano,centro,0.2,338,appartamento,61,2,1,2,4,si,1945,ristrutturato,E,autonomo,nord,1,no,no,nessuno,si,172,12,460000
IMM-02686,Bari,centro,0.8,548,appartamento,80,3,2,1,5,no,1961,buono,G,centralizzato,ovest,2,no,no,nessuno,si,184,6,181000
IMM-02687,Bologna,semicentro,5.9,939,appartamento,60,2,1,3,3,no,1923,buono,G,autonomo,nord,0,no,no,box,no,114,9,151000
IMM-02688,Roma,semicentro,3.8,1302,appartamento,96,3,2,0,3,no,1976,buono,E,autonomo,ovest,1,no,no,box,no,118,9,307000
IMM-02689,Milano,semicentro,5.7,676,appartamento,101,3,2,3,9,no,1975,buono,F,autonomo,doppia,1,no,no,nessuno,si,144,3,382000
IMM-02690,Milano,semicentro,5.7,322,appartamento,96,2,2,6,8,si,1989,buono,E,autonomo,sud,2,no,no,nessuno,no,203,4,459000
IMM-02691,Roma,centro,0.3,729,appartamento,60,2,1,5,5,si,1959,buono,D,centralizzato,est,0,no,no,nessuno,si,170,11,311000
IMM-02692,Roma,periferia,7.9,2900,villetta,97,4,3,0,3,no,2011,ristrutturato,A,autonomo,ovest,0,si,si,box,no,32,11,223000
IMM-02693,Roma,semicentro,5.1,1086,appartamento,59,2,1,3,3,no,1950,da_ristrutturare,G,autonomo,sud,2,no,no,nessuno,si,66,11,114000
IMM-02694,Roma,semicentro,5.9,409,appartamento,198,7,3,2,3,si,2021,nuovo,A,autonomo,sud,1,no,no,posto_auto,si,307,12,797000
IMM-02695,Torino,semicentro,3.9,354,appartamento,124,5,2,0,4,si,1988,buono,D,autonomo,est,2,no,si,nessuno,si,246,7,244000
IMM-02696,Padova,semicentro,2.8,263,appartamento,59,2,1,7,8,si,1998,buono,G,autonomo,sud,2,no,no,box,no,137,3,178000
IMM-02697,Roma,semicentro,4.4,514,appartamento,52,2,1,1,5,si,2005,buono,C,autonomo,nord,0,no,no,box,si,168,7,198000
IMM-02698,Bari,semicentro,5.3,130,appartamento,40,1,2,1,7,si,1962,buono,F,autonomo,nord,1,no,no,box,no,116,9,105000
IMM-02699,Padova,periferia,14.6,939,appartamento,51,3,2,2,2,no,1984,da_ristrutturare,E,autonomo,sud,2,no,no,nessuno,no,74,1,45000
IMM-02700,Bari,semicentro,5.5,637,villetta,197,8,3,0,3,no,1983,ristrutturato,C,autonomo,est,1,no,si,box,no,23,6,470000
IMM-02701,Bologna,centro,1.8,353,appartamento,110,4,2,2,4,no,1962,ristrutturato,F,centralizzato,est,3,no,no,nessuno,no,196,7,504000
IMM-02702,Milano,centro,1.9,339,appartamento,82,3,2,2,7,si,1968,buono,F,autonomo,sud,1,no,si,nessuno,si,202,2,583000
IMM-02703,Torino,semicentro,3.9,944,appartamento,88,3,2,0,7,si,1941,ristrutturato,D,centralizzato,ovest,1,no,no,box,si,236,1,149000
IMM-02704,Firenze,semicentro,5.8,310,appartamento,123,4,2,1,4,no,1943,buono,G,centralizzato,nord,1,no,no,box,si,213,12,381000
IMM-02705,Milano,centro,1.9,246,appartamento,131,5,2,4,7,no,1938,da_ristrutturare,G,autonomo,sud,1,no,no,nessuno,no,199,8,683000
IMM-02706,Genova,centro,0.6,489,appartamento,119,4,2,1,7,no,1944,da_ristrutturare,G,centralizzato,nord,0,no,no,nessuno,no,233,9,249000
IMM-02707,Bari,semicentro,3.8,965,appartamento,43,1,1,6,7,no,2016,nuovo,A,autonomo,doppia,1,no,no,nessuno,no,89,7,89000
IMM-02708,Milano,periferia,9.3,884,attico,111,4,3,2,2,no,1996,ristrutturato,D,autonomo,nord,0,si,no,nessuno,no,166,5,400000
IMM-02709,Genova,periferia,11.1,1547,appartamento,87,4,2,4,8,si,2018,nuovo,A,centralizzato,sud,1,no,no,posto_auto,no,218,4,152000
IMM-02710,Milano,semicentro,3.2,841,appartamento,40,2,1,3,7,no,1901,da_ristrutturare,G,autonomo,est,2,no,no,posto_auto,si,61,8,159000
IMM-02711,Bologna,semicentro,4.4,1147,attico,149,5,3,8,8,no,1950,ristrutturato,E,autonomo,doppia,3,si,no,posto_auto,no,228,2,432000
IMM-02712,Roma,semicentro,4.1,524,villetta,115,4,2,0,2,no,1964,buono,E,autonomo,ovest,2,no,si,box,no,27,10,370000
IMM-02713,Genova,semicentro,5.9,696,appartamento,108,4,2,4,4,si,1946,ristrutturato,D,autonomo,sud,1,no,no,nessuno,si,210,12,177000
IMM-02714,Roma,semicentro,3.5,778,appartamento,192,8,3,6,6,si,1965,ristrutturato,D,autonomo,nord,0,no,no,nessuno,si,262,1,569000
IMM-02715,Torino,semicentro,4.6,1334,appartamento,100,3,2,6,6,no,1974,buono,F,autonomo,est,0,no,no,nessuno,si,120,4,135000
IMM-02716,Genova,centro,1.5,533,appartamento,111,4,2,5,6,si,2011,buono,C,autonomo,est,0,no,no,posto_auto,si,244,8,295000
IMM-02717,Bari,semicentro,3.6,884,appartamento,87,4,2,4,4,si,1985,ristrutturato,D,centralizzato,doppia,2,no,no,nessuno,no,197,3,258000
IMM-02718,Firenze,periferia,10.5,3216,appartamento,78,2,3,4,4,si,1991,buono,E,autonomo,est,1,no,no,nessuno,no,181,8,147000
IMM-02719,Bari,periferia,6.3,2930,appartamento,115,3,2,4,6,no,1954,buono,G,centralizzato,doppia,2,no,no,box,si,197,10,116000
IMM-02720,Roma,periferia,12.9,1166,villetta,147,5,3,0,3,no,1907,buono,G,autonomo,doppia,0,no,si,box,si,29,4,314000
IMM-02721,Torino,periferia,13.2,1365,appartamento,73,3,2,0,2,si,1969,buono,F,autonomo,sud,1,no,no,nessuno,si,172,6,79000
IMM-02722,Milano,centro,1.9,334,appartamento,62,2,2,5,6,no,1953,ristrutturato,D,autonomo,est,1,no,no,nessuno,si,122,4,448000
IMM-02723,Bologna,semicentro,4.2,572,appartamento,61,2,1,0,9,no,1914,ristrutturato,E,centralizzato,est,0,no,si,nessuno,si,131,11,228000
IMM-02724,Bologna,periferia,11.1,1571,appartamento,61,2,1,2,7,si,1989,da_ristrutturare,E,autonomo,nord,1,no,no,nessuno,no,167,2,69000
IMM-02725,Torino,centro,1.8,534,appartamento,72,3,2,4,4,si,2022,nuovo,A,centralizzato,nord,2,no,no,nessuno,si,227,5,284000
IMM-02726,Napoli,periferia,7.9,955,villetta,141,6,3,0,2,no,1933,buono,F,autonomo,sud,1,no,si,box,si,25,10,260000
IMM-02727,Roma,semicentro,2.5,2411,appartamento,98,3,2,4,5,si,1980,buono,E,autonomo,sud,3,no,no,posto_auto,no,146,6,362000
IMM-02728,Padova,periferia,7.1,1554,appartamento,46,2,1,1,3,no,1963,buono,F,centralizzato,doppia,3,no,no,box,no,131,6,87000
IMM-02729,Napoli,centro,1.7,283,appartamento,55,1,1,4,4,si,1967,da_ristrutturare,F,centralizzato,sud,1,no,no,box,no,214,10,164000
IMM-02730,Milano,periferia,9.5,941,villetta,189,7,3,0,2,no,1984,ristrutturato,D,autonomo,sud,0,no,si,box,si,13,3,706000
IMM-02731,Roma,semicentro,3.5,662,appartamento,79,2,3,0,7,no,1972,da_ristrutturare,E,centralizzato,est,2,no,si,box,si,108,12,226000
IMM-02732,Padova,centro,1.5,116,appartamento,75,3,2,1,4,si,1931,buono,F,autonomo,sud,2,no,no,nessuno,no,155,2,260000
IMM-02733,Milano,centro,0.6,225,appartamento,133,4,2,1,7,no,1930,ristrutturato,F,centralizzato,ovest,0,no,no,nessuno,si,232,8,783000
IMM-02734,Torino,periferia,12.5,1770,appartamento,124,4,2,3,3,no,2009,buono,E,autonomo,est,0,no,no,box,no,165,11,148000
IMM-02735,Roma,centro,1.2,257,appartamento,52,2,1,0,4,si,1988,ristrutturato,E,autonomo,sud,3,no,no,nessuno,no,223,3,266000
IMM-02736,Milano,semicentro,6.0,866,attico,167,5,3,7,7,si,1956,ristrutturato,D,autonomo,sud,2,si,no,nessuno,si,254,5,682000
IMM-02737,Bologna,periferia,14.1,878,appartamento,211,7,4,6,7,si,1983,da_ristrutturare,D,centralizzato,sud,3,no,no,box,no,340,11,269000
IMM-02738,Bari,semicentro,4.4,1595,appartamento,74,3,3,2,3,no,1982,buono,F,autonomo,sud,1,no,no,nessuno,si,87,3,147000
IMM-02739,Palermo,periferia,10.3,1186,appartamento,193,7,3,2,4,si,1964,da_ristrutturare,E,centralizzato,ovest,1,no,no,posto_auto,no,271,1,115000
IMM-02740,Torino,semicentro,3.4,476,appartamento,69,2,1,5,9,no,1937,da_ristrutturare,F,autonomo,sud,0,no,no,posto_auto,si,103,10,100000
IMM-02741,Firenze,semicentro,4.3,1690,appartamento,112,4,2,3,7,si,1913,buono,F,centralizzato,ovest,0,no,no,nessuno,si,247,5,318000
IMM-02742,Roma,periferia,10.1,1628,appartamento,60,2,1,1,6,si,2007,buono,C,autonomo,sud,1,no,no,box,no,160,1,151000
IMM-02743,Torino,semicentro,5.3,359,villetta,274,8,4,0,3,no,1956,ristrutturato,F,autonomo,ovest,0,no,si,posto_auto,si,15,11,608000
IMM-02744,Roma,centro,1.4,373,appartamento,109,4,2,2,4,si,1954,buono,E,centralizzato,ovest,1,no,no,nessuno,no,269,7,407000
IMM-02745,Milano,centro,0.6,251,appartamento,49,2,1,1,4,no,1900,buono,F,autonomo,doppia,0,no,no,nessuno,no,129,12,335000
IMM-02746,Torino,semicentro,2.8,129,appartamento,39,2,1,6,9,si,1916,buono,D,autonomo,est,1,no,no,nessuno,si,106,9,87000
IMM-02747,Roma,semicentro,2.2,507,appartamento,65,2,1,0,8,si,1981,da_ristrutturare,D,centralizzato,sud,2,no,si,box,no,173,8,212000
IMM-02748,Torino,centro,0.4,342,appartamento,110,3,2,3,4,si,1907,ristrutturato,F,centralizzato,sud,0,no,no,nessuno,si,262,9,329000
IMM-02749,Milano,periferia,14.1,1306,villetta,133,5,3,0,3,no,2024,nuovo,A,autonomo,est,2,si,si,box,no,16,2,614000
IMM-02750,Roma,centro,1.0,406,appartamento,50,2,1,7,7,si,1970,da_ristrutturare,E,centralizzato,ovest,2,no,no,box,no,171,2,225000
IMM-02751,Torino,centro,1.3,281,attico,156,6,3,6,6,si,1977,ristrutturato,C,centralizzato,est,2,no,no,nessuno,si,322,2,535000
IMM-02752,Padova,semicentro,4.0,268,appartamento,76,3,2,0,8,si,1911,buono,G,centralizzato,sud,0,no,no,nessuno,si,181,6,160000
IMM-02753,Roma,periferia,9.1,1805,appartamento,41,2,2,1,4,si,2020,nuovo,A,autonomo,sud,1,si,no,box,si,157,3,147000
IMM-02754,Milano,semicentro,2.8,433,attico,100,3,1,3,3,no,1991,buono,E,autonomo,est,3,si,no,box,no,96,8,466000
IMM-02755,Milano,periferia,8.5,1500,appartamento,73,3,2,3,3,no,1953,buono,F,centralizzato,doppia,1,si,no,posto_auto,si,140,3,214000
IMM-02756,Roma,centro,0.3,422,appartamento,81,4,3,5,5,no,1939,buono,G,autonomo,sud,0,no,no,nessuno,si,130,12,249000
IMM-02757,Roma,periferia,13.6,705,appartamento,39,1,1,3,4,si,2006,da_ristrutturare,B,autonomo,nord,1,no,no,box,no,133,11,104000
IMM-02758,Roma,semicentro,3.9,520,appartamento,122,4,2,6,6,no,1944,da_ristrutturare,F,autonomo,nord,0,no,no,nessuno,si,140,6,215000
IMM-02759,Napoli,periferia,6.3,1002,appartamento,145,6,3,3,7,si,1997,ristrutturato,D,centralizzato,sud,2,no,no,box,no,275,2,256000
IMM-02760,Bologna,centro,1.0,459,appartamento,78,3,1,6,6,si,1969,ristrutturato,C,centralizzato,nord,2,no,no,nessuno,no,180,10,466000
IMM-02761,Roma,centro,0.9,263,appartamento,84,3,2,0,4,si,1978,da_ristrutturare,C,centralizzato,doppia,1,no,si,nessuno,no,199,11,319000
IMM-02762,Genova,semicentro,5.9,373,appartamento,64,2,1,4,4,si,1922,buono,F,autonomo,nord,2,no,no,box,si,178,1,124000
IMM-02763,Milano,semicentro,3.6,925,appartamento,78,3,2,4,8,si,1989,buono,E,centralizzato,doppia,2,no,no,nessuno,no,220,3,347000
IMM-02764,Napoli,centro,1.8,253,villetta,159,6,4,0,3,no,1946,da_ristrutturare,G,autonomo,doppia,1,no,si,box,si,24,7,520000
IMM-02765,Palermo,semicentro,4.7,670,appartamento,105,3,2,2,6,si,1964,ristrutturato,F,autonomo,nord,1,no,no,box,si,233,4,147000
IMM-02766,Milano,periferia,12.9,634,appartamento,70,2,1,0,7,no,1967,da_ristrutturare,F,autonomo,nord,0,no,no,nessuno,si,128,9,125000
IMM-02767,Napoli,periferia,9.5,282,appartamento,60,2,1,6,10,si,2009,ristrutturato,A,autonomo,nord,2,no,no,box,si,134,8,121000
IMM-02768,Bologna,semicentro,4.1,341,appartamento,81,3,2,8,9,si,1961,ristrutturato,E,autonomo,ovest,1,no,no,nessuno,si,170,3,271000
IMM-02769,Genova,semicentro,4.5,424,appartamento,70,3,1,4,7,si,1992,buono,D,autonomo,doppia,0,no,no,box,si,139,11,144000
IMM-02770,Padova,semicentro,5.4,873,appartamento,95,3,2,1,6,si,2021,nuovo,A,autonomo,sud,1,no,no,nessuno,si,197,7,231000
IMM-02771,Palermo,semicentro,5.7,606,appartamento,72,2,2,9,9,si,2025,nuovo,A,centralizzato,nord,0,no,no,box,no,143,3,146000
IMM-02772,Milano,centro,1.9,309,appartamento,72,4,2,0,5,no,1943,buono,E,centralizzato,nord,0,no,no,box,no,138,6,498000
IMM-02773,Napoli,centro,1.9,126,appartamento,85,3,2,2,3,no,1925,da_ristrutturare,G,autonomo,doppia,0,no,no,nessuno,no,166,12,210000
IMM-02774,Palermo,semicentro,3.0,751,appartamento,89,3,2,6,7,si,1992,ristrutturato,B,autonomo,doppia,0,no,no,box,si,142,4,142000
IMM-02775,Milano,periferia,7.4,956,appartamento,126,4,2,2,6,si,1987,ristrutturato,C,centralizzato,nord,0,no,no,nessuno,si,249,9,309000
IMM-02776,Milano,semicentro,5.9,1302,appartamento,100,3,2,2,4,si,1950,buono,F,autonomo,est,2,no,no,nessuno,no,156,10,337000
IMM-02777,Roma,semicentro,4.3,1024,appartamento,88,3,2,6,8,si,1974,buono,G,centralizzato,nord,0,no,no,nessuno,si,208,4,179000
IMM-02778,Firenze,semicentro,4.3,951,villetta,226,8,4,0,3,no,1982,buono,D,autonomo,doppia,0,no,si,box,si,20,10,992000
IMM-02779,Torino,periferia,11.3,727,villetta,183,6,3,0,2,no,1954,buono,E,autonomo,doppia,2,no,si,nessuno,si,14,1,197000
IMM-02780,Milano,periferia,13.0,1950,villetta,150,4,3,0,2,no,1988,buono,E,autonomo,sud,0,no,no,box,no,20,5,427000
IMM-02781,Roma,centro,0.2,383,appartamento,61,2,2,1,7,si,1982,ristrutturato,E,centralizzato,doppia,2,no,no,box,si,173,10,327000
IMM-02782,Torino,centro,0.9,196,appartamento,48,3,1,2,4,no,1960,buono,E,autonomo,doppia,2,no,no,nessuno,si,75,9,137000
IMM-02783,Padova,periferia,11.4,1595,appartamento,86,3,2,4,8,si,2011,buono,C,autonomo,ovest,0,no,no,nessuno,no,185,11,113000
IMM-02784,Bologna,periferia,8.3,719,appartamento,69,3,1,9,11,si,2018,nuovo,B,autonomo,ovest,1,no,no,box,no,179,9,263000
IMM-02785,Firenze,centro,1.7,487,appartamento,89,3,2,2,7,no,1968,buono,F,centralizzato,sud,1,no,no,box,no,127,3,414000
IMM-02786,Napoli,semicentro,2.9,2394,appartamento,77,2,2,4,4,si,1980,ristrutturato,E,centralizzato,est,2,no,no,nessuno,no,196,9,181000
IMM-02787,Torino,periferia,14.7,2125,appartamento,84,3,2,2,2,si,1955,da_ristrutturare,D,autonomo,ovest,1,no,no,box,si,188,5,80000
IMM-02788,Milano,semicentro,2.6,599,attico,160,7,3,4,4,si,1982,ristrutturato,C,centralizzato,doppia,2,si,si,box,si,281,11,968000
IMM-02789,Bologna,semicentro,5.1,1131,appartamento,60,2,1,5,6,si,1909,buono,F,autonomo,ovest,1,no,no,nessuno,si,153,7,172000
IMM-02790,Torino,periferia,11.9,1605,appartamento,90,2,2,2,3,si,1952,buono,G,autonomo,sud,1,no,no,posto_auto,si,156,4,101000
IMM-02791,Genova,centro,1.9,303,appartamento,112,3,2,4,6,si,1986,buono,D,centralizzato,ovest,0,si,no,box,si,253,8,281000
IMM-02792,Milano,centro,1.1,498,appartamento,140,5,2,1,4,si,1954,ristrutturato,E,centralizzato,sud,1,no,no,posto_auto,no,272,11,826000
IMM-02793,Napoli,semicentro,3.9,565,villetta,161,6,3,0,2,no,1986,ristrutturato,C,autonomo,doppia,2,si,si,posto_auto,no,3,5,513000
IMM-02794,Roma,centro,0.6,274,attico,133,5,2,6,6,si,1957,da_ristrutturare,F,centralizzato,nord,1,si,no,nessuno,si,283,6,463000
IMM-02795,Torino,centro,1.6,312,appartamento,53,2,1,4,4,si,1999,buono,D,autonomo,est,2,no,no,nessuno,no,180,7,140000
IMM-02796,Roma,periferia,7.2,2697,appartamento,59,3,1,4,11,si,1980,ristrutturato,C,autonomo,ovest,1,no,no,nessuno,no,107,10,135000
IMM-02797,Torino,semicentro,2.7,426,appartamento,65,2,1,0,9,si,1981,buono,F,centralizzato,nord,1,si,si,box,no,200,10,123000
IMM-02798,Roma,semicentro,3.6,801,appartamento,42,2,1,4,6,si,1975,ristrutturato,C,autonomo,sud,1,si,no,nessuno,si,130,1,180000
IMM-02799,Torino,semicentro,4.8,921,villetta,148,5,3,0,2,no,1910,buono,G,autonomo,nord,0,si,si,box,si,15,12,286000
IMM-02800,Milano,semicentro,3.3,248,appartamento,82,3,2,3,3,no,1949,ristrutturato,D,autonomo,est,1,no,no,box,si,134,6,443000
IMM-02801,Milano,periferia,13.4,1244,villetta,185,7,3,0,2,no,1997,buono,D,autonomo,sud,1,no,si,box,si,10,1,503000
IMM-02802,Firenze,periferia,13.5,2285,appartamento,91,3,2,6,7,si,1999,buono,E,centralizzato,est,3,no,no,box,si,159,7,230000
IMM-02803,Genova,periferia,7.3,2021,appartamento,98,3,2,2,5,si,2017,nuovo,A,centralizzato,sud,2,no,no,nessuno,si,194,3,121000
IMM-02804,Roma,periferia,9.0,2640,villetta,115,5,2,0,2,no,2005,buono,B,autonomo,ovest,2,si,si,box,no,52,5,345000
IMM-02805,Firenze,periferia,7.8,3405,appartamento,140,5,2,3,8,si,1938,ristrutturato,D,centralizzato,ovest,0,si,no,box,no,227,1,343000
IMM-02806,Roma,centro,1.7,533,appartamento,56,2,1,0,7,si,1959,buono,E,centralizzato,doppia,1,no,si,nessuno,si,193,1,241000
IMM-02807,Bologna,centro,0.7,73,appartamento,85,3,2,0,5,no,1960,ristrutturato,D,autonomo,ovest,1,no,no,nessuno,si,76,11,416000
IMM-02808,Padova,centro,1.8,175,appartamento,84,3,2,7,7,si,1953,ristrutturato,F,centralizzato,ovest,2,no,no,nessuno,si,243,2,307000
IMM-02809,Bari,periferia,12.8,5000,appartamento,125,4,3,4,7,si,2003,buono,C,autonomo,sud,1,si,no,posto_auto,no,245,11,125000
IMM-02810,Roma,semicentro,2.6,426,appartamento,68,2,1,2,3,si,1925,buono,F,centralizzato,sud,2,no,no,nessuno,no,170,5,229000
IMM-02811,Milano,semicentro,2.1,369,villetta,137,4,2,0,2,no,1968,ristrutturato,B,autonomo,doppia,1,no,si,nessuno,no,23,7,822000
IMM-02812,Palermo,semicentro,4.9,707,appartamento,66,2,1,0,9,si,2000,buono,B,autonomo,doppia,0,no,no,nessuno,si,108,2,104000
IMM-02813,Roma,periferia,10.1,845,appartamento,151,5,2,8,9,si,1987,buono,F,centralizzato,doppia,1,no,no,nessuno,si,256,10,262000
IMM-02814,Napoli,centro,1.0,420,appartamento,125,5,2,0,4,no,1962,da_ristrutturare,G,centralizzato,nord,1,no,no,nessuno,si,218,3,237000
IMM-02815,Torino,centro,0.8,408,appartamento,84,3,2,0,3,si,1929,ristrutturato,C,autonomo,sud,0,si,no,nessuno,si,184,8,297000
IMM-02816,Torino,centro,1.6,399,appartamento,204,7,3,0,3,no,1991,ristrutturato,C,autonomo,doppia,2,no,no,nessuno,si,256,2,494000
IMM-02817,Milano,periferia,9.6,328,appartamento,63,3,1,0,3,no,2003,buono,D,centralizzato,est,1,no,no,posto_auto,si,142,10,196000
IMM-02818,Palermo,semicentro,3.7,386,appartamento,72,2,2,6,8,si,1968,buono,E,autonomo,sud,1,no,no,box,si,126,4,105000
IMM-02819,Roma,centro,0.6,236,appartamento,61,1,1,1,5,no,1932,da_ristrutturare,F,centralizzato,doppia,0,no,no,nessuno,si,165,4,209000
IMM-02820,Bologna,periferia,9.5,1686,appartamento,126,4,2,2,5,no,2014,ristrutturato,A,autonomo,sud,1,no,no,box,si,188,2,290000
IMM-02821,Padova,centro,1.5,340,appartamento,83,3,2,4,4,si,1950,buono,F,autonomo,doppia,1,no,no,nessuno,si,185,11,228000
IMM-02822,Roma,periferia,13.5,420,appartamento,71,3,2,4,4,si,1988,buono,F,centralizzato,nord,2,no,no,posto_auto,no,176,5,125000
IMM-02823,Firenze,periferia,12.7,1169,appartamento,53,2,1,2,2,si,1965,buono,G,centralizzato,nord,1,no,no,box,si,170,1,111000
IMM-02824,Roma,periferia,7.6,461,appartamento,36,1,1,2,2,no,2018,nuovo,A,centralizzato,sud,0,no,no,nessuno,no,131,4,105000
IMM-02825,Milano,centro,1.9,211,attico,114,4,1,7,7,si,1900,buono,G,centralizzato,est,0,si,no,nessuno,no,214,1,784000
IMM-02826,Napoli,periferia,11.8,805,appartamento,129,6,2,2,4,no,1953,buono,G,autonomo,ovest,2,no,no,posto_auto,si,191,9,151000
IMM-02827,Milano,periferia,13.2,858,attico,211,8,3,7,7,no,1941,buono,F,centralizzato,nord,0,si,no,nessuno,si,329,1,411000
IMM-02828,Milano,centro,0.4,379,appartamento,77,3,2,1,5,si,1900,buono,F,autonomo,doppia,3,no,no,nessuno,si,205,3,542000
IMM-02829,Roma,semicentro,2.2,744,villetta,159,5,2,0,2,no,1952,ristrutturato,C,autonomo,ovest,1,no,si,box,si,21,8,603000
IMM-02830,Bologna,semicentro,6.0,143,appartamento,81,3,3,0,8,si,1997,buono,C,autonomo,nord,2,no,si,nessuno,si,151,8,205000
IMM-02831,Milano,centro,0.2,635,appartamento,46,1,1,1,3,no,2007,buono,D,centralizzato,sud,2,no,no,nessuno,no,147,6,364000
IMM-02832,Milano,semicentro,2.7,2468,appartamento,63,2,1,1,7,si,1954,buono,G,centralizzato,ovest,2,no,no,box,si,169,3,289000
IMM-02833,Bologna,centro,1.4,233,appartamento,122,5,2,2,7,si,1900,buono,F,autonomo,nord,0,no,no,posto_auto,si,214,4,423000
IMM-02834,Milano,semicentro,2.2,375,appartamento,61,3,1,3,4,si,1966,buono,F,centralizzato,ovest,1,no,no,posto_auto,no,169,10,275000
IMM-02835,Genova,semicentro,4.2,361,appartamento,114,4,2,0,7,si,1991,buono,E,autonomo,doppia,0,no,si,nessuno,si,195,5,173000
IMM-02836,Napoli,periferia,14.7,1208,villetta,171,6,3,0,2,no,1982,da_ristrutturare,D,autonomo,doppia,0,no,si,posto_auto,no,11,1,244000
IMM-02837,Torino,semicentro,5.2,1070,appartamento,63,2,1,2,8,si,1965,da_ristrutturare,F,centralizzato,ovest,2,no,no,nessuno,si,134,12,73000
IMM-02838,Roma,semicentro,4.6,495,appartamento,96,3,2,5,8,no,1960,ristrutturato,D,centralizzato,nord,1,no,no,nessuno,si,200,5,241000
IMM-02839,Torino,periferia,14.2,749,appartamento,65,3,1,1,4,si,1987,buono,E,autonomo,nord,2,no,no,box,no,140,9,87000
IMM-02840,Bologna,centro,1.2,84,appartamento,66,2,1,0,7,si,1982,da_ristrutturare,E,autonomo,doppia,1,no,no,nessuno,no,141,12,218000
IMM-02841,Firenze,periferia,7.0,617,villetta,164,6,3,0,2,no,2013,buono,B,autonomo,ovest,0,si,si,nessuno,si,20,5,486000
IMM-02842,Milano,semicentro,2.1,1844,appartamento,42,2,2,0,5,si,1954,da_ristrutturare,G,centralizzato,nord,2,no,no,nessuno,si,174,12,112000
IMM-02843,Milano,periferia,12.4,1427,villetta,116,4,3,0,3,no,1909,buono,D,autonomo,nord,2,si,si,box,si,16,7,392000
IMM-02844,Torino,centro,0.8,352,appartamento,54,2,1,3,6,no,1927,ristrutturato,E,autonomo,doppia,1,no,no,nessuno,no,116,8,158000
IMM-02845,Bari,semicentro,5.2,859,appartamento,125,4,2,8,8,si,2014,buono,C,autonomo,est,0,no,no,box,no,228,2,244000
IMM-02846,Torino,semicentro,2.3,571,appartamento,108,4,2,5,7,si,1992,buono,E,autonomo,sud,2,no,no,nessuno,no,226,9,233000
IMM-02847,Bologna,periferia,9.1,3510,appartamento,100,4,2,3,8,si,2010,buono,D,centralizzato,ovest,1,no,no,box,no,239,10,205000
IMM-02848,Padova,periferia,9.1,501,appartamento,72,3,1,3,5,si,2001,buono,C,autonomo,ovest,2,no,no,box,si,141,8,136000
IMM-02849,Napoli,periferia,12.3,1869,attico,171,6,3,9,9,si,2023,nuovo,A,centralizzato,ovest,2,si,no,box,si,312,6,468000
IMM-02850,Bologna,periferia,10.1,1691,villetta,130,5,2,0,2,no,1989,ristrutturato,D,autonomo,ovest,1,si,si,box,no,11,4,313000
IMM-02851,Milano,periferia,7.5,1138,appartamento,85,3,2,3,9,si,1989,da_ristrutturare,D,centralizzato,doppia,1,no,no,nessuno,si,211,3,203000
IMM-02852,Bologna,centro,1.2,642,appartamento,79,3,2,5,6,si,1950,buono,E,autonomo,ovest,0,si,si,nessuno,si,239,7,330000
IMM-02853,Napoli,semicentro,3.3,898,appartamento,61,3,1,6,6,no,1918,ristrutturato,D,centralizzato,nord,2,no,no,nessuno,si,118,9,134000
IMM-02854,Firenze,semicentro,2.6,432,appartamento,150,6,4,7,7,no,1957,buono,G,autonomo,est,0,no,no,posto_auto,si,256,4,311000
IMM-02855,Torino,semicentro,5.4,1589,appartamento,99,2,1,2,3,no,1917,buono,F,autonomo,sud,1,no,no,posto_auto,si,136,6,156000
IMM-02856,Roma,semicentro,3.7,595,villetta,131,5,2,0,2,no,1948,ristrutturato,E,autonomo,nord,0,si,si,box,no,0,1,482000
IMM-02857,Bologna,centro,1.8,281,appartamento,138,5,2,0,5,si,1911,da_ristrutturare,F,centralizzato,nord,0,no,si,nessuno,si,266,8,435000
IMM-02858,Milano,centro,1.8,175,appartamento,81,3,1,1,4,no,1903,buono,F,centralizzato,nord,0,no,no,nessuno,si,180,3,570000
IMM-02859,Bologna,semicentro,3.9,1248,appartamento,189,7,3,0,4,no,1969,ristrutturato,F,autonomo,est,0,no,no,nessuno,si,306,2,539000
IMM-02860,Roma,periferia,11.1,2090,appartamento,55,3,1,8,11,si,1977,buono,D,centralizzato,sud,0,no,si,box,no,166,8,140000
IMM-02861,Torino,semicentro,4.6,850,appartamento,92,4,2,4,9,si,2023,nuovo,A,autonomo,ovest,1,no,no,nessuno,no,157,3,219000
IMM-02862,Roma,periferia,9.8,2944,appartamento,87,2,2,3,10,si,2017,nuovo,A,autonomo,est,1,no,no,posto_auto,si,150,7,207000
IMM-02863,Bari,semicentro,2.7,645,villetta,163,5,3,0,2,no,1959,buono,G,autonomo,doppia,1,si,si,posto_auto,no,6,9,305000
IMM-02864,Padova,semicentro,4.2,1936,appartamento,85,3,2,0,4,si,1985,da_ristrutturare,D,autonomo,doppia,2,no,si,nessuno,si,164,5,137000
IMM-02865,Firenze,semicentro,4.6,956,appartamento,101,3,2,0,3,no,1907,buono,G,autonomo,nord,0,no,no,nessuno,no,192,9,283000
IMM-02866,Bologna,periferia,6.6,2517,appartamento,72,3,2,1,6,si,1976,da_ristrutturare,D,centralizzato,est,1,no,no,posto_auto,no,144,11,113000
IMM-02867,Milano,periferia,12.4,402,appartamento,87,4,2,0,4,si,1928,ristrutturato,E,centralizzato,nord,0,no,no,box,si,238,4,273000
IMM-02868,Roma,periferia,9.0,657,villetta,154,5,4,0,2,no,2001,buono,C,autonomo,sud,1,no,si,box,si,11,7,424000
IMM-02869,Milano,semicentro,2.3,648,appartamento,47,2,1,0,7,si,1994,da_ristrutturare,D,centralizzato,sud,2,no,si,box,si,144,2,214000
IMM-02870,Genova,semicentro,5.1,218,appartamento,114,3,2,0,9,si,1947,buono,E,centralizzato,est,1,no,no,box,si,222,7,151000
IMM-02871,Roma,centro,0.3,175,appartamento,77,3,2,6,7,no,1975,buono,E,centralizzato,sud,2,no,no,nessuno,si,170,4,294000
IMM-02872,Padova,periferia,8.7,1033,villetta,117,5,2,0,3,no,1952,buono,E,autonomo,doppia,1,no,no,posto_auto,no,13,6,143000
IMM-02873,Napoli,semicentro,4.7,962,appartamento,75,2,2,8,9,si,1999,ristrutturato,C,autonomo,est,2,no,no,nessuno,no,149,3,221000
IMM-02874,Roma,semicentro,4.9,920,attico,108,4,2,6,6,no,1972,ristrutturato,E,autonomo,doppia,2,si,no,nessuno,si,178,8,314000
IMM-02875,Genova,semicentro,4.4,583,appartamento,85,3,1,3,7,si,1995,buono,D,centralizzato,sud,2,no,no,posto_auto,no,151,6,148000
IMM-02876,Padova,semicentro,3.4,899,appartamento,63,2,1,5,5,no,1955,buono,F,centralizzato,doppia,1,si,no,nessuno,si,130,11,107000
IMM-02877,Padova,periferia,11.9,1848,villetta,90,4,2,0,3,no,1963,buono,G,autonomo,nord,0,no,si,posto_auto,si,7,2,128000
IMM-02878,Milano,semicentro,3.0,814,appartamento,66,3,1,8,9,si,1969,buono,G,autonomo,sud,1,no,no,nessuno,si,171,3,305000
IMM-02879,Roma,periferia,10.4,640,appartamento,70,2,2,6,8,si,1993,buono,F,autonomo,sud,2,no,no,nessuno,no,146,5,167000
IMM-02880,Torino,semicentro,4.8,276,villetta,123,5,2,0,2,no,2012,buono,C,autonomo,doppia,1,no,si,box,si,20,1,278000
IMM-02881,Roma,semicentro,2.4,281,appartamento,73,3,2,0,8,si,2021,nuovo,A,autonomo,sud,1,no,no,posto_auto,no,182,5,453000
IMM-02882,Genova,semicentro,3.6,597,appartamento,110,4,2,7,7,si,1968,da_ristrutturare,F,autonomo,doppia,0,no,no,posto_auto,si,196,4,147000
IMM-02883,Bologna,semicentro,4.4,555,appartamento,208,7,3,2,7,si,1950,buono,F,centralizzato,est,1,no,no,nessuno,si,329,4,496000
IMM-02884,Roma,periferia,10.0,1882,villetta,179,6,3,0,2,no,2021,nuovo,A,autonomo,ovest,0,no,no,box,si,35,6,498000
IMM-02885,Roma,semicentro,3.3,1168,appartamento,69,3,1,2,8,si,1997,ristrutturato,C,centralizzato,ovest,2,no,no,nessuno,si,205,7,292000
IMM-02886,Milano,periferia,9.2,2585,appartamento,72,3,2,0,2,no,2006,ristrutturato,A,autonomo,sud,1,no,si,nessuno,si,103,6,271000
IMM-02887,Genova,semicentro,4.4,786,appartamento,124,5,2,3,3,no,1963,da_ristrutturare,G,autonomo,est,2,no,no,nessuno,no,180,5,132000
IMM-02888,Roma,centro,2.0,206,appartamento,72,2,2,5,6,si,2006,da_ristrutturare,B,autonomo,doppia,1,no,no,nessuno,si,152,7,287000
IMM-02889,Bari,centro,1.8,204,appartamento,72,3,3,3,3,no,1975,da_ristrutturare,G,autonomo,doppia,1,no,no,nessuno,si,105,3,132000
IMM-02890,Roma,semicentro,5.8,317,villetta,153,6,3,0,2,no,1979,ristrutturato,D,autonomo,doppia,1,si,si,box,no,28,10,661000
IMM-02891,Padova,semicentro,3.7,675,appartamento,81,2,2,3,3,si,1987,buono,E,autonomo,est,1,no,no,nessuno,no,152,3,162000
IMM-02892,Bologna,periferia,10.5,1461,appartamento,153,5,3,1,3,no,1997,buono,F,autonomo,est,1,no,no,posto_auto,no,208,3,226000
IMM-02893,Bari,periferia,10.6,667,appartamento,72,2,2,5,6,no,1962,buono,E,autonomo,doppia,2,no,no,nessuno,no,148,7,67000
IMM-02894,Genova,centro,1.1,259,appartamento,66,2,1,2,7,si,2020,nuovo,A,autonomo,est,1,no,no,box,no,179,4,284000
IMM-02895,Napoli,periferia,8.3,2125,appartamento,134,6,2,1,5,si,1996,buono,D,centralizzato,est,1,no,no,box,si,249,4,198000
IMM-02896,Bologna,centro,0.7,368,appartamento,121,4,2,0,5,si,1927,buono,F,centralizzato,ovest,1,no,no,nessuno,no,251,8,423000
IMM-02897,Roma,semicentro,3.6,753,appartamento,130,5,2,0,6,si,1974,buono,D,centralizzato,doppia,2,no,no,box,si,271,1,415000
IMM-02898,Milano,centro,1.6,215,appartamento,89,3,2,5,5,si,1941,buono,F,centralizzato,sud,0,no,no,nessuno,si,210,5,581000
IMM-02899,Milano,centro,1.9,649,appartamento,103,4,2,6,6,no,1956,da_ristrutturare,F,autonomo,doppia,1,no,no,nessuno,no,134,11,367000
IMM-02900,Roma,semicentro,5.4,191,appartamento,48,2,1,5,7,si,1961,buono,F,centralizzato,doppia,1,no,no,posto_auto,no,134,1,164000
IMM-02901,Milano,semicentro,2.4,671,appartamento,87,2,2,3,9,si,2012,buono,D,centralizzato,sud,0,si,no,nessuno,si,236,6,464000
IMM-02902,Milano,periferia,12.9,333,appartamento,62,1,2,6,11,si,1979,da_ristrutturare,F,centralizzato,nord,1,no,no,box,si,190,4,168000
IMM-02903,Bologna,semicentro,3.4,770,appartamento,58,1,1,6,9,si,1994,buono,E,autonomo,ovest,2,no,no,nessuno,no,127,6,213000
IMM-02904,Milano,periferia,12.3,3208,appartamento,83,3,2,2,3,no,1954,da_ristrutturare,G,autonomo,sud,2,no,no,nessuno,si,132,8,153000
IMM-02905,Bologna,semicentro,5.5,1663,appartamento,67,2,1,7,9,si,1947,da_ristrutturare,E,centralizzato,doppia,0,no,no,posto_auto,no,166,2,155000
IMM-02906,Roma,centro,0.9,688,appartamento,76,2,2,1,3,no,1927,buono,G,autonomo,sud,0,no,no,nessuno,no,126,2,309000
IMM-02907,Napoli,periferia,8.0,986,attico,146,4,3,9,9,si,1992,buono,D,autonomo,doppia,0,si,no,box,no,301,3,358000
IMM-02908,Genova,centro,2.0,362,appartamento,93,4,2,5,6,no,1990,ristrutturato,D,autonomo,ovest,1,no,si,nessuno,si,178,8,229000
IMM-02909,Roma,periferia,13.7,2211,appartamento,133,4,2,3,4,si,2000,ristrutturato,A,autonomo,doppia,0,no,no,posto_auto,no,214,4,284000
IMM-02910,Firenze,periferia,11.6,800,villetta,165,7,3,0,3,no,2008,ristrutturato,A,autonomo,est,1,no,si,box,si,2,12,515000
IMM-02911,Torino,semicentro,4.8,658,appartamento,139,5,2,0,9,si,1979,buono,G,centralizzato,nord,1,no,no,posto_auto,si,271,5,209000
IMM-02912,Firenze,semicentro,2.1,589,appartamento,46,3,1,5,5,no,1966,da_ristrutturare,G,centralizzato,sud,2,no,no,nessuno,si,129,3,101000
IMM-02913,Torino,periferia,13.7,999,appartamento,59,3,1,1,3,no,2004,ristrutturato,A,centralizzato,nord,1,no,no,nessuno,no,113,8,73000
IMM-02914,Milano,periferia,7.0,1062,appartamento,106,3,2,2,7,si,1987,ristrutturato,C,centralizzato,doppia,0,no,no,posto_auto,no,206,3,369000
IMM-02915,Milano,semicentro,2.5,1038,appartamento,35,1,1,1,6,si,1962,buono,F,centralizzato,sud,3,no,no,nessuno,si,150,4,195000
IMM-02916,Milano,semicentro,3.8,1867,appartamento,93,3,2,6,6,si,1986,ristrutturato,D,centralizzato,doppia,1,no,no,posto_auto,si,215,7,478000
IMM-02917,Milano,centro,0.8,206,appartamento,40,1,1,0,3,no,2012,buono,B,autonomo,doppia,1,no,no,nessuno,si,107,4,353000
IMM-02918,Palermo,periferia,7.3,1988,villetta,113,5,2,0,2,no,1949,buono,F,autonomo,doppia,1,no,si,box,no,3,11,120000
IMM-02919,Milano,centro,1.1,203,attico,115,4,2,4,4,si,2007,buono,C,autonomo,nord,1,si,no,nessuno,no,240,10,964000
IMM-02920,Firenze,semicentro,4.1,408,appartamento,98,4,3,2,3,no,1951,da_ristrutturare,F,autonomo,ovest,0,no,no,nessuno,si,153,11,193000
IMM-02921,Napoli,periferia,12.8,875,appartamento,59,2,1,4,8,si,1978,buono,F,centralizzato,doppia,1,no,no,box,si,158,3,110000
IMM-02922,Padova,centro,0.6,265,attico,127,5,2,7,7,si,2012,buono,D,autonomo,est,0,si,no,nessuno,no,211,5,700000
IMM-02923,Roma,centro,1.5,694,appartamento,74,3,2,6,7,si,1938,da_ristrutturare,F,autonomo,ovest,0,no,no,posto_auto,si,195,10,290000
IMM-02924,Torino,periferia,12.1,3968,appartamento,122,4,2,9,10,si,1989,ristrutturato,D,centralizzato,ovest,1,no,no,box,no,223,8,153000
IMM-02925,Torino,periferia,10.6,799,appartamento,118,4,2,1,2,no,2005,buono,B,autonomo,doppia,2,no,no,box,si,195,12,180000
IMM-02926,Firenze,periferia,14.7,261,appartamento,89,4,2,1,2,no,1976,buono,E,autonomo,doppia,1,no,no,posto_auto,no,131,2,248000
IMM-02927,Palermo,periferia,12.6,820,appartamento,79,2,1,1,7,si,1992,da_ristrutturare,E,centralizzato,sud,1,no,no,nessuno,si,181,1,50000
IMM-02928,Firenze,periferia,6.3,3473,appartamento,49,1,1,0,4,si,1975,ristrutturato,D,centralizzato,est,2,no,no,nessuno,si,188,10,122000
IMM-02929,Roma,centro,0.6,192,attico,114,4,2,4,4,si,1914,ristrutturato,D,centralizzato,doppia,0,si,no,nessuno,no,270,10,696000
IMM-02930,Padova,periferia,12.8,1234,appartamento,100,3,1,0,11,no,1947,buono,G,centralizzato,doppia,2,no,si,nessuno,no,233,6,107000
IMM-02931,Padova,semicentro,3.2,301,appartamento,82,3,2,3,6,si,1956,ristrutturato,F,autonomo,est,2,no,no,posto_auto,si,165,12,176000
IMM-02932,Milano,semicentro,2.8,450,appartamento,81,3,2,0,9,si,1948,ristrutturato,D,centralizzato,est,2,si,no,nessuno,no,158,11,354000
IMM-02933,Milano,centro,1.2,240,appartamento,77,4,2,4,4,si,2014,buono,C,autonomo,ovest,0,no,no,nessuno,si,236,1,531000
IMM-02934,Napoli,semicentro,3.3,392,attico,89,2,1,8,8,si,1976,buono,E,autonomo,nord,2,si,no,nessuno,si,175,9,228000
IMM-02935,Roma,centro,1.0,210,appartamento,52,1,2,1,4,no,1948,buono,F,autonomo,nord,0,si,no,nessuno,si,108,5,226000
IMM-02936,Roma,semicentro,4.6,1481,appartamento,148,5,3,3,6,no,1926,buono,G,centralizzato,nord,1,no,no,box,si,219,10,330000
IMM-02937,Torino,semicentro,3.0,1116,appartamento,50,2,2,0,7,no,1955,ristrutturato,D,centralizzato,sud,0,no,si,nessuno,no,144,6,96000
IMM-02938,Torino,semicentro,2.2,481,attico,181,7,3,8,8,no,1969,ristrutturato,E,autonomo,doppia,1,si,no,nessuno,no,215,4,334000
IMM-02939,Milano,centro,2.0,369,appartamento,74,3,3,4,6,si,1903,da_ristrutturare,G,centralizzato,sud,0,no,no,nessuno,no,192,7,322000
IMM-02940,Roma,periferia,10.4,317,appartamento,77,3,1,2,8,no,1970,buono,F,centralizzato,sud,2,no,no,box,no,156,8,174000
IMM-02941,Torino,semicentro,3.1,1487,appartamento,90,3,2,3,7,si,1968,buono,G,autonomo,sud,3,no,no,box,si,174,1,183000
IMM-02942,Firenze,periferia,8.0,1232,appartamento,56,1,1,11,11,si,1974,ristrutturato,E,autonomo,sud,0,no,no,box,si,136,8,177000
IMM-02943,Napoli,centro,0.8,188,appartamento,76,2,2,2,4,si,1908,buono,F,autonomo,sud,1,no,no,nessuno,si,153,4,448000
IMM-02944,Torino,semicentro,2.9,346,appartamento,178,6,3,7,9,si,1975,da_ristrutturare,F,autonomo,ovest,2,no,no,nessuno,si,275,4,258000
IMM-02945,Firenze,periferia,14.7,1629,appartamento,52,2,1,3,4,no,1948,da_ristrutturare,E,centralizzato,ovest,3,no,no,box,no,135,5,112000
IMM-02946,Napoli,periferia,7.5,594,appartamento,198,7,3,8,11,si,1984,ristrutturato,C,centralizzato,doppia,1,no,no,box,no,295,10,358000
IMM-02947,Milano,semicentro,2.5,318,appartamento,72,2,2,3,5,no,1960,ristrutturato,F,autonomo,doppia,2,no,no,nessuno,si,132,7,334000
IMM-02948,Milano,semicentro,3.6,1184,appartamento,55,2,1,3,8,si,2009,buono,C,autonomo,sud,3,no,no,nessuno,no,140,6,267000
IMM-02949,Milano,semicentro,2.4,582,appartamento,63,2,1,3,7,si,1990,buono,D,autonomo,doppia,1,no,no,nessuno,no,142,5,258000
IMM-02950,Roma,semicentro,4.9,241,appartamento,123,6,2,5,7,si,2025,nuovo,A,autonomo,ovest,1,no,no,box,no,200,1,535000
IMM-02951,Bologna,centro,1.6,82,appartamento,79,2,2,0,4,si,1949,ristrutturato,E,centralizzato,est,1,si,si,box,no,200,8,383000
IMM-02952,Torino,centro,1.1,186,attico,191,7,4,7,7,no,1957,buono,F,centralizzato,sud,1,si,no,nessuno,si,305,6,421000
IMM-02953,Torino,centro,1.3,389,appartamento,119,4,2,0,3,no,1942,buono,G,autonomo,sud,1,no,no,nessuno,no,233,1,273000
IMM-02954,Bologna,semicentro,4.7,267,appartamento,102,4,2,2,3,no,2008,ristrutturato,B,autonomo,est,1,no,no,nessuno,no,187,8,352000
IMM-02955,Napoli,periferia,10.9,2355,appartamento,66,2,1,10,11,si,1985,ristrutturato,E,autonomo,ovest,1,no,no,box,no,149,7,157000
IMM-02956,Roma,centro,0.5,378,appartamento,74,1,2,1,6,no,1948,buono,F,centralizzato,nord,2,no,no,box,no,137,9,304000
IMM-02957,Napoli,semicentro,5.7,737,appartamento,129,4,2,1,9,no,1969,buono,F,centralizzato,nord,1,si,no,nessuno,si,208,1,276000
IMM-02958,Roma,periferia,12.2,1029,appartamento,65,2,1,2,8,si,1966,buono,G,centralizzato,ovest,3,no,no,box,si,173,7,141000
IMM-02959,Torino,periferia,10.2,1202,appartamento,83,2,2,4,9,si,2021,nuovo,A,autonomo,sud,1,no,no,posto_auto,no,209,2,185000
IMM-02960,Roma,semicentro,3.2,926,villetta,107,3,2,0,2,no,1985,da_ristrutturare,E,autonomo,nord,2,no,si,box,no,0,9,265000
IMM-02961,Bologna,centro,0.6,361,appartamento,67,3,2,2,6,no,1904,buono,G,centralizzato,nord,1,no,no,nessuno,no,134,2,268000
IMM-02962,Roma,centro,1.2,246,appartamento,72,1,2,0,5,si,1960,buono,F,autonomo,doppia,1,no,no,nessuno,no,234,9,310000
IMM-02963,Bologna,periferia,14.7,1771,appartamento,96,3,2,4,10,si,2017,nuovo,B,autonomo,ovest,2,no,no,box,no,135,2,274000
IMM-02964,Bologna,centro,0.6,241,appartamento,46,1,1,1,4,si,1910,ristrutturato,E,centralizzato,doppia,0,no,no,box,si,121,1,301000
IMM-02965,Roma,semicentro,5.4,1407,appartamento,49,2,1,5,9,si,1984,buono,D,centralizzato,sud,2,no,no,nessuno,si,166,6,164000
IMM-02966,Firenze,semicentro,3.2,800,appartamento,57,3,1,3,8,si,1998,ristrutturato,C,autonomo,sud,1,no,no,posto_auto,no,157,11,262000
IMM-02967,Roma,centro,0.5,163,appartamento,69,3,1,3,3,no,1910,buono,F,autonomo,doppia,1,no,no,nessuno,no,116,5,301000
IMM-02968,Genova,semicentro,5.5,925,appartamento,88,4,2,2,7,si,1929,ristrutturato,E,centralizzato,ovest,0,no,no,box,no,217,11,152000
IMM-02969,Milano,semicentro,5.9,528,attico,121,4,2,9,9,no,1965,buono,G,centralizzato,doppia,2,no,no,posto_auto,no,222,4,419000
IMM-02970,Roma,periferia,14.0,1323,appartamento,101,3,2,5,10,si,2024,nuovo,A,centralizzato,ovest,2,no,no,box,si,274,7,256000
IMM-02971,Napoli,periferia,14.0,2488,villetta,164,7,3,0,3,no,2014,da_ristrutturare,D,autonomo,est,2,no,si,posto_auto,si,19,12,177000
IMM-02972,Napoli,semicentro,4.7,498,appartamento,121,5,2,2,7,si,2017,nuovo,A,autonomo,sud,2,no,no,nessuno,no,186,8,304000
IMM-02973,Napoli,semicentro,5.9,908,appartamento,32,1,1,0,3,no,1996,buono,E,autonomo,ovest,2,no,si,box,no,74,2,120000
IMM-02974,Palermo,semicentro,5.1,152,attico,116,4,2,5,5,si,1980,da_ristrutturare,G,centralizzato,doppia,2,si,no,nessuno,si,233,11,155000
IMM-02975,Milano,periferia,10.3,1088,appartamento,98,5,2,6,11,si,2008,buono,B,centralizzato,est,2,no,no,nessuno,si,229,11,325000
IMM-02976,Milano,periferia,9.2,357,attico,112,4,2,10,10,no,1909,buono,D,centralizzato,sud,1,no,no,nessuno,no,209,10,292000
IMM-02977,Firenze,semicentro,2.7,658,villetta,148,5,3,0,2,no,1959,buono,E,autonomo,sud,0,no,si,posto_auto,si,23,4,470000
IMM-02978,Torino,semicentro,5.2,1754,appartamento,59,3,1,3,9,no,2005,ristrutturato,B,autonomo,doppia,1,no,no,box,si,129,1,150000
IMM-02979,Milano,semicentro,5.9,889,appartamento,90,3,2,0,3,si,1972,buono,E,centralizzato,est,2,no,no,posto_auto,si,177,9,298000
IMM-02980,Roma,periferia,12.6,1529,villetta,202,7,3,0,2,no,1986,buono,B,autonomo,nord,1,no,si,box,no,35,5,382000
IMM-02981,Padova,periferia,14.7,2913,appartamento,126,5,2,1,2,no,1969,buono,E,autonomo,est,1,no,no,nessuno,si,171,8,126000
IMM-02982,Palermo,semicentro,3.7,721,appartamento,93,4,2,0,5,no,1945,buono,F,centralizzato,est,1,no,no,nessuno,si,121,2,124000
IMM-02983,Padova,periferia,6.8,695,appartamento,66,2,1,1,6,no,1969,da_ristrutturare,E,autonomo,doppia,2,no,no,box,si,102,11,99000
IMM-02984,Bari,centro,0.3,344,appartamento,74,2,3,2,3,no,1934,buono,E,centralizzato,sud,0,no,no,box,si,120,12,221000
IMM-02985,Torino,semicentro,3.0,426,appartamento,74,3,2,2,9,si,1977,buono,E,centralizzato,nord,1,no,no,nessuno,no,206,7,119000
IMM-02986,Milano,periferia,9.8,2638,appartamento,73,4,1,0,7,si,1962,da_ristrutturare,E,autonomo,doppia,1,no,si,nessuno,si,135,9,161000
IMM-02987,Milano,semicentro,4.2,349,appartamento,173,6,3,0,3,no,1953,da_ristrutturare,E,autonomo,ovest,2,no,si,box,no,212,9,548000
IMM-02988,Napoli,semicentro,3.6,402,appartamento,85,3,1,6,8,no,1970,da_ristrutturare,F,centralizzato,sud,0,no,no,nessuno,si,137,10,111000
IMM-02989,Roma,periferia,14.3,1209,appartamento,105,4,2,2,5,no,1974,ristrutturato,D,centralizzato,nord,2,si,no,posto_auto,si,174,8,226000
IMM-02990,Genova,semicentro,4.8,697,appartamento,151,6,3,4,9,no,1915,buono,G,centralizzato,ovest,0,no,no,nessuno,si,242,2,172000
IMM-02991,Palermo,semicentro,5.8,591,appartamento,61,3,1,8,9,si,1979,ristrutturato,E,centralizzato,doppia,1,no,no,nessuno,no,174,12,72000
IMM-02992,Milano,centro,0.5,506,appartamento,120,4,2,2,3,si,1976,da_ristrutturare,F,autonomo,doppia,1,no,no,nessuno,no,201,8,601000
IMM-02993,Genova,centro,0.5,314,appartamento,70,2,1,1,6,si,1943,ristrutturato,F,autonomo,sud,1,no,no,nessuno,no,149,3,197000
IMM-02994,Roma,centro,0.9,580,appartamento,38,1,1,1,4,si,1983,buono,E,centralizzato,sud,2,no,no,box,si,122,9,222000
IMM-02995,Torino,centro,0.5,135,appartamento,65,2,1,1,7,si,1986,da_ristrutturare,D,autonomo,est,3,no,no,nessuno,si,105,11,170000
IMM-02996,Milano,periferia,12.3,2887,appartamento,91,3,1,4,6,si,1975,buono,E,centralizzato,est,1,no,no,box,si,219,2,212000
IMM-02997,Roma,semicentro,4.4,171,appartamento,121,4,2,0,5,si,1958,buono,E,centralizzato,est,3,no,no,nessuno,si,215,7,356000
IMM-02998,Torino,semicentro,4.7,842,appartamento,78,1,2,0,8,no,1947,ristrutturato,E,centralizzato,sud,2,no,no,nessuno,no,110,5,155000
IMM-02999,Roma,periferia,8.1,688,appartamento,79,3,2,0,4,no,1959,ristrutturato,E,centralizzato,sud,1,no,no,box,no,188,11,193000
IMM-03000,Roma,semicentro,2.7,682,appartamento,47,1,1,1,3,si,1910,da_ristrutturare,G,autonomo,nord,1,no,no,posto_auto,si,132,5,162000
IMM-03001,Roma,centro,1.3,153,appartamento,38,1,1,3,3,no,1944,buono,G,centralizzato,doppia,0,no,no,nessuno,si,128,9,164000
IMM-03002,Torino,semicentro,5.2,256,appartamento,99,3,2,1,7,si,1992,buono,E,centralizzato,doppia,2,no,no,box,no,241,6,190000
IMM-03003,Milano,centro,1.3,472,appartamento,61,2,1,2,4,si,2022,nuovo,A,centralizzato,sud,1,no,no,nessuno,si,159,4,719000
IMM-03004,Milano,periferia,9.5,1409,appartamento,70,4,1,8,11,si,2015,ristrutturato,A,autonomo,est,1,no,no,box,no,105,11,333000
IMM-03005,Palermo,periferia,10.7,1010,appartamento,79,2,2,8,11,si,2005,ristrutturato,A,autonomo,doppia,2,no,no,nessuno,no,176,12,87000
IMM-03006,Torino,periferia,6.4,720,appartamento,98,4,2,1,2,no,2021,nuovo,A,autonomo,doppia,1,no,no,box,si,101,7,192000
IMM-03007,Napoli,periferia,9.4,3039,appartamento,114,4,2,5,8,si,1995,buono,E,autonomo,est,3,no,no,posto_auto,no,230,9,163000
IMM-03008,Roma,centro,0.8,347,appartamento,55,2,1,2,7,si,2022,nuovo,A,autonomo,doppia,1,no,no,nessuno,no,136,6,376000
IMM-03009,Torino,periferia,13.0,1416,villetta,148,6,3,0,2,no,2018,nuovo,A,autonomo,doppia,0,si,si,box,no,11,6,282000
IMM-03010,Milano,semicentro,2.9,421,appartamento,100,3,2,1,6,no,1961,buono,F,autonomo,ovest,2,no,no,nessuno,no,119,1,419000
IMM-03011,Roma,semicentro,5.7,522,appartamento,69,2,1,5,7,si,1954,ristrutturato,D,autonomo,sud,2,no,no,box,si,170,4,222000
IMM-03012,Bari,semicentro,2.4,756,appartamento,54,1,1,1,8,no,1963,buono,G,centralizzato,ovest,0,no,no,nessuno,no,109,8,92000
IMM-03013,Napoli,periferia,7.1,1831,villetta,149,6,3,0,2,no,2006,ristrutturato,A,autonomo,sud,0,si,si,box,si,2,1,374000
IMM-03014,Roma,periferia,13.2,733,appartamento,49,2,1,4,10,si,1992,ristrutturato,C,autonomo,ovest,2,si,no,nessuno,no,119,12,114000
IMM-03015,Milano,periferia,7.8,2955,villetta,151,5,3,0,2,no,1953,buono,E,autonomo,nord,0,si,si,box,si,14,12,431000
IMM-03016,Milano,centro,0.6,244,attico,126,5,2,7,7,si,1959,buono,E,autonomo,nord,1,si,no,nessuno,si,227,1,968000
IMM-03017,Napoli,periferia,11.7,752,villetta,209,8,3,0,2,no,1989,ristrutturato,E,autonomo,doppia,1,no,si,posto_auto,si,41,1,375000
IMM-03018,Torino,semicentro,3.3,331,appartamento,107,4,2,1,5,si,1950,buono,E,centralizzato,ovest,3,no,no,nessuno,si,187,9,151000
IMM-03019,Torino,periferia,9.4,895,appartamento,123,4,1,1,5,si,1949,buono,F,autonomo,ovest,2,no,no,nessuno,si,207,12,110000
IMM-03020,Milano,semicentro,5.8,594,attico,93,4,2,8,8,si,1976,ristrutturato,D,centralizzato,doppia,2,si,no,posto_auto,no,170,10,628000
IMM-03021,Milano,semicentro,2.3,655,appartamento,48,1,1,6,7,si,1960,buono,F,centralizzato,sud,0,no,no,nessuno,si,148,5,258000
IMM-03022,Roma,semicentro,5.3,714,appartamento,132,5,2,0,4,si,1949,ristrutturato,D,autonomo,sud,1,no,no,box,si,278,11,371000
IMM-03023,Roma,semicentro,5.3,445,appartamento,63,3,1,1,7,si,1962,buono,G,autonomo,ovest,1,no,no,box,si,163,8,188000
IMM-03024,Bari,periferia,8.9,865,appartamento,71,2,2,8,9,no,1956,buono,F,centralizzato,est,1,si,no,nessuno,si,146,2,70000
IMM-03025,Bari,centro,0.9,680,attico,114,4,2,7,7,si,1911,da_ristrutturare,E,autonomo,doppia,1,si,no,nessuno,no,212,2,369000
IMM-03026,Genova,centro,1.9,317,appartamento,86,3,2,2,3,si,1973,buono,E,autonomo,doppia,2,no,no,nessuno,no,157,7,212000
IMM-03027,Torino,periferia,6.1,2068,villetta,134,4,2,0,2,no,2001,buono,D,autonomo,sud,1,si,si,box,no,0,9,223000
IMM-03028,Genova,centro,0.7,349,appartamento,84,2,2,5,6,si,1907,da_ristrutturare,F,autonomo,nord,0,no,si,posto_auto,si,193,7,202000
IMM-03029,Napoli,centro,1.9,238,appartamento,77,2,1,3,4,si,1952,buono,F,centralizzato,sud,2,si,no,nessuno,no,208,5,278000
IMM-03030,Milano,centro,0.7,350,appartamento,83,2,2,5,6,si,2005,buono,B,centralizzato,nord,0,no,no,nessuno,no,239,8,600000
IMM-03031,Milano,semicentro,5.4,309,appartamento,57,2,1,5,5,si,1929,buono,E,centralizzato,nord,1,no,no,nessuno,no,194,12,239000
IMM-03032,Roma,semicentro,3.4,849,appartamento,63,3,1,2,9,si,2012,buono,D,autonomo,sud,1,no,no,box,si,159,2,249000
IMM-03033,Milano,semicentro,3.5,451,villetta,116,4,2,0,3,no,1995,da_ristrutturare,F,autonomo,nord,2,no,si,box,no,25,12,511000
IMM-03034,Firenze,semicentro,5.9,152,appartamento,146,6,4,0,7,si,1961,ristrutturato,D,centralizzato,nord,1,si,no,nessuno,si,197,9,442000
IMM-03035,Firenze,semicentro,2.7,633,appartamento,193,6,3,0,3,si,1955,buono,G,autonomo,doppia,1,no,no,box,si,259,4,582000
IMM-03036,Bari,semicentro,5.4,1359,appartamento,63,3,1,4,6,si,1907,buono,G,autonomo,sud,0,no,no,nessuno,si,163,2,102000
IMM-03037,Genova,periferia,9.7,1738,appartamento,75,3,1,0,3,no,1993,ristrutturato,E,centralizzato,est,1,no,no,posto_auto,no,115,2,84000
IMM-03038,Milano,periferia,9.3,1514,appartamento,62,2,1,3,5,si,1985,buono,D,centralizzato,doppia,1,no,no,posto_auto,no,135,10,214000
IMM-03039,Bari,periferia,14.7,1680,appartamento,121,5,2,3,3,si,1926,buono,G,autonomo,doppia,2,no,no,posto_auto,si,202,8,134000
IMM-03040,Palermo,periferia,11.7,1578,appartamento,58,2,1,3,5,no,1973,da_ristrutturare,E,centralizzato,ovest,1,no,no,posto_auto,no,117,1,39000
IMM-03041,Firenze,centro,1.6,208,appartamento,46,3,1,7,7,si,1987,buono,G,centralizzato,ovest,1,no,no,nessuno,no,180,7,250000
IMM-03042,Genova,semicentro,3.4,395,appartamento,69,3,1,0,5,si,1965,ristrutturato,D,centralizzato,est,1,no,si,nessuno,si,186,6,153000
IMM-03043,Palermo,centro,0.8,206,appartamento,53,2,1,0,5,no,1948,ristrutturato,D,centralizzato,sud,0,no,no,nessuno,si,152,8,113000
IMM-03044,Milano,periferia,14.7,1060,appartamento,38,1,1,2,4,si,1984,buono,F,autonomo,ovest,1,no,no,nessuno,si,106,10,101000
IMM-03045,Milano,periferia,10.6,1451,appartamento,169,7,3,7,11,si,1990,ristrutturato,C,autonomo,ovest,0,no,no,box,no,274,9,686000
IMM-03046,Milano,semicentro,5.6,1186,appartamento,77,2,2,1,3,no,1999,buono,E,autonomo,sud,0,no,no,nessuno,no,134,8,299000
IMM-03047,Palermo,semicentro,4.8,835,appartamento,131,4,2,0,4,si,1996,da_ristrutturare,E,autonomo,ovest,3,no,no,box,no,186,12,110000
IMM-03048,Napoli,semicentro,4.5,1637,appartamento,64,2,1,7,9,no,1959,buono,D,centralizzato,ovest,2,no,no,posto_auto,si,164,6,123000
IMM-03049,Firenze,semicentro,2.6,247,attico,100,3,2,3,3,no,2025,nuovo,A,autonomo,sud,1,si,no,box,no,156,7,507000
IMM-03050,Bologna,periferia,12.9,1254,attico,125,5,2,9,9,si,1996,da_ristrutturare,C,autonomo,est,0,si,no,box,si,204,10,239000
IMM-03051,Bari,semicentro,5.9,517,appartamento,83,2,2,2,9,si,2020,nuovo,A,autonomo,est,2,no,no,nessuno,no,160,4,190000
IMM-03052,Firenze,semicentro,2.0,688,appartamento,98,4,2,7,8,si,2016,nuovo,A,autonomo,sud,2,si,no,box,no,157,10,686000
IMM-03053,Napoli,semicentro,5.5,725,appartamento,84,3,3,6,9,no,1963,buono,F,centralizzato,est,1,no,no,nessuno,si,138,4,127000
IMM-03054,Roma,centro,0.7,339,appartamento,99,3,2,2,5,si,1911,buono,G,centralizzato,est,1,no,no,box,no,268,10,412000
IMM-03055,Napoli,semicentro,3.5,500,appartamento,71,2,2,5,5,si,1994,da_ristrutturare,E,autonomo,doppia,2,no,no,nessuno,no,147,2,139000
IMM-03056,Milano,semicentro,5.5,598,appartamento,72,3,2,1,8,no,1909,ristrutturato,E,centralizzato,sud,0,no,no,nessuno,si,157,6,359000
IMM-03057,Genova,centro,1.5,121,appartamento,48,2,1,4,5,si,1917,buono,G,autonomo,sud,1,no,no,nessuno,no,148,11,129000
IMM-03058,Padova,periferia,12.4,1518,appartamento,69,3,2,3,3,no,1992,ristrutturato,C,autonomo,sud,1,no,no,box,no,116,9,111000
IMM-03059,Bologna,semicentro,5.2,387,appartamento,83,4,2,1,4,si,1979,buono,E,autonomo,doppia,3,no,no,posto_auto,si,183,10,262000
IMM-03060,Roma,periferia,11.1,2531,villetta,182,6,4,0,2,no,1998,buono,F,autonomo,nord,1,si,si,box,no,1,2,372000
IMM-03061,Napoli,periferia,10.3,3356,attico,113,4,1,6,6,si,1978,da_ristrutturare,D,centralizzato,sud,3,si,no,box,si,229,6,187000
IMM-03062,Milano,periferia,7.6,1291,appartamento,51,1,1,0,10,si,1989,buono,D,centralizzato,doppia,1,no,no,posto_auto,si,129,11,201000
IMM-03063,Napoli,semicentro,4.5,426,appartamento,66,3,1,3,6,si,2009,buono,B,autonomo,doppia,1,no,no,nessuno,si,136,4,233000
IMM-03064,Napoli,periferia,10.1,782,appartamento,114,4,2,0,6,si,1999,buono,E,autonomo,ovest,2,no,no,posto_auto,no,226,6,163000
IMM-03065,Roma,periferia,7.7,502,villetta,156,6,3,0,2,no,1957,buono,E,autonomo,est,2,si,si,box,no,0,4,342000
IMM-03066,Napoli,semicentro,2.7,567,appartamento,42,1,1,8,9,si,1980,buono,D,centralizzato,sud,1,no,no,nessuno,no,151,11,103000
IMM-03067,Torino,centro,1.1,290,appartamento,35,1,1,3,5,no,1958,ristrutturato,E,centralizzato,sud,1,no,no,nessuno,si,146,6,81000
IMM-03068,Firenze,centro,1.8,98,appartamento,76,2,2,1,5,no,1953,da_ristrutturare,F,autonomo,sud,1,no,no,nessuno,si,139,2,267000
IMM-03069,Genova,periferia,11.2,1983,appartamento,183,7,3,3,11,si,2017,nuovo,A,centralizzato,ovest,2,no,no,nessuno,si,351,7,242000
IMM-03070,Bologna,centro,1.1,244,appartamento,102,4,2,1,5,si,1934,ristrutturato,D,centralizzato,nord,0,no,no,nessuno,si,184,11,409000
IMM-03071,Bologna,centro,0.9,729,appartamento,80,3,2,3,7,si,1960,buono,F,centralizzato,ovest,1,no,no,posto_auto,si,206,11,275000
IMM-03072,Firenze,periferia,12.8,1446,appartamento,49,2,1,4,6,si,1926,buono,G,centralizzato,est,0,no,no,box,si,170,5,137000
IMM-03073,Bari,centro,0.8,141,attico,93,4,2,4,4,no,1929,ristrutturato,E,autonomo,nord,2,si,no,nessuno,no,126,6,318000
IMM-03074,Torino,semicentro,3.7,1009,appartamento,102,4,2,4,4,si,1972,buono,E,centralizzato,ovest,1,si,no,posto_auto,si,259,4,164000
IMM-03075,Torino,periferia,12.1,1252,villetta,134,4,2,0,3,no,2023,nuovo,A,autonomo,nord,0,si,si,box,si,25,6,231000
IMM-03076,Bologna,periferia,8.0,2245,appartamento,118,3,2,6,7,si,1988,buono,E,centralizzato,doppia,2,no,no,box,si,214,9,222000
IMM-03077,Milano,semicentro,2.5,438,appartamento,99,5,3,4,4,si,1954,ristrutturato,D,autonomo,doppia,2,no,no,nessuno,no,211,8,535000
IMM-03078,Napoli,semicentro,4.4,406,appartamento,64,3,1,1,7,no,1910,buono,G,autonomo,ovest,0,no,no,box,si,111,5,145000
IMM-03079,Milano,semicentro,5.7,777,appartamento,98,3,2,1,6,si,1907,buono,E,autonomo,doppia,0,no,no,nessuno,no,173,12,451000
IMM-03080,Torino,periferia,11.2,775,appartamento,51,2,1,6,7,si,1980,da_ristrutturare,E,autonomo,nord,3,no,no,posto_auto,si,97,6,59000
IMM-03081,Padova,semicentro,3.9,268,appartamento,79,3,2,1,3,no,1998,buono,E,centralizzato,doppia,3,no,no,nessuno,no,129,11,191000
IMM-03082,Milano,periferia,8.2,861,villetta,130,4,2,0,2,no,1974,da_ristrutturare,F,autonomo,doppia,0,si,si,box,si,40,7,425000
IMM-03083,Napoli,semicentro,3.7,471,attico,126,5,2,9,9,si,1946,buono,G,autonomo,est,2,si,no,nessuno,no,174,5,347000
IMM-03084,Torino,centro,0.7,237,attico,157,6,3,6,6,si,1930,buono,F,centralizzato,est,1,si,no,nessuno,si,328,4,505000
IMM-03085,Genova,centro,1.6,393,appartamento,114,3,3,3,6,si,1992,da_ristrutturare,E,autonomo,sud,2,no,no,nessuno,si,241,7,223000
IMM-03086,Roma,periferia,10.0,784,appartamento,72,3,2,4,11,si,2025,nuovo,A,autonomo,sud,3,no,no,posto_auto,si,149,7,230000
IMM-03087,Roma,periferia,10.7,382,villetta,132,5,2,0,2,no,1979,buono,D,autonomo,sud,2,no,si,box,si,32,10,302000
IMM-03088,Genova,semicentro,2.4,879,attico,60,2,1,9,9,si,1953,buono,G,autonomo,nord,1,no,no,box,si,151,10,124000
IMM-03089,Napoli,semicentro,4.5,721,appartamento,81,4,2,7,9,si,2018,nuovo,A,autonomo,sud,1,no,no,nessuno,no,190,7,283000
IMM-03090,Bari,centro,1.1,402,appartamento,131,5,1,5,5,si,1953,buono,E,centralizzato,doppia,2,no,no,nessuno,si,264,3,325000
IMM-03091,Palermo,semicentro,2.6,447,appartamento,164,5,3,3,5,si,1988,da_ristrutturare,D,autonomo,est,2,no,no,nessuno,no,261,12,173000
IMM-03092,Roma,semicentro,3.7,1753,appartamento,107,5,2,4,6,si,1996,ristrutturato,E,autonomo,ovest,2,no,no,box,no,176,6,427000
IMM-03093,Roma,centro,1.7,610,appartamento,49,2,1,2,5,no,1916,buono,F,centralizzato,ovest,0,no,no,nessuno,no,90,11,211000
IMM-03094,Milano,centro,0.9,228,attico,157,6,3,6,6,no,1972,da_ristrutturare,F,centralizzato,doppia,0,si,no,box,si,263,12,820000
IMM-03095,Roma,semicentro,5.4,281,appartamento,41,1,1,0,3,no,1964,buono,F,autonomo,sud,2,no,no,nessuno,si,76,5,135000
IMM-03096,Roma,semicentro,5.6,262,appartamento,81,3,2,1,6,no,1913,da_ristrutturare,G,centralizzato,nord,1,no,no,nessuno,no,166,5,193000
IMM-03097,Torino,periferia,14.1,594,appartamento,74,2,2,5,9,si,1998,ristrutturato,C,autonomo,ovest,1,no,no,nessuno,si,132,2,95000
IMM-03098,Milano,semicentro,2.3,648,appartamento,58,2,1,6,6,si,1991,da_ristrutturare,D,autonomo,sud,2,no,no,posto_auto,no,154,8,243000
IMM-03099,Milano,periferia,11.3,522,appartamento,62,3,1,0,4,si,1986,da_ristrutturare,F,autonomo,doppia,1,no,no,box,si,157,3,180000
IMM-03100,Napoli,periferia,7.5,2918,appartamento,51,3,2,2,4,si,2010,buono,D,centralizzato,est,0,no,no,box,no,147,10,114000
IMM-03101,Milano,periferia,13.7,830,appartamento,57,2,1,2,2,no,2004,ristrutturato,A,autonomo,est,1,no,no,nessuno,si,80,10,204000
IMM-03102,Bologna,semicentro,3.3,932,villetta,124,6,2,0,2,no,1948,ristrutturato,D,autonomo,nord,0,no,si,box,no,13,4,408000
IMM-03103,Padova,periferia,11.6,1357,attico,107,3,2,6,6,no,2001,buono,B,centralizzato,sud,2,si,no,box,no,199,4,152000
IMM-03104,Firenze,semicentro,5.0,1045,attico,113,4,2,8,8,si,1949,da_ristrutturare,E,centralizzato,sud,1,si,no,nessuno,no,200,8,407000
IMM-03105,Bologna,semicentro,3.8,455,attico,97,4,2,4,4,si,1985,buono,F,centralizzato,est,1,si,no,posto_auto,no,201,1,346000
IMM-03106,Torino,periferia,14.1,546,appartamento,64,2,1,5,11,si,2021,nuovo,A,autonomo,sud,1,no,no,box,no,200,5,111000
IMM-03107,Napoli,periferia,7.7,591,appartamento,72,3,2,3,5,si,2023,buono,B,autonomo,nord,1,no,no,box,si,139,1,150000
IMM-03108,Bologna,centro,0.4,437,attico,94,4,2,5,5,si,2024,nuovo,A,autonomo,ovest,1,si,no,nessuno,si,193,2,856000
IMM-03109,Torino,periferia,7.3,2339,appartamento,69,2,1,2,9,si,2025,nuovo,A,autonomo,ovest,1,no,no,posto_auto,si,167,2,140000
IMM-03110,Napoli,semicentro,4.7,566,appartamento,49,2,1,2,9,si,2000,ristrutturato,B,autonomo,nord,3,no,no,nessuno,no,190,3,149000
IMM-03111,Roma,semicentro,4.5,819,appartamento,59,2,1,0,6,no,1911,da_ristrutturare,G,autonomo,sud,1,no,no,nessuno,no,109,6,127000
IMM-03112,Palermo,semicentro,5.9,1067,appartamento,59,3,1,6,6,si,2008,da_ristrutturare,C,autonomo,sud,1,no,no,posto_auto,no,119,9,80000
IMM-03113,Milano,semicentro,5.4,386,appartamento,79,4,2,5,5,no,1950,da_ristrutturare,F,centralizzato,sud,1,no,no,nessuno,si,198,8,181000
IMM-03114,Bologna,centro,1.1,574,appartamento,45,2,1,2,6,si,1989,ristrutturato,C,autonomo,doppia,0,no,no,nessuno,no,148,10,221000
IMM-03115,Roma,centro,1.2,295,attico,147,4,3,5,5,no,1959,ristrutturato,C,centralizzato,nord,0,si,no,nessuno,no,261,9,644000
IMM-03116,Palermo,centro,2.0,276,appartamento,79,3,2,3,7,si,1982,da_ristrutturare,E,centralizzato,sud,2,no,no,nessuno,no,178,4,142000
IMM-03117,Torino,periferia,13.1,2081,appartamento,112,4,2,9,11,si,1964,da_ristrutturare,F,centralizzato,est,3,no,no,box,no,194,7,113000
IMM-03118,Milano,centro,1.5,338,appartamento,38,1,2,3,5,si,1971,da_ristrutturare,G,autonomo,sud,2,no,no,box,si,164,10,271000
IMM-03119,Genova,periferia,8.2,1037,appartamento,74,4,2,6,11,si,1989,buono,D,centralizzato,doppia,1,no,no,box,no,158,12,102000
IMM-03120,Genova,semicentro,3.9,929,appartamento,85,3,2,0,3,no,1919,ristrutturato,F,centralizzato,nord,0,no,si,nessuno,si,204,2,147000
IMM-03121,Palermo,periferia,6.7,395,villetta,121,5,2,0,2,no,1984,ristrutturato,D,autonomo,nord,2,no,si,box,si,9,7,138000
IMM-03122,Milano,semicentro,4.6,1292,appartamento,67,2,1,1,8,no,1966,buono,E,centralizzato,ovest,3,no,no,nessuno,no,88,1,242000
IMM-03123,Roma,periferia,13.7,654,villetta,166,6,3,0,3,no,1954,ristrutturato,D,autonomo,nord,1,no,si,box,si,27,5,325000
IMM-03124,Bari,periferia,14.8,720,appartamento,73,2,2,1,4,si,2009,ristrutturato,C,centralizzato,doppia,1,no,no,nessuno,no,205,7,74000
IMM-03125,Bologna,semicentro,2.3,224,appartamento,220,7,3,4,6,si,1976,buono,D,centralizzato,doppia,2,no,no,box,si,362,4,746000
IMM-03126,Milano,semicentro,3.3,1027,appartamento,122,4,2,4,4,si,1956,buono,G,autonomo,sud,0,si,no,box,si,223,5,539000
IMM-03127,Napoli,centro,1.3,86,appartamento,127,4,2,2,6,si,1985,ristrutturato,D,centralizzato,sud,2,no,no,posto_auto,si,225,8,524000
IMM-03128,Milano,semicentro,2.4,1092,attico,146,5,3,6,6,si,1972,buono,G,autonomo,sud,0,si,no,nessuno,no,207,12,699000
IMM-03129,Bologna,centro,1.9,249,appartamento,58,2,1,2,7,si,1941,buono,F,centralizzato,est,0,no,no,nessuno,si,147,7,240000
IMM-03130,Firenze,centro,2.0,409,appartamento,76,3,2,1,6,si,1936,ristrutturato,D,autonomo,est,1,no,no,nessuno,si,134,1,450000
IMM-03131,Milano,semicentro,5.6,486,appartamento,95,3,2,4,4,si,1985,buono,F,centralizzato,doppia,3,no,no,box,si,214,1,397000
IMM-03132,Milano,periferia,13.7,2427,appartamento,42,2,1,0,3,no,1975,ristrutturato,F,autonomo,sud,2,no,si,posto_auto,si,57,11,144000
IMM-03133,Milano,semicentro,3.7,133,appartamento,173,6,3,0,4,si,1964,buono,F,centralizzato,ovest,1,no,no,posto_auto,si,295,9,684000
IMM-03134,Milano,centro,1.7,241,appartamento,61,2,1,1,7,si,2023,nuovo,A,centralizzato,sud,1,no,no,nessuno,no,201,2,687000
IMM-03135,Torino,semicentro,4.7,471,villetta,124,4,3,0,2,no,1921,buono,G,autonomo,ovest,0,no,si,posto_auto,si,7,10,257000
IMM-03136,Milano,periferia,7.8,554,appartamento,55,2,1,0,2,no,1960,buono,E,autonomo,sud,3,no,si,box,si,79,8,222000
IMM-03137,Torino,semicentro,4.1,596,appartamento,135,5,1,9,9,si,1974,buono,E,centralizzato,doppia,2,no,no,box,no,266,12,470000
IMM-03138,Genova,semicentro,5.5,643,appartamento,78,1,2,3,7,si,1976,buono,E,centralizzato,doppia,1,no,no,box,si,147,9,163000
IMM-03139,Milano,periferia,9.6,1683,appartamento,79,2,2,2,8,si,1981,da_ristrutturare,E,autonomo,nord,1,no,no,nessuno,si,157,1,162000
IMM-03140,Torino,periferia,14.3,559,appartamento,98,4,2,2,5,no,1938,buono,G,autonomo,sud,1,no,no,box,no,156,9,110000
IMM-03141,Roma,periferia,6.4,1065,appartamento,107,3,2,0,2,si,1999,buono,E,autonomo,nord,1,no,si,posto_auto,no,151,2,228000
IMM-03142,Milano,semicentro,4.5,739,appartamento,69,1,1,6,8,si,1969,buono,G,autonomo,doppia,2,no,no,posto_auto,si,190,12,277000
IMM-03143,Bologna,periferia,6.1,3146,villetta,160,4,3,0,2,no,1973,buono,F,autonomo,doppia,0,si,si,posto_auto,si,27,1,309000
IMM-03144,Bari,semicentro,4.3,412,appartamento,105,4,2,3,5,no,1953,buono,F,centralizzato,sud,3,no,no,nessuno,si,164,6,171000
IMM-03145,Napoli,semicentro,4.8,263,appartamento,75,4,2,1,7,no,1904,buono,G,centralizzato,ovest,0,no,no,posto_auto,si,160,7,162000
IMM-03146,Bari,semicentro,5.5,319,appartamento,76,3,2,3,9,no,1957,buono,F,centralizzato,nord,0,no,no,nessuno,si,142,10,103000
IMM-03147,Bologna,periferia,11.8,1888,appartamento,99,4,2,4,8,si,1977,ristrutturato,D,centralizzato,ovest,2,no,no,box,si,251,12,191000
IMM-03148,Torino,semicentro,4.3,379,appartamento,68,2,1,3,5,no,1930,buono,F,autonomo,doppia,0,no,no,nessuno,no,120,11,141000
IMM-03149,Milano,centro,1.4,457,appartamento,52,2,1,7,7,no,1940,buono,G,centralizzato,doppia,0,no,no,nessuno,si,134,6,290000
IMM-03150,Bologna,centro,0.7,973,attico,139,4,2,5,5,no,1934,buono,F,centralizzato,sud,0,si,no,nessuno,no,212,3,563000
IMM-03151,Roma,centro,1.0,343,appartamento,220,8,3,4,4,si,1988,buono,G,centralizzato,ovest,1,no,no,nessuno,no,380,8,668000
IMM-03152,Bari,periferia,13.9,2897,appartamento,115,4,2,2,3,no,2025,nuovo,A,centralizzato,nord,1,no,no,box,no,233,5,153000
IMM-03153,Bologna,semicentro,5.2,454,appartamento,70,2,1,3,9,no,1952,buono,E,centralizzato,nord,0,no,no,nessuno,no,156,7,153000
IMM-03154,Bologna,centro,1.9,217,appartamento,109,5,2,6,7,no,1940,ristrutturato,E,centralizzato,sud,1,no,no,nessuno,no,174,10,405000
IMM-03155,Roma,centro,1.2,326,appartamento,64,3,1,4,4,si,1918,da_ristrutturare,G,centralizzato,sud,1,si,no,box,si,192,6,266000
IMM-03156,Padova,semicentro,5.4,467,appartamento,112,5,2,7,7,si,1986,ristrutturato,D,centralizzato,doppia,0,no,no,nessuno,si,238,6,250000
IMM-03157,Roma,centro,1.1,175,appartamento,73,2,2,1,4,si,1901,ristrutturato,D,autonomo,nord,1,no,no,nessuno,si,160,4,391000
IMM-03158,Torino,centro,1.2,192,appartamento,96,4,2,5,7,si,1966,ristrutturato,E,centralizzato,sud,0,no,no,nessuno,si,176,11,282000
IMM-03159,Torino,centro,0.9,334,appartamento,145,5,3,3,4,si,1978,buono,E,centralizzato,est,1,no,no,nessuno,no,210,8,329000
IMM-03160,Napoli,periferia,13.3,786,villetta,149,6,3,0,3,no,1995,buono,F,autonomo,sud,0,si,si,box,no,9,3,281000
IMM-03161,Firenze,periferia,13.5,2741,appartamento,90,3,2,7,7,si,2021,buono,B,autonomo,ovest,1,no,no,box,no,156,10,272000
IMM-03162,Genova,semicentro,2.1,860,appartamento,135,5,1,2,9,no,1938,ristrutturato,E,autonomo,est,1,no,no,box,si,190,1,261000
IMM-03163,Milano,semicentro,5.5,495,appartamento,105,2,2,6,9,si,1910,ristrutturato,E,autonomo,sud,3,no,no,nessuno,si,204,9,555000
IMM-03164,Padova,semicentro,5.4,400,appartamento,114,4,2,0,5,si,1917,buono,G,autonomo,doppia,0,no,no,nessuno,si,187,12,178000
IMM-03165,Torino,semicentro,2.7,547,appartamento,120,4,1,4,5,si,2019,nuovo,A,autonomo,sud,1,no,no,box,si,195,5,342000
IMM-03166,Torino,periferia,9.7,939,appartamento,79,2,2,1,3,no,1990,buono,C,autonomo,est,2,no,no,nessuno,no,83,9,90000
IMM-03167,Bologna,semicentro,3.9,1783,appartamento,75,2,2,1,9,si,2022,nuovo,A,autonomo,nord,2,no,no,posto_auto,no,185,8,323000
IMM-03168,Torino,centro,0.9,672,attico,117,4,2,3,3,si,1934,buono,F,autonomo,doppia,1,si,no,nessuno,no,202,7,354000
IMM-03169,Torino,periferia,11.1,2054,appartamento,116,4,2,0,2,no,1978,ristrutturato,D,autonomo,sud,1,no,no,box,no,169,2,142000
IMM-03170,Roma,semicentro,4.0,356,appartamento,59,2,1,5,8,si,1961,da_ristrutturare,F,centralizzato,nord,3,si,no,nessuno,no,187,8,147000
IMM-03171,Palermo,centro,1.5,451,appartamento,65,2,1,4,4,si,1995,ristrutturato,E,autonomo,doppia,1,no,no,nessuno,no,143,12,133000
IMM-03172,Roma,centro,1.3,147,appartamento,94,3,2,2,4,si,1909,ristrutturato,E,centralizzato,doppia,1,no,no,nessuno,si,255,8,515000
IMM-03173,Palermo,periferia,14.5,1296,attico,140,5,2,2,2,si,2019,nuovo,A,centralizzato,nord,0,si,no,box,no,271,2,169000
IMM-03174,Genova,semicentro,3.5,730,appartamento,74,2,3,2,3,no,1990,buono,E,autonomo,ovest,1,no,si,nessuno,no,177,8,104000
IMM-03175,Palermo,semicentro,3.1,387,attico,270,8,4,9,9,si,1973,buono,G,autonomo,doppia,3,si,no,posto_auto,no,423,8,368000
IMM-03176,Torino,periferia,8.4,461,attico,95,4,2,6,6,si,1946,da_ristrutturare,F,autonomo,ovest,1,si,no,nessuno,no,174,7,103000
IMM-03177,Genova,semicentro,5.3,1159,appartamento,97,3,2,4,5,no,1999,buono,E,centralizzato,doppia,1,no,no,nessuno,no,169,4,113000
IMM-03178,Napoli,semicentro,2.8,703,appartamento,210,8,3,7,9,si,1960,ristrutturato,E,centralizzato,doppia,1,no,no,nessuno,no,343,7,471000
IMM-03179,Palermo,periferia,14.6,2087,appartamento,60,2,1,3,3,no,1998,buono,F,autonomo,ovest,2,no,no,box,no,74,3,55000
IMM-03180,Milano,semicentro,4.4,1532,appartamento,48,3,1,3,9,si,1952,ristrutturato,D,autonomo,doppia,1,no,no,box,si,127,3,305000
IMM-03181,Milano,semicentro,3.0,224,appartamento,92,3,2,0,8,si,2016,buono,A,autonomo,ovest,1,no,no,nessuno,no,222,6,464000
IMM-03182,Napoli,centro,0.7,286,appartamento,51,2,1,4,7,si,1997,buono,E,autonomo,est,1,no,no,posto_auto,si,153,2,203000
IMM-03183,Napoli,centro,1.9,183,appartamento,151,6,3,3,5,no,1944,ristrutturato,F,autonomo,sud,0,no,no,nessuno,si,245,8,502000
IMM-03184,Bologna,periferia,12.6,2650,attico,187,7,3,8,8,si,1979,buono,E,centralizzato,sud,2,no,no,box,no,313,10,361000
IMM-03185,Bari,periferia,8.5,797,appartamento,58,2,2,3,3,si,1988,buono,F,autonomo,est,1,no,no,box,si,143,2,91000
IMM-03186,Palermo,centro,0.7,191,appartamento,121,5,2,1,4,si,1943,buono,G,centralizzato,est,0,no,no,nessuno,si,233,5,261000
IMM-03187,Milano,periferia,8.9,1574,appartamento,38,1,1,6,6,si,1967,da_ristrutturare,E,centralizzato,est,2,no,no,nessuno,si,119,6,95000
IMM-03188,Roma,semicentro,4.2,605,appartamento,71,3,2,9,9,si,2003,da_ristrutturare,C,autonomo,sud,2,no,no,posto_auto,no,129,5,221000
IMM-03189,Padova,periferia,11.1,486,appartamento,86,5,2,7,8,si,2012,da_ristrutturare,C,autonomo,ovest,2,no,no,box,si,130,1,119000
IMM-03190,Roma,centro,1.7,421,attico,62,3,1,4,4,no,1966,da_ristrutturare,F,autonomo,doppia,0,si,no,posto_auto,si,129,1,275000
IMM-03191,Torino,periferia,7.2,542,attico,126,5,2,6,6,no,2014,da_ristrutturare,B,autonomo,ovest,1,si,no,box,si,202,3,132000
IMM-03192,Roma,semicentro,3.7,878,villetta,165,5,3,0,2,no,1951,da_ristrutturare,F,autonomo,nord,1,no,no,box,si,40,9,418000
IMM-03193,Padova,semicentro,2.1,444,villetta,152,5,2,0,3,no,1953,ristrutturato,E,autonomo,est,0,no,si,box,si,16,12,451000
IMM-03194,Milano,periferia,12.6,926,villetta,196,7,3,0,3,no,2019,buono,A,autonomo,est,1,si,si,posto_auto,si,11,4,714000
IMM-03195,Roma,periferia,10.9,5000,appartamento,55,2,1,1,9,si,1967,buono,G,autonomo,doppia,1,no,no,box,si,141,7,112000
IMM-03196,Milano,semicentro,4.4,383,appartamento,87,3,2,4,6,si,1954,da_ristrutturare,F,centralizzato,est,1,no,no,box,si,246,1,278000
IMM-03197,Bologna,periferia,14.9,1677,appartamento,176,6,3,2,6,si,2024,nuovo,A,autonomo,ovest,1,no,no,posto_auto,no,294,9,392000
IMM-03198,Napoli,semicentro,4.6,425,appartamento,90,3,2,6,7,si,1959,buono,F,autonomo,doppia,1,no,no,nessuno,no,159,5,234000
IMM-03199,Palermo,periferia,6.1,925,appartamento,42,1,1,5,6,si,1971,buono,E,autonomo,nord,2,si,no,posto_auto,no,117,4,43000
IMM-03200,Padova,semicentro,3.2,622,appartamento,89,2,2,2,8,si,1970,buono,F,centralizzato,doppia,2,no,no,box,si,155,7,201000
IMM-03201,Bologna,centro,1.8,286,appartamento,148,5,2,3,5,si,1944,da_ristrutturare,G,autonomo,doppia,1,no,no,nessuno,si,244,3,571000
IMM-03202,Roma,semicentro,4.4,444,appartamento,128,4,2,7,7,si,2017,nuovo,A,autonomo,sud,0,si,no,box,si,175,4,615000
IMM-03203,Palermo,semicentro,2.7,478,appartamento,72,3,2,4,9,si,1913,da_ristrutturare,F,centralizzato,nord,0,no,no,posto_auto,si,191,4,78000
IMM-03204,Firenze,centro,0.7,345,appartamento,101,4,2,1,4,si,1957,buono,G,centralizzato,doppia,2,si,no,nessuno,no,213,5,466000
IMM-03205,Palermo,semicentro,4.7,1646,appartamento,51,3,1,0,5,si,1948,buono,G,autonomo,ovest,0,si,si,nessuno,si,126,12,74000
IMM-03206,Roma,periferia,12.4,2756,villetta,187,6,3,0,2,no,2018,nuovo,A,autonomo,sud,1,no,si,box,no,31,4,526000
IMM-03207,Roma,semicentro,3.4,787,appartamento,73,3,2,0,5,si,1991,ristrutturato,D,autonomo,doppia,2,no,no,box,no,126,3,298000
IMM-03208,Napoli,centro,1.2,279,appartamento,137,5,2,1,5,si,2020,nuovo,A,autonomo,doppia,1,no,no,nessuno,si,266,5,740000
IMM-03209,Roma,centro,1.1,266,appartamento,81,3,2,2,7,si,1952,ristrutturato,D,centralizzato,sud,1,no,no,posto_auto,si,192,10,437000
IMM-03210,Firenze,semicentro,6.0,350,appartamento,69,2,1,3,3,no,1994,ristrutturato,D,autonomo,doppia,1,no,no,nessuno,si,115,5,275000
IMM-03211,Padova,centro,0.8,190,appartamento,70,3,1,0,4,no,1943,buono,F,autonomo,ovest,1,no,no,nessuno,si,131,1,209000
IMM-03212,Roma,centro,0.8,395,attico,76,3,2,6,6,si,1939,buono,F,centralizzato,nord,1,si,no,nessuno,no,200,5,403000
IMM-03213,Napoli,semicentro,2.4,509,appartamento,44,1,1,3,9,si,1989,ristrutturato,C,centralizzato,doppia,1,no,no,nessuno,no,169,5,130000
IMM-03214,Bari,centro,1.2,117,appartamento,97,4,2,6,7,no,1944,buono,F,centralizzato,doppia,1,no,no,nessuno,si,145,7,191000
IMM-03215,Palermo,centro,1.4,221,appartamento,50,1,1,1,4,no,1966,ristrutturato,D,autonomo,nord,2,no,no,nessuno,si,95,6,110000
IMM-03216,Bologna,centro,0.6,276,appartamento,31,1,1,1,7,no,1928,buono,F,centralizzato,sud,2,no,no,nessuno,si,66,4,156000
IMM-03217,Milano,semicentro,4.8,959,appartamento,72,3,2,1,3,no,2012,ristrutturato,C,autonomo,ovest,3,no,no,nessuno,no,116,1,427000
IMM-03218,Padova,centro,1.1,881,appartamento,96,3,2,1,3,no,1906,buono,G,autonomo,doppia,0,no,no,nessuno,si,190,7,301000
IMM-03219,Milano,semicentro,3.0,609,appartamento,146,5,3,5,6,no,1949,buono,D,autonomo,sud,1,no,no,posto_auto,no,183,11,480000
IMM-03220,Torino,semicentro,4.7,338,appartamento,58,1,2,3,8,si,1991,buono,D,centralizzato,doppia,0,no,no,nessuno,no,190,1,108000
IMM-03221,Napoli,semicentro,5.2,437,appartamento,77,3,2,0,5,si,1971,ristrutturato,E,centralizzato,doppia,1,no,si,posto_auto,si,145,4,196000
IMM-03222,Roma,periferia,6.3,629,appartamento,53,2,1,2,5,si,1989,ristrutturato,C,centralizzato,nord,2,no,no,posto_auto,si,110,12,123000
IMM-03223,Padova,centro,1.2,511,appartamento,47,1,2,4,6,no,1954,ristrutturato,D,centralizzato,nord,1,no,no,posto_auto,si,94,6,143000
IMM-03224,Napoli,semicentro,2.2,307,appartamento,69,2,1,4,4,si,1970,buono,G,autonomo,nord,2,no,no,box,no,167,7,178000
IMM-03225,Napoli,semicentro,4.8,853,appartamento,63,2,1,4,6,no,1959,buono,F,autonomo,doppia,1,no,no,nessuno,si,101,12,117000
IMM-03226,Roma,periferia,14.8,3679,appartamento,89,4,2,3,11,si,1971,buono,F,autonomo,sud,1,si,no,box,no,203,12,182000
IMM-03227,Milano,semicentro,3.5,170,villetta,157,6,3,0,2,no,1994,ristrutturato,B,autonomo,sud,0,no,si,posto_auto,no,15,1,823000
IMM-03228,Roma,centro,1.8,159,appartamento,97,3,2,1,4,no,1971,ristrutturato,D,centralizzato,nord,1,no,no,posto_auto,si,212,12,442000
IMM-03229,Roma,semicentro,5.2,625,appartamento,177,6,3,4,4,si,1995,buono,E,autonomo,ovest,2,si,no,box,no,269,8,550000
IMM-03230,Palermo,semicentro,2.7,916,appartamento,71,2,2,5,8,si,2004,da_ristrutturare,D,centralizzato,est,0,no,no,posto_auto,no,187,6,85000
IMM-03231,Bologna,periferia,9.9,1366,appartamento,122,4,3,8,8,si,1956,buono,F,centralizzato,est,1,no,si,posto_auto,si,231,7,248000
IMM-03232,Milano,semicentro,5.6,558,attico,147,4,3,4,4,si,2008,buono,B,centralizzato,nord,1,si,no,box,si,309,12,821000
IMM-03233,Firenze,centro,2.0,173,appartamento,117,5,2,0,5,si,1934,buono,F,centralizzato,sud,0,no,no,posto_auto,no,257,9,567000
IMM-03234,Napoli,semicentro,5.7,318,appartamento,159,6,3,0,5,si,1996,ristrutturato,D,centralizzato,doppia,1,no,no,nessuno,no,276,12,314000
IMM-03235,Torino,semicentro,4.1,288,appartamento,78,3,2,7,8,si,2000,buono,D,autonomo,doppia,1,no,no,box,si,157,3,163000
IMM-03236,Padova,centro,1.1,310,appartamento,63,2,1,3,6,no,1930,buono,G,autonomo,doppia,0,si,no,nessuno,no,112,1,196000
IMM-03237,Palermo,centro,1.7,191,appartamento,76,3,2,3,3,no,1960,ristrutturato,E,autonomo,ovest,2,no,si,nessuno,si,178,12,176000
IMM-03238,Roma,centro,1.4,293,appartamento,147,5,4,0,3,si,1952,buono,F,autonomo,est,1,no,no,box,no,251,5,617000
IMM-03239,Torino,centro,1.3,469,appartamento,53,2,1,0,4,si,1907,buono,F,centralizzato,est,2,no,si,nessuno,si,184,12,147000
IMM-03240,Firenze,semicentro,4.4,547,appartamento,90,4,2,3,7,si,1905,buono,F,autonomo,nord,0,no,no,box,no,201,2,282000
IMM-03241,Padova,centro,0.5,182,appartamento,96,4,2,0,3,no,2024,buono,A,autonomo,ovest,2,no,no,nessuno,no,176,8,400000
IMM-03242,Genova,periferia,13.4,1314,appartamento,36,1,1,3,5,si,1947,ristrutturato,C,centralizzato,nord,0,no,no,nessuno,si,212,9,31000
IMM-03243,Napoli,periferia,6.3,248,appartamento,114,2,2,2,2,no,2012,ristrutturato,A,autonomo,sud,1,no,no,nessuno,no,202,10,193000
IMM-03244,Roma,periferia,7.8,1455,appartamento,64,2,1,0,2,no,1977,buono,E,centralizzato,ovest,1,no,no,posto_auto,no,149,6,107000
IMM-03245,Roma,semicentro,5.7,1819,appartamento,96,4,2,1,5,si,1991,ristrutturato,C,centralizzato,sud,1,no,no,box,no,208,1,302000
IMM-03246,Roma,periferia,8.4,1605,villetta,130,5,2,0,2,no,1920,buono,F,autonomo,doppia,1,no,si,box,si,20,1,282000
IMM-03247,Roma,semicentro,2.3,339,appartamento,82,2,2,2,4,si,1962,ristrutturato,D,centralizzato,sud,1,no,no,nessuno,no,222,1,226000
IMM-03248,Genova,centro,0.7,234,appartamento,96,3,2,4,7,si,1902,buono,G,centralizzato,doppia,1,no,no,nessuno,si,273,4,233000
IMM-03249,Firenze,periferia,8.9,241,villetta,204,7,2,0,2,no,1988,ristrutturato,D,autonomo,nord,1,no,si,box,si,0,1,516000
IMM-03250,Bari,semicentro,3.7,457,appartamento,75,4,2,1,5,si,2015,buono,D,autonomo,sud,1,no,no,nessuno,no,170,1,139000
IMM-03251,Napoli,centro,0.2,231,appartamento,48,3,1,0,6,no,1920,buono,G,centralizzato,ovest,2,no,si,nessuno,no,73,4,210000
IMM-03252,Roma,semicentro,4.8,292,appartamento,57,1,1,2,5,si,1967,ristrutturato,F,autonomo,sud,0,no,no,box,si,88,7,203000
IMM-03253,Milano,semicentro,4.4,521,appartamento,76,3,2,0,6,si,1954,ristrutturato,E,autonomo,nord,1,no,no,box,si,155,2,387000
IMM-03254,Milano,centro,0.3,99,appartamento,51,2,1,6,6,no,1918,buono,F,autonomo,ovest,1,no,no,nessuno,si,139,8,315000
IMM-03255,Milano,semicentro,5.6,437,appartamento,114,4,2,6,6,no,1959,buono,G,centralizzato,sud,1,no,no,nessuno,si,170,4,302000
IMM-03256,Bologna,semicentro,5.6,654,attico,198,7,3,8,8,no,1944,ristrutturato,D,centralizzato,ovest,0,si,no,nessuno,no,280,11,502000
IMM-03257,Milano,periferia,11.1,1792,appartamento,67,3,1,7,8,si,2024,nuovo,A,autonomo,nord,0,no,no,box,si,139,12,316000
IMM-03258,Roma,semicentro,2.8,313,appartamento,57,2,1,9,9,si,1959,buono,F,autonomo,nord,0,no,no,nessuno,si,154,8,158000
IMM-03259,Napoli,periferia,13.2,3144,appartamento,57,2,1,2,2,no,1969,da_ristrutturare,F,centralizzato,sud,1,no,no,box,no,123,2,78000
IMM-03260,Napoli,periferia,8.8,2749,villetta,169,6,3,0,3,no,2006,buono,C,autonomo,sud,0,no,si,box,si,36,1,285000
IMM-03261,Roma,periferia,13.9,557,appartamento,92,3,2,7,11,no,1943,ristrutturato,E,centralizzato,est,1,no,no,posto_auto,si,161,9,142000
IMM-03262,Bari,semicentro,5.0,784,attico,116,3,2,7,7,no,1974,da_ristrutturare,E,centralizzato,ovest,3,si,no,nessuno,no,204,1,125000
IMM-03263,Torino,semicentro,3.6,957,appartamento,60,1,1,7,9,si,1956,da_ristrutturare,G,centralizzato,nord,1,no,no,box,si,182,1,101000
IMM-03264,Torino,centro,0.7,433,attico,102,3,2,6,6,si,1991,buono,D,autonomo,nord,1,no,no,nessuno,no,195,5,356000
IMM-03265,Napoli,centro,1.8,372,appartamento,74,3,2,0,3,no,1946,ristrutturato,E,autonomo,doppia,3,no,no,posto_auto,si,112,11,281000
IMM-03266,Firenze,periferia,14.4,3305,appartamento,52,1,1,3,8,si,1948,da_ristrutturare,E,autonomo,est,2,no,no,box,no,148,12,95000
IMM-03267,Milano,periferia,7.2,2219,appartamento,73,3,2,1,9,si,1990,buono,D,autonomo,sud,1,no,no,nessuno,no,127,8,200000
IMM-03268,Bologna,semicentro,4.9,656,appartamento,58,2,1,4,8,si,1980,da_ristrutturare,F,centralizzato,doppia,3,no,no,box,no,217,3,153000
IMM-03269,Roma,periferia,8.0,138,attico,117,3,2,2,2,no,2005,ristrutturato,A,autonomo,sud,1,si,no,posto_auto,si,195,8,368000
IMM-03270,Roma,semicentro,2.4,1067,appartamento,69,3,1,3,7,si,1964,ristrutturato,E,centralizzato,sud,2,no,no,nessuno,si,179,2,177000
IMM-03271,Milano,periferia,9.9,1053,appartamento,56,2,1,1,3,si,1969,ristrutturato,F,autonomo,est,1,no,no,box,si,117,7,198000
IMM-03272,Bari,centro,1.1,384,appartamento,61,3,1,5,7,no,1953,da_ristrutturare,G,autonomo,est,1,no,no,nessuno,no,125,7,86000
IMM-03273,Padova,semicentro,4.7,822,appartamento,80,2,2,3,8,si,2011,da_ristrutturare,C,autonomo,ovest,2,no,no,posto_auto,si,173,12,153000
IMM-03274,Roma,centro,0.9,405,appartamento,51,3,1,3,4,si,1938,ristrutturato,F,centralizzato,doppia,1,no,no,nessuno,no,149,9,311000
IMM-03275,Torino,centro,1.0,526,appartamento,51,2,1,2,5,si,1962,buono,G,centralizzato,est,2,no,no,nessuno,si,131,4,112000
IMM-03276,Padova,centro,0.7,158,appartamento,69,4,1,1,3,no,1927,ristrutturato,E,autonomo,est,0,no,no,nessuno,si,130,7,274000
IMM-03277,Bologna,centro,1.3,183,appartamento,67,2,1,3,4,si,1992,buono,D,autonomo,est,1,si,no,nessuno,si,171,10,411000
IMM-03278,Torino,periferia,13.3,5000,appartamento,63,3,1,3,4,si,1946,ristrutturato,E,centralizzato,est,1,no,no,box,si,199,9,71000
IMM-03279,Milano,semicentro,3.9,1104,appartamento,128,5,2,3,6,si,1976,ristrutturato,C,centralizzato,sud,1,no,no,box,no,229,3,661000
IMM-03280,Bologna,centro,0.2,177,appartamento,58,3,1,2,4,si,1988,buono,D,centralizzato,est,2,no,no,posto_auto,no,164,1,324000
IMM-03281,Milano,semicentro,3.3,209,appartamento,91,4,2,0,5,no,1959,da_ristrutturare,F,autonomo,doppia,0,si,no,posto_auto,no,116,4,310000
IMM-03282,Genova,periferia,10.0,2303,villetta,133,5,2,0,3,no,1966,da_ristrutturare,F,autonomo,est,0,si,si,box,si,17,3,106000
IMM-03283,Roma,periferia,14.3,1426,appartamento,130,5,2,2,5,no,1962,buono,F,autonomo,doppia,1,no,no,nessuno,si,187,3,159000
IMM-03284,Firenze,semicentro,4.4,1009,appartamento,88,3,2,4,8,si,1963,buono,F,centralizzato,doppia,1,si,no,nessuno,si,197,6,372000
IMM-03285,Roma,semicentro,2.0,619,appartamento,83,4,2,5,7,no,1961,buono,E,centralizzato,nord,2,no,no,posto_auto,si,175,10,198000
IMM-03286,Milano,periferia,12.4,1978,appartamento,139,4,2,3,7,si,1986,buono,E,centralizzato,est,0,no,no,posto_auto,no,245,1,330000
IMM-03287,Milano,semicentro,3.3,260,appartamento,44,1,1,0,7,si,1990,buono,E,autonomo,doppia,0,si,si,box,si,109,12,239000
IMM-03288,Roma,semicentro,2.0,1187,appartamento,89,4,2,2,3,no,1974,da_ristrutturare,G,autonomo,doppia,1,no,no,box,no,120,7,215000
IMM-03289,Napoli,semicentro,5.6,647,appartamento,81,2,2,7,7,si,2010,da_ristrutturare,B,autonomo,sud,1,no,no,nessuno,no,190,6,168000
IMM-03290,Torino,periferia,6.8,499,villetta,119,5,2,0,2,no,1999,buono,D,autonomo,doppia,0,si,si,box,no,13,9,177000
IMM-03291,Padova,periferia,11.9,387,appartamento,51,2,1,0,8,si,2004,buono,D,centralizzato,nord,1,no,no,box,si,164,8,92000
IMM-03292,Roma,periferia,6.6,889,appartamento,100,3,2,0,5,si,2000,buono,B,autonomo,nord,3,no,si,posto_auto,no,216,9,233000
IMM-03293,Roma,periferia,10.6,2971,appartamento,44,1,1,3,8,si,1983,ristrutturato,C,autonomo,sud,1,no,no,box,no,154,10,125000
IMM-03294,Bologna,periferia,10.8,2061,appartamento,93,2,2,2,2,si,1956,ristrutturato,E,centralizzato,est,0,no,no,nessuno,si,179,8,162000
IMM-03295,Bari,semicentro,2.4,510,appartamento,53,2,1,2,5,si,1990,buono,F,autonomo,est,1,no,no,nessuno,no,148,7,98000
IMM-03296,Milano,semicentro,6.0,853,appartamento,86,2,2,0,7,si,2021,nuovo,A,centralizzato,est,1,no,si,box,no,189,2,575000
IMM-03297,Milano,periferia,12.5,649,appartamento,104,4,3,0,9,si,2019,nuovo,A,autonomo,sud,2,no,no,nessuno,no,180,3,352000
IMM-03298,Bari,periferia,8.6,474,attico,120,4,2,7,7,si,1906,da_ristrutturare,E,autonomo,doppia,1,si,no,box,si,208,7,162000
IMM-03299,Firenze,semicentro,4.0,667,appartamento,110,4,2,1,5,no,1908,buono,G,centralizzato,ovest,1,no,no,box,no,188,7,383000
IMM-03300,Roma,semicentro,3.1,844,appartamento,110,4,2,4,6,si,2023,nuovo,A,autonomo,ovest,2,no,no,posto_auto,no,184,9,469000
IMM-03301,Bari,semicentro,3.6,713,appartamento,220,8,3,0,4,no,1957,ristrutturato,E,centralizzato,ovest,1,no,no,nessuno,no,336,8,237000
IMM-03302,Bologna,semicentro,5.1,191,appartamento,96,3,2,0,7,no,1918,da_ristrutturare,F,autonomo,doppia,1,no,no,nessuno,si,191,10,226000
IMM-03303,Bologna,semicentro,4.8,578,appartamento,61,2,1,6,9,si,1912,ristrutturato,E,centralizzato,est,0,no,no,nessuno,si,134,7,244000
IMM-03304,Firenze,periferia,13.7,463,villetta,166,5,3,0,2,no,1997,da_ristrutturare,E,autonomo,ovest,2,no,si,box,si,0,7,320000
IMM-03305,Firenze,semicentro,3.0,582,appartamento,57,3,1,4,6,si,2008,buono,B,centralizzato,sud,1,no,no,nessuno,no,178,6,273000
IMM-03306,Roma,periferia,6.4,1140,appartamento,70,2,2,7,11,si,1995,ristrutturato,D,autonomo,doppia,1,no,no,box,no,122,5,209000
IMM-03307,Roma,semicentro,4.8,1198,appartamento,121,3,2,0,3,si,1967,buono,E,autonomo,nord,3,no,no,posto_auto,si,167,7,264000
IMM-03308,Milano,semicentro,5.3,430,appartamento,114,3,2,2,7,si,1979,buono,E,autonomo,est,1,no,no,nessuno,no,196,6,483000
IMM-03309,Roma,periferia,11.7,1036,appartamento,75,3,2,3,6,si,1968,buono,E,centralizzato,est,2,no,no,box,si,172,4,166000
IMM-03310,Bari,semicentro,5.0,744,appartamento,86,3,2,1,8,si,1980,buono,C,centralizzato,sud,1,no,no,nessuno,si,174,6,165000
IMM-03311,Roma,semicentro,4.3,621,appartamento,122,4,2,4,6,si,2011,da_ristrutturare,C,autonomo,ovest,2,no,no,nessuno,si,170,2,325000
IMM-03312,Torino,periferia,8.9,1171,villetta,179,6,3,0,2,no,2020,buono,A,autonomo,sud,1,no,si,box,si,26,11,310000
IMM-03313,Roma,periferia,9.3,459,attico,140,6,2,3,3,no,1998,buono,D,autonomo,doppia,3,si,no,box,no,184,9,344000
IMM-03314,Milano,periferia,14.5,2876,appartamento,95,3,2,5,7,si,1999,ristrutturato,E,autonomo,sud,3,no,no,box,si,187,1,288000
IMM-03315,Bologna,periferia,8.0,355,villetta,119,5,2,0,3,no,2015,da_ristrutturare,D,autonomo,doppia,0,no,si,box,no,19,11,222000
IMM-03316,Milano,semicentro,4.5,140,appartamento,73,2,2,7,8,si,2016,nuovo,A,autonomo,est,2,no,no,nessuno,no,186,10,632000
IMM-03317,Genova,periferia,8.0,1436,appartamento,76,2,2,1,2,no,1979,buono,E,autonomo,est,3,no,no,nessuno,si,156,11,77000
IMM-03318,Milano,centro,1.0,207,appartamento,68,2,1,0,6,si,1922,da_ristrutturare,E,centralizzato,sud,1,no,no,posto_auto,si,161,8,381000
IMM-03319,Torino,semicentro,5.3,827,appartamento,220,7,3,2,3,no,1989,buono,E,autonomo,ovest,1,no,no,nessuno,no,243,4,353000
IMM-03320,Firenze,periferia,8.6,289,appartamento,76,2,2,1,5,si,1983,buono,E,centralizzato,est,1,no,no,nessuno,no,163,11,164000
IMM-03321,Torino,semicentro,4.0,305,attico,183,6,3,4,4,si,1982,buono,E,centralizzato,nord,0,si,no,nessuno,si,288,1,369000
IMM-03322,Genova,semicentro,2.5,261,appartamento,73,2,2,0,5,si,1999,buono,F,autonomo,sud,2,no,si,box,no,146,3,140000
IMM-03323,Firenze,periferia,7.0,537,villetta,202,7,3,0,2,no,1996,ristrutturato,C,autonomo,doppia,0,no,si,box,si,13,8,580000
IMM-03324,Roma,semicentro,4.1,506,appartamento,41,1,1,5,7,si,1961,ristrutturato,E,autonomo,doppia,3,no,no,nessuno,si,128,6,172000
IMM-03325,Torino,periferia,11.8,1053,appartamento,116,4,1,3,4,si,2002,buono,A,autonomo,nord,2,no,no,posto_auto,no,186,10,155000
IMM-03326,Roma,semicentro,3.3,646,appartamento,50,1,1,3,4,no,1942,buono,G,autonomo,ovest,0,no,no,nessuno,si,91,4,160000
IMM-03327,Palermo,periferia,12.3,725,appartamento,125,6,2,1,11,no,1960,buono,G,autonomo,nord,1,no,no,box,no,188,8,85000
IMM-03328,Firenze,semicentro,4.2,421,appartamento,60,2,1,1,5,si,1974,ristrutturato,E,autonomo,doppia,1,no,no,nessuno,si,94,3,254000
IMM-03329,Roma,centro,1.4,234,attico,126,4,2,5,5,no,1968,buono,G,autonomo,doppia,1,si,no,nessuno,si,201,2,502000
IMM-03330,Napoli,semicentro,3.4,893,appartamento,59,2,1,4,4,si,1929,ristrutturato,F,autonomo,ovest,1,no,no,posto_auto,si,139,8,178000
IMM-03331,Bari,centro,1.1,331,appartamento,141,4,3,4,6,si,2006,buono,D,autonomo,est,3,no,no,nessuno,si,243,3,447000
IMM-03332,Roma,semicentro,2.8,246,appartamento,97,4,2,2,4,si,2000,buono,C,autonomo,doppia,1,no,no,box,no,205,1,333000
IMM-03333,Roma,semicentro,2.8,1387,appartamento,85,4,2,6,9,no,1946,ristrutturato,E,centralizzato,est,0,no,no,box,no,168,10,224000
IMM-03334,Roma,periferia,14.9,285,appartamento,53,1,1,1,8,no,1967,ristrutturato,E,centralizzato,doppia,0,no,no,box,si,111,9,134000
IMM-03335,Firenze,semicentro,2.3,1261,appartamento,75,4,2,2,3,no,1955,buono,G,centralizzato,sud,2,no,no,nessuno,si,184,3,237000
IMM-03336,Palermo,centro,0.9,241,appartamento,61,3,1,0,7,si,2011,buono,B,autonomo,est,2,no,si,nessuno,no,198,5,147000
IMM-03337,Milano,semicentro,5.1,190,appartamento,154,7,3,3,7,si,1951,buono,F,autonomo,nord,0,no,no,posto_auto,si,236,4,645000
IMM-03338,Roma,semicentro,5.6,699,appartamento,79,3,2,1,9,si,2019,nuovo,A,autonomo,ovest,1,no,no,posto_auto,si,146,7,303000
IMM-03339,Bari,semicentro,3.3,1168,appartamento,78,3,2,1,7,si,1998,da_ristrutturare,E,autonomo,ovest,1,no,no,posto_auto,si,160,8,122000
IMM-03340,Roma,centro,0.8,119,appartamento,98,4,2,2,4,si,1945,ristrutturato,E,centralizzato,doppia,1,no,no,nessuno,si,220,12,541000
IMM-03341,Padova,semicentro,5.4,241,appartamento,71,2,1,0,3,si,1951,ristrutturato,D,autonomo,est,2,no,no,posto_auto,si,172,2,175000
IMM-03342,Roma,periferia,7.6,351,appartamento,220,7,3,8,9,si,2015,da_ristrutturare,D,autonomo,ovest,2,no,no,box,no,370,3,368000
IMM-03343,Bari,periferia,14.3,1231,appartamento,66,4,1,4,4,si,1988,buono,F,autonomo,est,2,si,no,nessuno,si,138,12,80000
IMM-03344,Bologna,semicentro,5.9,312,appartamento,104,3,2,9,9,si,1994,ristrutturato,D,centralizzato,nord,1,no,no,nessuno,no,172,3,359000
IMM-03345,Firenze,semicentro,3.5,333,appartamento,122,5,2,5,9,si,1985,buono,F,autonomo,sud,2,no,no,nessuno,no,222,11,320000
IMM-03346,Napoli,semicentro,3.1,135,villetta,106,3,2,0,2,no,1998,da_ristrutturare,E,autonomo,nord,2,no,si,box,no,22,11,220000
IMM-03347,Milano,periferia,13.3,2015,appartamento,77,2,2,7,7,si,2024,nuovo,A,autonomo,sud,1,no,no,box,no,172,10,350000
IMM-03348,Padova,semicentro,2.5,416,appartamento,129,5,2,8,9,si,2023,nuovo,A,autonomo,sud,2,no,no,nessuno,no,207,6,395000
IMM-03349,Roma,centro,1.9,532,appartamento,62,2,2,1,3,no,1942,da_ristrutturare,G,autonomo,nord,1,no,no,nessuno,si,118,12,213000
IMM-03350,Napoli,centro,0.5,500,appartamento,50,2,1,4,4,si,1958,buono,G,autonomo,est,0,no,no,nessuno,si,158,4,155000
IMM-03351,Milano,semicentro,4.8,1202,appartamento,57,2,1,3,8,si,1977,ristrutturato,E,centralizzato,sud,2,no,no,box,si,159,2,377000
IMM-03352,Genova,periferia,10.5,2209,appartamento,72,3,2,2,5,si,1974,da_ristrutturare,G,centralizzato,sud,2,no,no,box,si,154,8,67000
IMM-03353,Padova,centro,0.2,292,appartamento,77,2,2,1,3,no,1930,buono,G,autonomo,doppia,0,no,no,posto_auto,no,117,7,236000
IMM-03354,Milano,periferia,12.5,691,villetta,188,6,4,0,2,no,1954,buono,F,autonomo,nord,0,no,si,box,no,20,11,534000
IMM-03355,Padova,centro,2.0,222,appartamento,63,2,1,0,3,no,1968,buono,E,autonomo,nord,1,no,no,nessuno,no,111,7,165000
IMM-03356,Milano,periferia,9.0,1498,appartamento,98,3,2,3,3,no,1981,ristrutturato,D,autonomo,sud,2,no,no,box,no,145,9,396000
IMM-03357,Milano,periferia,6.7,665,appartamento,60,2,1,2,2,no,2012,ristrutturato,A,autonomo,sud,1,no,no,box,si,108,7,266000
IMM-03358,Milano,periferia,11.6,1782,appartamento,75,3,3,0,6,si,2007,buono,C,autonomo,nord,0,no,no,box,no,134,1,237000
IMM-03359,Bari,periferia,7.9,1741,villetta,139,6,2,0,2,no,1914,da_ristrutturare,E,autonomo,est,0,no,si,box,si,7,3,159000
IMM-03360,Bologna,periferia,8.6,581,appartamento,76,3,1,2,9,si,1988,buono,D,centralizzato,est,1,no,no,nessuno,no,208,10,157000
IMM-03361,Milano,centro,1.8,289,appartamento,120,3,2,7,7,no,1949,buono,F,autonomo,est,0,no,no,nessuno,no,186,2,615000
IMM-03362,Napoli,periferia,12.9,2193,villetta,90,3,2,0,2,no,1907,buono,G,autonomo,ovest,1,no,si,nessuno,si,9,12,132000
IMM-03363,Bari,centro,1.2,330,appartamento,58,2,1,2,6,si,1962,buono,G,centralizzato,sud,2,si,no,nessuno,no,188,3,163000
IMM-03364,Padova,periferia,9.4,610,appartamento,90,4,2,4,10,si,1976,ristrutturato,C,autonomo,doppia,1,no,no,nessuno,si,171,10,148000
IMM-03365,Bologna,semicentro,3.1,1197,appartamento,94,5,2,0,4,no,2002,buono,B,autonomo,sud,1,no,si,nessuno,si,131,5,341000
IMM-03366,Roma,semicentro,2.2,486,appartamento,59,2,1,1,4,si,2002,ristrutturato,B,centralizzato,ovest,2,no,no,nessuno,si,170,4,192000
IMM-03367,Napoli,semicentro,4.0,860,appartamento,112,4,2,3,8,si,1975,ristrutturato,E,centralizzato,ovest,2,no,no,posto_auto,si,227,3,340000
IMM-03368,Genova,periferia,8.3,991,appartamento,59,2,1,5,8,no,1975,buono,F,autonomo,sud,2,no,no,box,si,89,4,69000
IMM-03369,Roma,semicentro,2.3,2621,appartamento,69,2,1,8,9,si,1966,buono,G,centralizzato,sud,1,no,no,box,no,132,10,202000
IMM-03370,Roma,periferia,12.1,348,appartamento,56,2,2,2,3,no,1993,buono,D,autonomo,doppia,0,no,no,box,si,88,2,137000
IMM-03371,Milano,semicentro,5.9,353,appartamento,135,5,2,8,8,si,1983,buono,E,centralizzato,est,1,si,no,nessuno,no,219,2,562000
IMM-03372,Milano,semicentro,2.2,714,appartamento,42,1,1,2,3,no,2020,buono,B,autonomo,ovest,1,no,no,nessuno,si,91,3,235000
IMM-03373,Torino,semicentro,4.7,1530,appartamento,41,2,1,0,6,si,1983,buono,E,centralizzato,doppia,3,si,si,nessuno,no,136,2,80000
IMM-03374,Milano,semicentro,5.9,456,attico,92,3,2,8,8,no,1967,buono,E,centralizzato,sud,2,no,no,box,si,138,12,315000
IMM-03375,Milano,semicentro,4.0,1896,appartamento,98,2,2,4,4,si,1914,ristrutturato,E,autonomo,est,0,no,no,posto_auto,no,177,3,488000
IMM-03376,Bologna,semicentro,3.7,322,appartamento,63,2,1,2,3,si,2004,buono,C,autonomo,est,1,no,no,box,si,109,1,240000
IMM-03377,Genova,periferia,9.4,908,appartamento,111,4,2,4,9,no,2010,da_ristrutturare,D,centralizzato,sud,1,no,no,posto_auto,si,172,5,93000
IMM-03378,Bologna,periferia,8.0,2012,appartamento,73,1,2,1,3,no,1964,da_ristrutturare,D,autonomo,sud,2,no,no,posto_auto,no,81,9,103000
IMM-03379,Roma,centro,1.4,616,appartamento,70,3,1,2,7,si,1988,buono,D,centralizzato,nord,2,no,no,nessuno,si,207,11,340000
IMM-03380,Genova,semicentro,3.5,1512,appartamento,98,3,2,0,4,si,1952,da_ristrutturare,G,centralizzato,doppia,1,si,no,nessuno,si,177,12,102000
IMM-03381,Bari,semicentro,3.6,3792,appartamento,85,3,2,2,8,si,1968,da_ristrutturare,G,centralizzato,doppia,2,no,no,nessuno,si,170,10,98000
IMM-03382,Napoli,centro,0.7,317,appartamento,130,4,2,4,5,no,1947,ristrutturato,E,centralizzato,sud,1,no,no,nessuno,si,182,12,370000
IMM-03383,Milano,semicentro,4.5,784,attico,126,4,2,8,8,no,1962,ristrutturato,E,autonomo,nord,1,si,no,box,no,185,5,605000
IMM-03384,Torino,centro,1.1,518,appartamento,58,2,1,3,3,no,2011,da_ristrutturare,B,centralizzato,doppia,1,si,no,nessuno,no,122,2,148000
IMM-03385,Milano,periferia,10.6,1888,appartamento,68,2,1,1,4,si,1987,buono,E,autonomo,sud,1,no,no,box,no,115,12,225000
IMM-03386,Roma,centro,1.4,218,appartamento,132,6,2,2,7,si,1949,buono,D,autonomo,doppia,1,no,no,posto_auto,no,185,3,655000
IMM-03387,Bologna,centro,1.3,344,appartamento,59,2,1,0,4,si,1986,da_ristrutturare,F,centralizzato,est,1,no,no,nessuno,no,200,1,170000
IMM-03388,Torino,semicentro,3.5,366,appartamento,51,3,1,2,6,si,1991,ristrutturato,D,centralizzato,sud,2,no,no,nessuno,no,202,12,114000
IMM-03389,Palermo,semicentro,5.9,262,appartamento,64,2,1,3,7,no,1967,da_ristrutturare,G,centralizzato,doppia,1,no,no,box,si,107,7,65000
IMM-03390,Milano,periferia,11.7,2024,appartamento,107,3,2,3,6,no,1948,buono,F,centralizzato,doppia,2,no,no,posto_auto,no,202,4,273000
IMM-03391,Bari,centro,1.5,490,appartamento,89,3,2,2,5,no,1972,ristrutturato,C,autonomo,ovest,2,si,no,nessuno,no,169,3,305000
IMM-03392,Napoli,periferia,15.0,1248,villetta,170,6,3,0,3,no,2021,nuovo,A,autonomo,ovest,0,si,si,posto_auto,si,9,5,377000
IMM-03393,Torino,semicentro,6.0,2091,appartamento,79,3,1,2,5,si,1948,buono,E,autonomo,sud,2,no,no,posto_auto,si,151,7,127000
IMM-03394,Milano,semicentro,2.7,467,appartamento,91,3,2,2,4,si,1944,buono,F,centralizzato,doppia,1,no,no,box,si,188,12,454000
IMM-03395,Torino,centro,1.0,458,appartamento,73,2,2,6,7,si,1961,ristrutturato,E,centralizzato,doppia,2,no,no,nessuno,no,197,10,194000
IMM-03396,Firenze,semicentro,3.2,429,appartamento,48,2,1,1,8,si,1964,buono,E,centralizzato,sud,2,no,no,nessuno,si,182,11,175000
IMM-03397,Roma,periferia,7.8,997,appartamento,78,3,2,9,11,si,1928,ristrutturato,C,centralizzato,est,0,no,no,box,si,187,6,229000
IMM-03398,Torino,semicentro,3.1,550,appartamento,91,4,2,6,8,si,2003,da_ristrutturare,B,autonomo,est,2,si,no,nessuno,no,192,12,158000
IMM-03399,Napoli,semicentro,5.0,616,appartamento,159,6,3,4,8,si,1951,buono,F,centralizzato,ovest,1,si,no,box,no,295,4,404000
IMM-03400,Napoli,periferia,13.0,1524,appartamento,75,3,2,1,10,si,1986,ristrutturato,C,centralizzato,doppia,2,no,no,posto_auto,no,213,3,119000
IMM-03401,Milano,centro,1.5,205,appartamento,69,3,1,1,5,no,1918,da_ristrutturare,G,centralizzato,ovest,2,no,no,nessuno,si,198,8,346000
IMM-03402,Bologna,centro,0.3,127,appartamento,63,2,1,1,4,no,1924,buono,G,centralizzato,sud,1,no,no,nessuno,no,169,3,308000
IMM-03403,Genova,centro,0.8,735,appartamento,59,3,1,2,3,no,1947,ristrutturato,D,autonomo,doppia,1,no,no,nessuno,si,123,2,193000
IMM-03404,Bologna,periferia,14.4,4094,appartamento,137,5,2,2,8,si,1985,da_ristrutturare,E,centralizzato,doppia,0,no,no,box,no,212,9,194000
IMM-03405,Milano,semicentro,5.3,2278,appartamento,74,2,2,3,3,no,1922,ristrutturato,E,autonomo,nord,2,no,no,box,si,152,2,326000
IMM-03406,Roma,periferia,10.1,2072,villetta,118,5,2,0,2,no,1977,da_ristrutturare,E,autonomo,nord,1,no,si,posto_auto,no,23,6,175000
IMM-03407,Bologna,centro,0.9,778,appartamento,153,6,3,2,3,no,1965,buono,F,centralizzato,nord,1,no,no,posto_auto,no,249,4,477000
IMM-03408,Torino,semicentro,3.0,1780,appartamento,44,1,1,1,3,no,1976,buono,E,autonomo,est,3,no,no,nessuno,si,94,4,90000
IMM-03409,Napoli,periferia,8.7,1097,appartamento,81,4,2,0,5,si,2004,buono,D,autonomo,nord,3,no,no,box,si,150,9,168000
IMM-03410,Torino,periferia,10.2,766,appartamento,140,5,2,1,5,si,1951,ristrutturato,D,autonomo,ovest,1,no,no,nessuno,si,250,8,161000
IMM-03411,Bari,periferia,8.0,300,appartamento,72,2,2,1,8,si,1913,ristrutturato,E,autonomo,sud,1,no,no,box,no,170,11,124000
IMM-03412,Bari,periferia,7.7,2673,appartamento,96,3,2,3,4,no,1963,ristrutturato,E,centralizzato,nord,0,no,no,box,si,147,5,106000
IMM-03413,Roma,periferia,13.0,5000,appartamento,97,3,2,4,4,si,1978,buono,E,autonomo,nord,1,no,no,nessuno,si,212,2,127000
IMM-03414,Roma,centro,1.4,301,appartamento,110,3,2,0,3,si,1955,ristrutturato,E,autonomo,ovest,3,no,no,nessuno,si,220,1,534000
IMM-03415,Firenze,periferia,9.5,1213,appartamento,112,3,2,3,4,si,2019,buono,A,autonomo,ovest,0,no,no,posto_auto,no,134,10,328000
IMM-03416,Palermo,centro,1.1,761,appartamento,85,3,2,2,6,si,2001,ristrutturato,A,centralizzato,nord,2,no,no,nessuno,no,186,7,200000
IMM-03417,Genova,centro,1.7,246,appartamento,70,3,1,0,3,no,1952,da_ristrutturare,F,autonomo,ovest,1,no,no,posto_auto,si,141,12,100000
IMM-03418,Padova,semicentro,3.1,2423,appartamento,67,2,1,3,3,si,1945,ristrutturato,F,autonomo,nord,0,no,no,nessuno,no,142,11,136000
IMM-03419,Torino,semicentro,3.1,1206,villetta,198,7,2,0,2,no,1967,da_ristrutturare,F,autonomo,ovest,1,no,si,box,no,21,9,270000
IMM-03420,Milano,centro,0.4,231,appartamento,40,3,1,1,4,si,1906,ristrutturato,G,centralizzato,est,0,no,no,nessuno,si,184,8,329000
IMM-03421,Padova,periferia,11.2,1461,appartamento,86,4,2,5,5,no,2021,nuovo,B,centralizzato,nord,1,no,no,box,no,200,7,146000
IMM-03422,Bologna,periferia,8.1,433,appartamento,60,2,1,0,9,si,2021,nuovo,A,autonomo,doppia,1,si,si,box,si,131,11,235000
IMM-03423,Roma,periferia,7.6,1002,appartamento,84,4,2,4,6,si,1938,buono,G,centralizzato,nord,0,no,no,box,si,178,12,156000
IMM-03424,Milano,semicentro,2.3,124,appartamento,52,2,1,0,3,no,1982,da_ristrutturare,D,autonomo,ovest,1,no,no,nessuno,no,117,9,210000
IMM-03425,Milano,semicentro,5.9,709,appartamento,137,4,1,6,9,si,1997,da_ristrutturare,D,autonomo,est,1,no,no,posto_auto,si,228,4,456000
IMM-03426,Torino,periferia,8.9,4026,appartamento,62,3,1,3,7,si,1997,buono,E,autonomo,sud,1,no,no,posto_auto,no,147,11,64000
IMM-03427,Palermo,periferia,14.4,1317,appartamento,110,4,2,0,2,si,2008,ristrutturato,C,autonomo,sud,1,no,si,nessuno,si,217,8,119000
IMM-03428,Roma,centro,1.2,297,appartamento,66,1,1,0,6,si,1974,da_ristrutturare,F,autonomo,doppia,2,no,no,nessuno,si,132,9,261000
IMM-03429,Bari,centro,1.2,373,appartamento,113,4,2,5,7,no,1941,buono,G,centralizzato,nord,2,no,no,nessuno,si,222,9,217000
IMM-03430,Milano,semicentro,2.7,288,appartamento,43,1,1,5,6,no,1968,ristrutturato,D,autonomo,sud,0,no,no,nessuno,si,81,11,217000
IMM-03431,Napoli,periferia,7.2,2315,appartamento,66,3,1,1,4,no,1993,ristrutturato,D,autonomo,est,1,no,no,box,no,86,4,148000
IMM-03432,Napoli,periferia,13.0,351,appartamento,75,2,2,6,7,si,1969,buono,E,centralizzato,sud,1,no,no,posto_auto,no,166,7,106000
IMM-03433,Roma,periferia,7.7,1462,villetta,133,4,2,0,2,no,1982,ristrutturato,B,autonomo,est,1,si,si,box,si,23,11,383000
IMM-03434,Milano,centro,1.4,208,appartamento,73,2,3,2,5,no,1925,buono,G,autonomo,ovest,1,no,no,nessuno,si,159,6,448000
IMM-03435,Napoli,semicentro,5.9,569,appartamento,106,5,2,7,9,si,2015,buono,C,centralizzato,doppia,2,no,no,box,si,194,7,363000
IMM-03436,Milano,periferia,10.2,1103,appartamento,70,3,1,9,10,si,2007,da_ristrutturare,D,autonomo,doppia,2,no,no,box,si,163,6,254000
IMM-03437,Bologna,semicentro,4.6,491,attico,73,3,2,9,9,no,1954,buono,E,centralizzato,est,1,si,no,posto_auto,no,169,10,177000
IMM-03438,Padova,periferia,9.8,1351,appartamento,115,4,2,7,7,no,2012,da_ristrutturare,D,autonomo,ovest,1,no,no,nessuno,no,200,6,81000
IMM-03439,Torino,periferia,10.4,2557,appartamento,82,3,2,11,11,si,2007,ristrutturato,A,centralizzato,ovest,0,no,no,nessuno,si,216,11,129000
IMM-03440,Firenze,periferia,7.5,2042,appartamento,58,2,1,3,5,si,1956,buono,E,centralizzato,est,1,no,no,posto_auto,si,182,12,135000
IMM-03441,Padova,semicentro,5.0,637,appartamento,71,2,2,1,6,si,1946,da_ristrutturare,E,centralizzato,doppia,0,no,no,box,no,198,3,111000
IMM-03442,Milano,periferia,12.5,2286,villetta,217,7,3,0,3,no,1997,da_ristrutturare,F,autonomo,doppia,1,no,si,box,no,28,8,535000
IMM-03443,Roma,semicentro,3.0,716,appartamento,63,2,1,1,5,si,1953,buono,F,centralizzato,sud,3,no,no,box,no,192,11,219000
IMM-03444,Napoli,periferia,10.2,1509,appartamento,30,1,1,4,11,no,1990,ristrutturato,D,autonomo,sud,1,no,no,box,si,91,1,73000
IMM-03445,Milano,centro,0.6,552,appartamento,63,3,1,2,3,no,1904,buono,G,autonomo,est,2,no,no,nessuno,si,102,7,457000
IMM-03446,Genova,centro,1.2,953,appartamento,73,2,2,0,4,si,1949,buono,D,autonomo,doppia,1,no,no,nessuno,si,201,3,172000
IMM-03447,Milano,semicentro,2.5,227,appartamento,60,3,1,3,6,si,2011,ristrutturato,B,autonomo,sud,1,no,no,nessuno,no,155,2,349000
IMM-03448,Palermo,semicentro,4.3,603,appartamento,105,4,2,1,8,no,2016,nuovo,A,autonomo,nord,3,no,no,posto_auto,si,140,7,187000
IMM-03449,Milano,semicentro,5.3,328,appartamento,70,2,1,4,7,si,2025,buono,A,autonomo,sud,1,no,no,nessuno,si,157,8,418000
IMM-03450,Milano,semicentro,4.1,566,appartamento,72,3,2,5,5,no,1946,da_ristrutturare,F,centralizzato,doppia,2,no,no,nessuno,si,125,6,223000
IMM-03451,Bologna,periferia,9.5,4391,appartamento,49,1,1,4,6,si,2016,nuovo,A,autonomo,est,1,no,no,nessuno,si,146,7,128000
IMM-03452,Padova,centro,1.9,176,appartamento,65,2,2,2,3,no,1904,buono,G,autonomo,nord,0,si,no,nessuno,si,140,5,241000
IMM-03453,Napoli,semicentro,3.2,1206,appartamento,63,1,1,3,7,si,2008,ristrutturato,A,autonomo,doppia,2,no,no,posto_auto,si,138,5,207000
IMM-03454,Milano,centro,0.3,265,appartamento,110,3,2,1,7,no,1946,buono,F,autonomo,est,1,no,no,nessuno,si,153,9,630000
IMM-03455,Torino,periferia,8.3,662,appartamento,144,5,4,1,3,no,1996,da_ristrutturare,F,autonomo,doppia,2,no,no,nessuno,si,217,2,119000
IMM-03456,Firenze,periferia,9.0,3702,appartamento,53,2,1,1,5,si,1980,buono,G,centralizzato,nord,3,no,no,posto_auto,no,161,4,113000
IMM-03457,Firenze,centro,0.6,711,appartamento,111,3,2,0,6,no,1946,buono,F,centralizzato,est,0,no,si,nessuno,no,201,7,491000
IMM-03458,Bari,semicentro,4.2,2369,villetta,207,7,3,0,2,no,1950,ristrutturato,E,autonomo,sud,0,no,si,box,si,11,7,380000
IMM-03459,Torino,periferia,14.7,1228,appartamento,104,3,2,1,4,si,1965,buono,E,centralizzato,sud,2,no,no,posto_auto,si,190,9,112000
IMM-03460,Milano,periferia,6.4,398,appartamento,177,7,3,2,2,no,1989,buono,F,autonomo,est,1,no,no,box,no,233,10,455000
IMM-03461,Roma,semicentro,3.4,583,appartamento,88,3,2,7,8,si,1944,buono,F,centralizzato,doppia,0,no,no,posto_auto,no,194,4,278000
IMM-03462,Milano,centro,1.4,370,appartamento,46,1,1,2,5,no,1931,da_ristrutturare,G,centralizzato,nord,0,si,no,box,si,115,10,286000
IMM-03463,Napoli,periferia,13.8,1345,villetta,132,6,2,0,2,no,1953,buono,G,autonomo,sud,1,si,si,box,si,44,4,179000
IMM-03464,Roma,periferia,12.8,929,attico,80,2,2,3,3,no,1986,buono,E,autonomo,sud,2,si,no,box,si,161,9,188000
IMM-03465,Roma,periferia,8.6,739,appartamento,51,2,1,1,6,si,1972,da_ristrutturare,F,centralizzato,est,1,no,no,posto_auto,no,162,10,81000
IMM-03466,Bari,semicentro,3.6,586,appartamento,62,3,1,2,8,no,1929,buono,G,centralizzato,doppia,1,no,no,box,si,169,7,132000
IMM-03467,Napoli,periferia,12.4,2777,appartamento,123,4,2,0,8,si,1989,ristrutturato,C,centralizzato,ovest,1,no,si,box,no,190,1,218000
IMM-03468,Genova,periferia,8.2,2313,appartamento,65,2,1,5,11,si,1993,buono,D,autonomo,nord,2,no,no,nessuno,si,170,2,69000
IMM-03469,Roma,semicentro,3.7,445,villetta,239,8,3,0,3,no,2010,da_ristrutturare,B,autonomo,sud,0,no,si,posto_auto,si,24,10,796000
IMM-03470,Roma,centro,1.5,557,appartamento,122,4,2,5,5,si,1921,ristrutturato,E,centralizzato,ovest,1,no,no,nessuno,si,242,5,557000
IMM-03471,Roma,periferia,10.0,5000,appartamento,58,2,1,3,4,si,1995,buono,E,autonomo,sud,1,no,no,box,no,142,8,144000
IMM-03472,Padova,periferia,6.8,1661,appartamento,76,3,1,2,6,no,1975,da_ristrutturare,F,centralizzato,ovest,2,no,no,box,no,136,10,89000
IMM-03473,Firenze,periferia,13.5,5000,appartamento,68,2,1,4,4,si,1924,da_ristrutturare,F,autonomo,ovest,2,no,no,posto_auto,si,150,12,129000
IMM-03474,Roma,centro,1.1,140,appartamento,57,2,1,1,3,no,1922,da_ristrutturare,G,centralizzato,sud,1,no,no,nessuno,si,178,8,202000
IMM-03475,Bari,periferia,11.1,1083,appartamento,121,4,2,0,3,no,2010,ristrutturato,B,autonomo,ovest,0,no,no,box,si,148,8,184000
IMM-03476,Roma,semicentro,2.3,920,appartamento,84,3,2,2,3,no,1906,buono,G,autonomo,ovest,1,no,no,nessuno,si,121,6,233000
IMM-03477,Bologna,semicentro,5.0,763,appartamento,158,5,3,1,4,si,2013,buono,C,autonomo,doppia,2,no,no,nessuno,si,255,12,412000
IMM-03478,Firenze,periferia,9.1,537,appartamento,103,4,2,5,6,si,1980,ristrutturato,C,centralizzato,doppia,2,no,no,nessuno,no,206,4,278000
IMM-03479,Milano,semicentro,4.9,1402,appartamento,93,4,2,3,9,si,1923,buono,G,centralizzato,doppia,0,no,no,nessuno,no,197,6,375000
IMM-03480,Roma,semicentro,3.5,699,appartamento,61,2,1,0,4,no,1955,buono,G,autonomo,doppia,1,no,no,nessuno,no,128,5,180000
IMM-03481,Palermo,centro,1.8,214,appartamento,119,5,2,6,6,no,1934,buono,G,autonomo,doppia,1,no,no,box,si,216,7,185000
IMM-03482,Roma,centro,0.3,162,appartamento,117,5,2,3,3,no,1940,buono,F,autonomo,nord,1,si,no,box,si,180,8,458000
IMM-03483,Napoli,semicentro,5.9,409,appartamento,87,3,2,2,5,si,1943,buono,E,autonomo,sud,0,no,no,box,si,146,11,240000
IMM-03484,Milano,centro,0.7,285,appartamento,45,1,1,1,3,no,1942,da_ristrutturare,G,autonomo,sud,0,no,no,nessuno,si,150,4,272000
IMM-03485,Roma,periferia,8.6,490,appartamento,85,3,2,2,4,si,1984,buono,E,centralizzato,doppia,1,no,no,nessuno,si,190,11,153000
IMM-03486,Bologna,periferia,14.5,1309,villetta,101,4,1,0,3,no,2024,nuovo,B,autonomo,doppia,0,no,si,posto_auto,si,17,4,287000
IMM-03487,Milano,periferia,9.1,572,attico,150,5,3,9,9,si,2020,nuovo,A,centralizzato,est,2,si,no,nessuno,no,287,10,690000
IMM-03488,Roma,semicentro,5.9,193,appartamento,91,3,2,5,5,si,1992,buono,E,autonomo,sud,0,no,no,posto_auto,no,154,8,279000
IMM-03489,Torino,semicentro,4.4,324,villetta,194,6,3,0,2,no,1998,ristrutturato,E,autonomo,doppia,0,si,no,box,no,25,11,382000
IMM-03490,Roma,centro,1.9,514,attico,151,6,3,3,3,no,1909,da_ristrutturare,G,autonomo,nord,0,si,no,nessuno,si,184,7,419000
IMM-03491,Milano,periferia,11.2,5000,appartamento,70,2,1,3,4,no,1964,da_ristrutturare,F,centralizzato,doppia,1,no,no,box,no,184,4,133000
IMM-03492,Bologna,semicentro,3.8,342,appartamento,75,2,2,3,6,no,1950,buono,G,centralizzato,sud,2,si,no,box,si,131,6,241000
IMM-03493,Torino,periferia,6.1,771,attico,129,5,2,8,8,si,1993,ristrutturato,C,centralizzato,sud,2,si,si,posto_auto,si,254,10,247000
IMM-03494,Firenze,semicentro,2.5,1285,appartamento,86,3,2,1,6,no,1963,buono,G,centralizzato,est,0,no,no,nessuno,si,164,1,263000
IMM-03495,Napoli,semicentro,5.8,666,appartamento,118,4,2,4,8,no,1960,ristrutturato,E,centralizzato,ovest,1,no,no,box,si,192,3,295000
IMM-03496,Milano,centro,0.4,184,appartamento,112,4,2,3,4,no,1928,ristrutturato,E,centralizzato,doppia,0,no,no,nessuno,si,246,3,689000
IMM-03497,Firenze,semicentro,4.3,630,appartamento,72,2,2,6,8,si,2017,nuovo,A,autonomo,ovest,1,si,no,nessuno,no,203,9,368000
IMM-03498,Bologna,periferia,12.9,1162,attico,99,4,2,7,7,si,2019,nuovo,A,centralizzato,est,2,si,no,box,si,150,10,326000
IMM-03499,Bari,semicentro,4.4,749,appartamento,159,5,3,3,7,si,1985,buono,E,autonomo,nord,1,no,no,nessuno,no,219,11,220000
IMM-03500,Palermo,semicentro,4.5,842,appartamento,140,5,2,1,8,si,2017,nuovo,A,autonomo,doppia,1,no,no,posto_auto,no,267,7,229000
IMM-03501,Palermo,centro,1.4,316,appartamento,93,4,2,3,5,no,1917,buono,G,centralizzato,doppia,2,no,no,nessuno,si,202,1,159000
IMM-03502,Bologna,periferia,6.6,353,villetta,102,3,2,0,2,no,2024,nuovo,A,autonomo,nord,0,no,si,box,no,3,9,322000
IMM-03503,Roma,semicentro,5.5,995,appartamento,112,4,2,9,9,si,1955,ristrutturato,F,autonomo,nord,2,no,no,nessuno,si,164,2,343000
IMM-03504,Bologna,semicentro,4.2,429,appartamento,79,3,3,2,8,si,1954,buono,G,autonomo,nord,0,no,no,posto_auto,no,162,1,220000
IMM-03505,Roma,centro,1.2,242,appartamento,92,4,2,3,3,si,1956,da_ristrutturare,E,centralizzato,doppia,3,no,no,nessuno,si,229,2,322000
IMM-03506,Padova,periferia,12.5,1554,appartamento,115,4,2,0,5,si,2014,buono,C,centralizzato,sud,2,no,no,nessuno,si,248,10,134000
IMM-03507,Padova,semicentro,2.5,737,appartamento,65,3,2,4,7,si,2017,buono,A,autonomo,doppia,0,no,no,nessuno,no,150,12,169000
IMM-03508,Milano,semicentro,3.0,215,appartamento,45,2,1,3,3,si,1952,ristrutturato,D,autonomo,doppia,0,no,no,nessuno,si,155,5,242000
IMM-03509,Milano,centro,0.2,348,attico,142,5,3,4,4,si,1960,ristrutturato,E,centralizzato,ovest,3,no,no,nessuno,no,271,3,1282000
IMM-03510,Torino,centro,1.8,319,appartamento,64,3,1,6,6,si,1906,buono,F,centralizzato,sud,1,no,no,nessuno,si,215,6,160000
IMM-03511,Roma,semicentro,3.1,650,appartamento,69,2,1,7,9,no,1964,da_ristrutturare,F,centralizzato,sud,1,no,no,box,si,95,9,152000
IMM-03512,Roma,semicentro,3.1,1101,appartamento,61,2,1,3,4,si,1995,da_ristrutturare,E,autonomo,sud,2,no,no,nessuno,no,117,2,152000
IMM-03513,Napoli,semicentro,3.8,1743,villetta,126,4,2,0,2,no,2017,nuovo,A,autonomo,est,1,no,si,box,si,21,3,419000
IMM-03514,Roma,periferia,13.3,1206,appartamento,82,3,2,3,5,si,2000,buono,D,autonomo,nord,1,no,no,nessuno,no,173,4,136000
IMM-03515,Roma,centro,1.5,307,appartamento,78,3,2,3,5,si,1906,buono,F,autonomo,sud,1,no,no,nessuno,si,195,5,355000
IMM-03516,Genova,periferia,6.3,436,villetta,124,6,2,0,2,no,2006,buono,B,autonomo,doppia,1,si,si,box,no,6,5,190000
IMM-03517,Roma,semicentro,5.7,489,appartamento,161,6,4,6,9,si,2022,nuovo,A,autonomo,doppia,2,si,no,nessuno,no,232,9,666000
IMM-03518,Padova,periferia,10.6,644,villetta,215,8,3,0,2,no,1949,buono,F,autonomo,doppia,0,si,si,nessuno,si,41,10,261000
IMM-03519,Napoli,periferia,6.0,1416,appartamento,57,2,1,6,6,si,1979,buono,D,centralizzato,doppia,3,no,no,box,si,159,8,116000
IMM-03520,Padova,semicentro,5.2,390,appartamento,81,3,2,4,6,si,1985,ristrutturato,C,autonomo,doppia,1,no,no,box,no,148,2,206000
IMM-03521,Palermo,periferia,8.0,1665,appartamento,74,3,2,1,6,si,1980,da_ristrutturare,E,autonomo,doppia,1,no,no,posto_auto,no,153,1,56000
IMM-03522,Bologna,centro,1.6,225,appartamento,111,4,2,4,5,no,1913,buono,F,centralizzato,nord,0,no,no,box,no,190,6,373000
IMM-03523,Palermo,semicentro,5.4,573,appartamento,79,3,2,3,8,no,1914,buono,G,centralizzato,sud,1,no,no,nessuno,no,100,3,96000
IMM-03524,Torino,semicentro,6.0,837,appartamento,85,2,2,5,6,si,1901,buono,G,centralizzato,sud,0,si,no,box,si,215,7,172000
IMM-03525,Torino,centro,1.9,162,appartamento,103,4,2,1,4,si,1988,buono,E,centralizzato,doppia,2,no,no,nessuno,si,213,8,279000
IMM-03526,Bologna,semicentro,5.9,376,appartamento,64,2,1,6,6,no,1972,ristrutturato,D,autonomo,est,1,no,no,nessuno,si,103,8,153000
IMM-03527,Palermo,periferia,7.2,705,appartamento,68,2,1,6,11,si,2022,nuovo,A,autonomo,est,1,no,no,nessuno,no,155,12,89000
IMM-03528,Roma,centro,1.2,317,appartamento,80,3,2,0,6,no,1955,buono,G,centralizzato,doppia,0,si,no,nessuno,no,197,7,388000
IMM-03529,Genova,semicentro,2.5,807,attico,151,6,3,3,3,no,2023,nuovo,A,autonomo,sud,1,si,no,box,no,224,2,374000
IMM-03530,Firenze,semicentro,6.0,862,attico,109,4,2,9,9,si,1959,ristrutturato,D,autonomo,est,2,si,no,posto_auto,no,205,5,520000
IMM-03531,Milano,periferia,14.9,802,appartamento,74,3,2,1,2,si,2018,nuovo,A,autonomo,doppia,1,no,no,box,no,157,10,302000
IMM-03532,Bari,semicentro,4.7,593,appartamento,82,3,2,4,9,si,1971,da_ristrutturare,G,centralizzato,nord,1,no,no,nessuno,si,170,8,109000
IMM-03533,Torino,semicentro,3.8,739,appartamento,65,2,1,9,9,si,2025,nuovo,A,autonomo,nord,1,no,si,nessuno,si,166,5,209000
IMM-03534,Roma,semicentro,2.7,658,appartamento,54,2,1,1,6,si,2018,nuovo,A,autonomo,est,0,no,no,nessuno,no,161,7,198000
IMM-03535,Milano,semicentro,4.4,1312,appartamento,58,2,1,2,5,si,2008,buono,B,autonomo,doppia,1,no,no,nessuno,no,189,3,225000
IMM-03536,Padova,centro,1.2,116,appartamento,72,2,2,5,6,no,1904,buono,G,centralizzato,sud,1,no,no,nessuno,no,162,8,182000
IMM-03537,Padova,periferia,10.8,989,appartamento,112,5,2,2,4,si,2023,nuovo,A,autonomo,ovest,1,no,no,box,si,148,4,215000
IMM-03538,Firenze,periferia,14.9,642,appartamento,78,3,2,1,3,no,1928,buono,F,centralizzato,doppia,0,no,no,nessuno,si,105,9,124000
IMM-03539,Padova,centro,1.4,85,appartamento,74,3,2,4,7,si,1976,da_ristrutturare,E,centralizzato,doppia,2,no,no,nessuno,no,203,7,226000
IMM-03540,Bari,semicentro,2.1,479,appartamento,52,2,1,1,4,no,1968,ristrutturato,E,autonomo,ovest,2,no,no,posto_auto,no,150,6,115000
IMM-03541,Napoli,periferia,14.3,1627,appartamento,48,1,1,2,9,si,1999,buono,E,autonomo,doppia,1,no,no,posto_auto,no,149,12,77000
IMM-03542,Palermo,periferia,14.0,1597,appartamento,120,3,2,5,7,si,1960,buono,F,centralizzato,doppia,1,no,no,posto_auto,si,241,3,78000
IMM-03543,Torino,periferia,10.9,1827,appartamento,87,3,2,0,5,si,1970,ristrutturato,D,autonomo,sud,1,no,no,box,si,167,2,122000
IMM-03544,Roma,periferia,13.7,2457,appartamento,103,5,3,0,3,no,1921,buono,G,autonomo,ovest,1,no,si,box,si,155,1,206000
IMM-03545,Firenze,centro,0.6,387,appartamento,79,3,2,3,7,no,1968,ristrutturato,C,centralizzato,sud,0,no,no,nessuno,no,122,12,399000
IMM-03546,Bari,centro,2.0,729,attico,107,3,2,5,5,si,2001,buono,C,autonomo,nord,3,si,no,nessuno,si,208,5,394000
IMM-03547,Roma,semicentro,2.3,362,appartamento,128,4,2,3,4,si,1950,ristrutturato,D,centralizzato,ovest,1,no,no,box,si,230,6,433000
IMM-03548,Torino,semicentro,5.2,1079,appartamento,76,3,2,3,3,si,1954,ristrutturato,C,autonomo,nord,2,no,no,nessuno,si,192,2,131000
IMM-03549,Roma,semicentro,4.1,399,appartamento,95,4,2,5,8,no,1974,buono,G,centralizzato,doppia,2,no,no,nessuno,si,153,2,196000
IMM-03550,Napoli,centro,1.4,152,appartamento,109,4,2,3,5,no,1967,buono,E,autonomo,est,0,no,no,nessuno,no,221,6,309000
IMM-03551,Roma,semicentro,4.9,350,appartamento,42,1,1,1,5,si,1984,buono,E,centralizzato,nord,1,no,no,nessuno,no,168,1,122000
IMM-03552,Genova,periferia,11.1,617,appartamento,91,4,2,2,8,si,2009,ristrutturato,A,autonomo,nord,1,no,no,posto_auto,no,193,10,115000
IMM-03553,Milano,centro,1.7,320,appartamento,85,4,2,2,3,no,1902,ristrutturato,F,centralizzato,nord,1,no,no,nessuno,si,221,6,599000
IMM-03554,Milano,semicentro,5.6,466,appartamento,62,3,2,5,9,no,1957,buono,F,centralizzato,nord,1,no,no,nessuno,si,159,12,187000
IMM-03555,Torino,centro,1.2,339,appartamento,104,2,2,3,4,si,2014,buono,C,autonomo,sud,3,no,no,nessuno,no,208,4,424000
IMM-03556,Milano,centro,1.1,321,appartamento,96,4,3,4,4,no,1920,da_ristrutturare,G,centralizzato,doppia,0,no,no,nessuno,no,174,8,480000
IMM-03557,Napoli,semicentro,4.7,1656,appartamento,60,2,1,0,3,si,1958,buono,E,centralizzato,doppia,3,no,no,nessuno,si,191,7,107000
IMM-03558,Napoli,semicentro,3.4,261,appartamento,55,2,1,1,9,si,1966,da_ristrutturare,F,centralizzato,sud,1,no,no,box,si,136,4,140000
IMM-03559,Roma,semicentro,5.8,561,appartamento,64,1,1,5,5,si,1989,buono,E,autonomo,est,3,no,no,box,no,94,10,262000
IMM-03560,Genova,semicentro,3.5,814,appartamento,61,2,1,0,4,si,2010,buono,C,centralizzato,sud,2,si,no,nessuno,si,167,1,99000
IMM-03561,Bari,centro,1.6,636,appartamento,95,3,1,7,7,si,1920,buono,F,autonomo,sud,1,no,no,posto_auto,si,165,11,260000
IMM-03562,Roma,semicentro,2.7,1061,appartamento,123,4,2,1,7,no,1971,ristrutturato,D,autonomo,nord,3,no,no,nessuno,si,175,10,355000
IMM-03563,Firenze,periferia,13.8,945,appartamento,116,3,2,2,7,si,1975,buono,G,autonomo,sud,2,no,no,box,si,151,8,214000
IMM-03564,Firenze,centro,0.8,169,appartamento,97,3,2,0,5,si,1902,buono,E,autonomo,doppia,1,no,no,nessuno,no,175,10,597000
IMM-03565,Milano,periferia,6.7,925,appartamento,74,3,2,0,2,si,1988,da_ristrutturare,D,autonomo,nord,0,no,si,box,no,186,11,211000
IMM-03566,Napoli,periferia,7.2,676,appartamento,65,2,2,7,9,no,2005,buono,C,centralizzato,nord,1,si,no,posto_auto,si,146,12,112000
IMM-03567,Roma,centro,1.3,287,appartamento,114,4,2,2,5,si,1919,da_ristrutturare,G,autonomo,sud,1,no,no,nessuno,si,230,6,357000
IMM-03568,Genova,centro,0.5,301,appartamento,75,3,2,3,3,no,1952,buono,E,centralizzato,ovest,1,no,no,nessuno,no,127,9,160000
IMM-03569,Genova,semicentro,4.6,823,appartamento,86,3,2,5,7,no,1947,buono,G,centralizzato,doppia,1,no,si,nessuno,si,177,12,109000
IMM-03570,Roma,periferia,14.7,1984,appartamento,78,3,2,1,5,si,2011,da_ristrutturare,C,autonomo,doppia,1,no,no,box,no,206,7,140000
IMM-03571,Milano,periferia,6.4,906,appartamento,56,2,1,0,2,no,2024,buono,A,autonomo,doppia,1,no,no,posto_auto,no,127,12,194000
IMM-03572,Torino,semicentro,2.7,1048,appartamento,99,3,2,4,9,si,2003,buono,C,autonomo,est,1,si,no,nessuno,si,187,9,215000
IMM-03573,Roma,semicentro,4.1,569,appartamento,101,5,2,8,9,si,1984,buono,C,autonomo,sud,0,no,no,box,si,197,3,300000
IMM-03574,Milano,semicentro,3.2,290,villetta,147,5,3,0,2,no,1979,buono,E,autonomo,doppia,1,si,si,box,si,4,1,815000
IMM-03575,Genova,periferia,12.5,343,appartamento,60,2,1,1,6,si,1978,buono,D,centralizzato,doppia,1,no,no,posto_auto,si,182,11,73000
IMM-03576,Genova,semicentro,5.9,698,appartamento,63,2,1,2,4,no,1932,ristrutturato,F,centralizzato,est,2,no,no,posto_auto,si,124,10,96000
IMM-03577,Genova,periferia,6.8,966,appartamento,116,4,2,5,7,no,1957,buono,F,centralizzato,doppia,1,no,no,box,no,191,5,109000
IMM-03578,Bari,semicentro,5.0,514,attico,122,4,2,9,9,si,1998,ristrutturato,C,autonomo,nord,1,si,no,nessuno,no,223,7,317000
IMM-03579,Firenze,periferia,12.5,5000,villetta,100,3,2,0,2,no,2008,da_ristrutturare,D,autonomo,doppia,0,si,si,box,no,0,10,203000
IMM-03580,Roma,centro,0.6,329,appartamento,71,2,2,2,3,no,1993,buono,D,autonomo,est,2,no,no,nessuno,no,144,4,328000
IMM-03581,Firenze,semicentro,2.4,355,appartamento,50,1,2,2,6,no,1956,ristrutturato,E,autonomo,doppia,0,no,no,box,si,76,6,232000
IMM-03582,Roma,semicentro,2.3,449,appartamento,55,2,1,2,7,si,1981,ristrutturato,C,autonomo,doppia,3,si,no,box,no,166,3,269000
IMM-03583,Genova,centro,0.3,429,appartamento,163,6,3,5,6,no,1931,buono,G,centralizzato,ovest,1,no,no,nessuno,no,208,11,283000
IMM-03584,Palermo,centro,0.7,340,appartamento,35,2,2,0,3,no,2024,nuovo,A,centralizzato,doppia,2,no,no,nessuno,si,106,6,117000
IMM-03585,Roma,semicentro,3.1,656,appartamento,91,4,2,1,4,si,1947,buono,F,centralizzato,doppia,1,no,no,box,si,189,4,228000
IMM-03586,Roma,periferia,7.1,599,appartamento,55,3,1,1,2,no,1994,buono,E,autonomo,nord,1,no,no,nessuno,si,91,9,117000
IMM-03587,Roma,semicentro,4.2,303,appartamento,51,2,1,3,5,si,1983,da_ristrutturare,E,centralizzato,est,2,no,no,posto_auto,si,158,9,119000
IMM-03588,Napoli,centro,0.9,335,appartamento,190,8,3,2,4,no,1929,ristrutturato,E,centralizzato,nord,1,no,no,nessuno,no,304,2,670000
IMM-03589,Milano,periferia,11.7,2612,appartamento,122,5,2,2,11,si,1991,da_ristrutturare,E,centralizzato,nord,2,no,no,box,no,238,11,246000
IMM-03590,Milano,semicentro,5.6,514,appartamento,104,3,2,5,8,no,1956,ristrutturato,D,centralizzato,ovest,1,no,no,posto_auto,si,152,12,376000
IMM-03591,Napoli,semicentro,4.2,810,attico,261,8,4,4,4,si,1956,da_ristrutturare,G,centralizzato,doppia,2,si,no,nessuno,si,399,4,478000
IMM-03592,Bari,centro,1.7,461,appartamento,72,1,1,5,5,no,1958,buono,F,centralizzato,nord,3,no,no,nessuno,no,136,3,177000
IMM-03593,Roma,periferia,14.3,1066,appartamento,51,2,1,8,10,no,2000,ristrutturato,A,autonomo,sud,0,no,no,box,si,71,7,123000
IMM-03594,Roma,semicentro,2.0,285,appartamento,103,4,2,4,5,si,1944,da_ristrutturare,E,autonomo,nord,1,no,no,box,no,221,8,293000
IMM-03595,Bologna,semicentro,4.1,1118,appartamento,105,4,3,6,9,si,1984,da_ristrutturare,F,autonomo,ovest,2,no,no,box,no,213,6,299000
IMM-03596,Milano,semicentro,2.8,728,appartamento,82,3,2,3,4,si,1990,buono,D,autonomo,sud,0,no,no,posto_auto,no,142,12,356000
IMM-03597,Torino,periferia,7.4,3338,villetta,90,3,2,0,2,no,2017,nuovo,B,autonomo,sud,0,si,si,box,si,15,3,193000
IMM-03598,Torino,semicentro,5.8,322,villetta,126,5,2,0,2,no,1941,buono,F,autonomo,nord,1,si,si,nessuno,si,12,7,239000
IMM-03599,Bologna,semicentro,4.5,587,appartamento,86,4,2,8,8,no,1965,ristrutturato,E,centralizzato,ovest,2,no,no,posto_auto,no,153,1,216000
IMM-03600,Firenze,semicentro,2.6,686,appartamento,69,2,1,3,6,si,1960,buono,E,centralizzato,doppia,2,no,no,posto_auto,no,198,4,260000
IMM-03601,Napoli,periferia,7.4,1482,appartamento,119,4,2,0,2,no,1976,buono,D,autonomo,ovest,0,no,si,box,si,166,2,191000
IMM-03602,Bologna,semicentro,4.2,722,appartamento,77,2,2,7,9,no,1921,buono,F,centralizzato,est,1,no,no,nessuno,si,150,11,184000
IMM-03603,Roma,centro,0.2,602,appartamento,82,3,2,2,4,si,1931,da_ristrutturare,G,autonomo,doppia,0,no,no,nessuno,si,197,12,273000
IMM-03604,Padova,periferia,6.4,2294,appartamento,54,2,1,1,10,si,2018,buono,A,centralizzato,doppia,0,no,no,nessuno,no,154,12,82000
IMM-03605,Padova,semicentro,3.5,742,appartamento,134,5,2,1,5,si,2005,buono,C,autonomo,doppia,2,no,no,box,no,198,5,336000
IMM-03606,Bologna,semicentro,3.3,508,appartamento,87,3,2,4,8,no,1931,da_ristrutturare,G,autonomo,sud,0,no,no,nessuno,no,172,1,180000
IMM-03607,Genova,periferia,7.9,388,appartamento,67,2,1,3,3,no,1968,buono,F,autonomo,doppia,2,no,no,nessuno,si,96,1,61000
IMM-03608,Torino,centro,0.5,106,attico,68,2,1,5,5,si,1902,ristrutturato,E,autonomo,nord,2,si,no,nessuno,si,136,8,293000
IMM-03609,Padova,semicentro,2.3,474,appartamento,78,2,2,0,8,si,1976,da_ristrutturare,F,autonomo,ovest,1,no,si,posto_auto,si,136,11,140000
IMM-03610,Milano,semicentro,2.8,353,appartamento,84,4,2,4,6,si,1949,ristrutturato,E,centralizzato,ovest,1,si,no,nessuno,si,199,6,533000
IMM-03611,Bologna,semicentro,3.2,636,appartamento,88,3,3,5,5,si,2003,buono,D,centralizzato,sud,0,no,no,box,no,194,12,296000
IMM-03612,Bologna,semicentro,3.1,585,appartamento,82,2,2,1,5,si,1998,ristrutturato,B,autonomo,nord,1,no,no,nessuno,no,150,12,256000
IMM-03613,Torino,periferia,9.4,5000,villetta,131,4,2,0,2,no,1977,buono,E,autonomo,sud,0,no,si,box,si,11,6,152000
IMM-03614,Torino,semicentro,4.5,659,appartamento,94,2,3,1,6,si,1965,buono,D,centralizzato,ovest,0,no,no,posto_auto,si,205,1,167000
IMM-03615,Roma,centro,0.6,204,appartamento,103,4,2,2,5,si,1921,buono,G,centralizzato,ovest,2,no,no,posto_auto,si,251,11,456000
IMM-03616,Napoli,semicentro,5.0,407,appartamento,54,2,1,4,9,no,1963,buono,E,centralizzato,doppia,1,no,no,box,no,173,9,119000
IMM-03617,Torino,semicentro,2.6,692,appartamento,120,4,1,0,4,si,2002,buono,C,autonomo,nord,2,no,no,nessuno,no,200,9,190000
IMM-03618,Roma,semicentro,5.0,476,appartamento,57,3,1,0,5,si,2017,nuovo,A,autonomo,est,3,no,si,nessuno,si,145,10,294000
IMM-03619,Roma,centro,1.9,284,appartamento,70,2,1,3,5,si,1984,buono,F,autonomo,ovest,0,no,no,nessuno,no,167,7,317000
IMM-03620,Firenze,semicentro,5.8,946,appartamento,99,3,2,2,4,si,2010,ristrutturato,C,autonomo,ovest,2,no,no,nessuno,si,213,2,387000
IMM-03621,Roma,periferia,8.9,650,appartamento,102,4,2,9,10,si,2017,nuovo,A,autonomo,sud,2,no,no,box,no,139,10,355000
IMM-03622,Milano,periferia,8.4,604,villetta,188,8,4,0,2,no,1953,da_ristrutturare,G,autonomo,sud,1,no,si,posto_auto,si,8,5,381000
IMM-03623,Roma,periferia,13.7,5000,villetta,134,6,2,0,2,no,1985,buono,E,autonomo,doppia,1,no,si,box,si,20,10,223000
IMM-03624,Milano,centro,0.2,446,appartamento,57,2,1,0,3,si,1959,da_ristrutturare,E,autonomo,sud,1,si,no,posto_auto,no,146,10,340000
IMM-03625,Napoli,semicentro,4.1,701,villetta,199,8,3,0,2,no,1959,ristrutturato,E,autonomo,doppia,2,no,si,nessuno,no,14,5,575000
IMM-03626,Padova,periferia,11.7,933,attico,121,4,1,4,4,no,1973,ristrutturato,C,autonomo,ovest,1,si,no,box,si,132,8,205000
IMM-03627,Napoli,centro,1.8,286,appartamento,129,5,2,6,6,si,2013,buono,B,autonomo,doppia,2,no,no,nessuno,no,210,6,515000
IMM-03628,Napoli,periferia,8.8,341,appartamento,55,1,1,4,5,si,1992,buono,F,autonomo,sud,2,no,no,box,no,140,1,108000
IMM-03629,Padova,centro,0.5,312,appartamento,59,3,1,3,5,no,1948,buono,G,centralizzato,doppia,2,no,no,nessuno,si,112,5,162000
IMM-03630,Milano,semicentro,2.4,1281,appartamento,57,3,1,1,4,si,1970,da_ristrutturare,F,centralizzato,est,1,no,si,nessuno,si,154,5,221000
IMM-03631,Milano,periferia,8.3,4538,villetta,162,5,3,0,2,no,1995,buono,E,autonomo,ovest,0,no,si,posto_auto,si,22,1,406000
IMM-03632,Roma,centro,1.1,218,appartamento,60,1,1,2,7,si,1963,buono,E,autonomo,nord,1,no,no,nessuno,si,175,11,211000
IMM-03633,Palermo,periferia,6.8,1329,appartamento,42,1,1,0,9,no,1949,buono,E,autonomo,ovest,1,no,no,nessuno,no,93,4,34000
IMM-03634,Genova,semicentro,3.9,912,appartamento,72,3,2,1,5,si,1924,ristrutturato,F,autonomo,sud,1,si,no,box,si,153,2,156000
IMM-03635,Bologna,periferia,8.2,1147,appartamento,62,2,1,6,7,si,1972,ristrutturato,C,centralizzato,sud,1,no,no,posto_auto,no,191,7,167000
IMM-03636,Bologna,centro,0.2,245,appartamento,58,3,1,4,6,no,1956,ristrutturato,D,autonomo,nord,1,no,no,nessuno,no,160,1,268000
IMM-03637,Firenze,semicentro,2.3,749,appartamento,64,2,1,1,6,no,1980,ristrutturato,E,centralizzato,nord,1,no,no,nessuno,no,160,7,224000
IMM-03638,Milano,periferia,14.5,1628,appartamento,103,3,2,5,8,si,2022,nuovo,A,autonomo,sud,1,no,no,box,si,214,5,362000
IMM-03639,Padova,periferia,10.3,1104,villetta,90,3,2,0,2,no,1951,buono,G,autonomo,sud,0,no,no,box,si,14,12,132000
IMM-03640,Napoli,semicentro,2.2,1406,appartamento,99,4,3,7,7,si,2020,buono,B,autonomo,doppia,1,no,no,posto_auto,no,196,12,217000
IMM-03641,Bari,semicentro,3.7,423,appartamento,51,1,1,7,9,si,2001,ristrutturato,A,autonomo,doppia,1,no,no,box,si,141,11,142000
IMM-03642,Palermo,periferia,14.5,1967,appartamento,74,2,3,1,7,si,2013,da_ristrutturare,D,autonomo,doppia,2,no,no,nessuno,si,133,2,48000
IMM-03643,Genova,periferia,7.9,308,appartamento,184,5,3,3,6,si,1977,da_ristrutturare,G,centralizzato,doppia,1,no,no,nessuno,si,340,6,118000
IMM-03644,Genova,semicentro,3.0,521,appartamento,51,2,1,2,3,no,1984,da_ristrutturare,E,centralizzato,est,1,no,no,posto_auto,no,101,1,80000
IMM-03645,Roma,centro,0.8,184,appartamento,103,4,2,3,6,si,2022,nuovo,A,autonomo,sud,2,no,no,nessuno,si,182,2,766000
IMM-03646,Milano,centro,0.7,287,appartamento,91,3,2,3,5,si,1954,buono,E,centralizzato,ovest,1,si,no,nessuno,no,200,10,564000
IMM-03647,Bologna,semicentro,5.8,1889,appartamento,86,2,1,6,6,si,1960,da_ristrutturare,F,centralizzato,doppia,0,no,no,posto_auto,no,185,10,197000
IMM-03648,Milano,centro,1.6,450,appartamento,149,6,3,5,6,si,1946,buono,F,autonomo,sud,2,no,no,nessuno,si,262,6,1009000
IMM-03649,Milano,semicentro,2.3,1066,attico,145,7,2,9,9,no,1973,buono,E,centralizzato,nord,0,si,no,nessuno,no,208,5,447000
IMM-03650,Bologna,periferia,9.6,486,appartamento,71,2,2,1,3,no,1962,buono,F,autonomo,est,2,no,no,box,si,119,12,169000
IMM-03651,Milano,periferia,10.2,655,appartamento,111,4,2,1,3,no,1970,buono,G,centralizzato,est,1,no,no,box,si,215,8,309000
IMM-03652,Bari,periferia,8.2,2800,appartamento,67,2,1,4,7,no,1946,ristrutturato,F,centralizzato,ovest,1,no,no,nessuno,si,147,12,50000
IMM-03653,Napoli,centro,1.8,192,appartamento,59,2,1,0,4,si,1907,buono,G,autonomo,nord,1,no,si,nessuno,si,169,5,204000
IMM-03654,Milano,periferia,9.7,712,appartamento,46,2,1,8,8,si,2021,nuovo,A,autonomo,nord,3,no,no,nessuno,no,171,9,224000
IMM-03655,Palermo,semicentro,2.3,366,attico,106,5,2,7,7,no,1925,buono,G,centralizzato,nord,1,si,no,nessuno,si,167,8,116000
IMM-03656,Milano,centro,1.1,598,appartamento,159,6,3,0,3,no,1901,da_ristrutturare,G,centralizzato,sud,0,no,no,nessuno,si,272,11,474000
IMM-03657,Bologna,semicentro,5.0,232,villetta,163,6,3,0,2,no,1998,buono,F,autonomo,est,0,no,si,box,si,0,2,557000
IMM-03658,Milano,centro,1.7,806,appartamento,96,4,2,4,4,si,1970,buono,G,centralizzato,doppia,1,no,no,nessuno,si,270,1,622000
IMM-03659,Milano,centro,1.3,477,appartamento,52,2,1,3,4,si,1930,buono,G,centralizzato,nord,0,no,no,nessuno,no,192,6,334000
IMM-03660,Roma,semicentro,3.4,1536,appartamento,95,3,2,7,7,no,1945,buono,E,autonomo,sud,1,no,no,posto_auto,si,138,1,230000
IMM-03661,Milano,periferia,9.7,784,appartamento,92,3,3,3,5,no,1965,ristrutturato,E,centralizzato,nord,2,no,no,box,si,193,6,292000
IMM-03662,Firenze,semicentro,5.2,326,appartamento,64,3,1,6,6,si,1939,buono,E,autonomo,doppia,1,no,no,nessuno,si,133,11,286000
IMM-03663,Napoli,centro,1.8,318,appartamento,112,4,2,4,4,no,1940,da_ristrutturare,E,centralizzato,nord,1,si,no,nessuno,si,223,11,294000
IMM-03664,Torino,periferia,11.4,1498,villetta,136,5,2,0,2,no,1958,da_ristrutturare,G,autonomo,nord,1,no,si,posto_auto,no,21,8,138000
IMM-03665,Milano,semicentro,2.6,266,appartamento,64,2,1,4,4,si,2003,buono,C,autonomo,nord,2,no,no,nessuno,si,164,8,373000
IMM-03666,Bologna,periferia,7.8,423,appartamento,68,2,1,7,11,si,1908,da_ristrutturare,F,centralizzato,est,0,no,no,box,no,187,4,129000
IMM-03667,Roma,centro,0.4,299,appartamento,49,2,1,5,6,si,2015,da_ristrutturare,B,autonomo,sud,2,no,no,posto_auto,no,167,10,274000
IMM-03668,Firenze,semicentro,3.3,958,appartamento,83,3,2,0,7,no,1953,da_ristrutturare,F,autonomo,doppia,1,no,si,nessuno,si,108,8,252000
IMM-03669,Padova,semicentro,3.5,375,appartamento,59,3,2,1,6,si,1966,buono,G,centralizzato,ovest,2,si,no,nessuno,no,176,6,114000
IMM-03670,Milano,centro,1.4,304,appartamento,105,3,2,0,4,si,1936,ristrutturato,E,centralizzato,doppia,2,no,no,nessuno,si,241,5,769000
IMM-03671,Milano,periferia,7.4,3172,appartamento,157,6,4,5,5,si,1959,buono,F,centralizzato,sud,2,no,no,box,no,233,6,344000
IMM-03672,Milano,periferia,8.0,339,appartamento,61,1,1,0,3,no,2009,buono,B,autonomo,ovest,1,no,no,nessuno,no,122,8,199000
IMM-03673,Milano,centro,0.6,243,appartamento,59,3,1,2,3,si,1950,da_ristrutturare,G,autonomo,sud,1,no,no,nessuno,si,106,10,270000
IMM-03674,Milano,periferia,11.6,321,appartamento,151,4,3,0,6,si,1996,ristrutturato,C,autonomo,ovest,2,no,no,nessuno,si,234,2,245000
IMM-03675,Napoli,periferia,11.6,464,appartamento,145,5,3,2,10,si,2020,nuovo,A,autonomo,sud,2,no,no,box,si,228,9,344000
IMM-03676,Napoli,centro,1.0,337,attico,231,8,3,4,4,si,1942,buono,G,autonomo,sud,1,si,no,nessuno,no,321,1,852000
IMM-03677,Milano,semicentro,2.4,166,appartamento,43,2,1,5,8,no,1935,buono,E,autonomo,sud,1,no,no,nessuno,si,75,4,168000
IMM-03678,Torino,semicentro,5.5,541,appartamento,47,2,1,0,3,si,1971,buono,G,centralizzato,nord,0,no,no,nessuno,si,150,12,76000
IMM-03679,Milano,periferia,13.8,3462,appartamento,134,5,2,3,9,si,2024,nuovo,A,autonomo,ovest,3,no,no,posto_auto,si,239,9,440000
IMM-03680,Milano,periferia,9.9,487,appartamento,103,3,2,6,8,si,1981,da_ristrutturare,D,autonomo,doppia,2,si,no,box,si,208,6,354000
IMM-03681,Torino,semicentro,4.6,373,villetta,185,7,3,0,2,no,1950,ristrutturato,C,autonomo,ovest,1,no,si,box,no,4,8,441000
IMM-03682,Genova,periferia,9.7,1518,appartamento,48,3,1,0,4,si,1965,buono,F,autonomo,nord,1,no,no,box,si,131,8,57000
IMM-03683,Firenze,periferia,9.4,888,villetta,110,3,2,0,2,no,2011,buono,B,autonomo,doppia,1,no,si,box,no,37,10,310000
IMM-03684,Roma,periferia,11.5,748,appartamento,79,4,2,4,7,si,2019,nuovo,A,autonomo,doppia,1,si,si,box,no,161,1,250000
IMM-03685,Milano,semicentro,5.0,874,appartamento,118,4,1,3,4,no,1948,buono,G,centralizzato,est,3,si,no,nessuno,no,165,10,434000
IMM-03686,Bari,periferia,12.3,796,appartamento,51,2,1,6,6,si,1980,buono,D,centralizzato,sud,2,no,no,box,no,154,7,74000
IMM-03687,Napoli,periferia,10.7,1467,villetta,123,5,1,0,2,no,1999,da_ristrutturare,C,autonomo,est,0,no,si,box,si,18,3,177000
IMM-03688,Milano,semicentro,2.9,513,appartamento,66,2,1,3,6,si,1976,ristrutturato,D,centralizzato,doppia,0,no,no,posto_auto,si,192,12,362000
IMM-03689,Torino,semicentro,5.3,200,appartamento,62,2,1,1,7,no,1957,ristrutturato,E,centralizzato,est,2,no,no,nessuno,no,161,11,120000
IMM-03690,Roma,periferia,10.3,822,villetta,185,5,3,0,3,no,1978,da_ristrutturare,D,autonomo,est,1,no,no,posto_auto,no,16,12,341000
IMM-03691,Padova,semicentro,4.8,394,attico,128,4,2,4,4,si,2007,da_ristrutturare,C,autonomo,sud,1,si,no,nessuno,si,190,9,240000
IMM-03692,Roma,semicentro,5.4,336,appartamento,49,1,1,3,8,si,1945,buono,F,autonomo,doppia,1,no,no,nessuno,si,92,6,166000
IMM-03693,Roma,semicentro,3.1,1598,appartamento,68,3,1,1,8,no,1938,ristrutturato,E,centralizzato,doppia,1,no,no,nessuno,si,140,11,242000
IMM-03694,Roma,periferia,8.7,954,villetta,121,4,2,0,2,no,1995,da_ristrutturare,E,autonomo,sud,0,si,si,posto_auto,no,1,3,204000
IMM-03695,Palermo,semicentro,5.7,1281,appartamento,40,2,1,4,6,si,1962,ristrutturato,D,autonomo,nord,1,no,no,nessuno,si,127,9,52000
IMM-03696,Firenze,periferia,11.5,2563,appartamento,66,2,1,2,5,si,2015,da_ristrutturare,C,centralizzato,ovest,1,no,no,posto_auto,si,160,12,135000
IMM-03697,Roma,centro,1.2,394,attico,147,5,4,6,6,si,1954,ristrutturato,D,centralizzato,nord,1,si,no,posto_auto,no,283,8,849000
IMM-03698,Napoli,semicentro,2.1,306,appartamento,82,3,2,1,8,si,1952,ristrutturato,E,centralizzato,est,1,no,no,nessuno,si,184,8,191000
IMM-03699,Bologna,semicentro,5.0,1634,appartamento,65,3,2,2,4,si,2021,nuovo,A,autonomo,doppia,2,no,no,posto_auto,no,170,5,288000
IMM-03700,Napoli,periferia,11.3,1264,appartamento,40,1,1,3,9,si,1956,da_ristrutturare,G,centralizzato,sud,1,no,no,box,no,182,10,60000
IMM-03701,Roma,semicentro,3.8,698,appartamento,114,5,1,2,3,no,1982,da_ristrutturare,F,autonomo,ovest,1,no,no,nessuno,no,165,1,263000
IMM-03702,Roma,semicentro,2.8,349,appartamento,85,2,2,1,8,si,2016,nuovo,A,autonomo,ovest,1,no,no,posto_auto,si,159,8,380000
IMM-03703,Padova,centro,1.5,263,appartamento,74,3,2,6,7,no,1905,buono,G,autonomo,ovest,1,no,no,posto_auto,si,114,10,184000
IMM-03704,Padova,semicentro,2.7,732,appartamento,65,3,2,2,3,no,2000,buono,B,autonomo,ovest,1,no,no,nessuno,si,137,11,148000
IMM-03705,Genova,semicentro,2.3,926,appartamento,103,4,2,6,9,no,1971,ristrutturato,D,centralizzato,doppia,2,no,no,nessuno,no,148,5,149000
IMM-03706,Firenze,centro,1.4,112,appartamento,102,2,2,3,4,si,1922,buono,G,centralizzato,sud,2,no,no,nessuno,no,219,5,525000
IMM-03707,Bologna,semicentro,3.8,359,appartamento,115,4,2,4,4,si,1937,da_ristrutturare,F,autonomo,est,0,no,no,nessuno,no,245,4,319000
IMM-03708,Napoli,periferia,14.9,237,attico,126,5,2,6,6,no,2024,nuovo,A,autonomo,est,1,si,si,posto_auto,si,198,7,253000
IMM-03709,Milano,semicentro,3.8,293,appartamento,97,5,2,1,3,si,2023,nuovo,A,autonomo,ovest,2,no,no,nessuno,si,195,10,711000
IMM-03710,Milano,centro,1.4,299,appartamento,46,1,1,5,6,no,1964,buono,F,centralizzato,ovest,1,no,no,nessuno,no,132,7,270000
IMM-03711,Bari,centro,1.7,283,appartamento,113,5,2,5,7,si,1920,buono,G,autonomo,est,0,no,no,posto_auto,no,220,5,308000
IMM-03712,Bari,semicentro,5.1,942,appartamento,66,3,1,0,5,si,1952,da_ristrutturare,G,centralizzato,nord,1,no,no,nessuno,no,176,1,88000
IMM-03713,Padova,centro,1.2,265,appartamento,67,2,1,5,6,no,1911,ristrutturato,E,centralizzato,nord,2,no,no,nessuno,si,154,9,215000
IMM-03714,Roma,centro,0.7,211,appartamento,69,3,1,2,3,no,1970,buono,G,centralizzato,est,2,no,no,nessuno,si,196,2,291000
IMM-03715,Genova,semicentro,5.5,1581,appartamento,127,4,2,2,5,si,2014,da_ristrutturare,E,autonomo,nord,2,no,no,nessuno,no,229,11,157000
IMM-03716,Torino,periferia,10.7,460,villetta,205,7,3,0,3,no,1975,buono,G,autonomo,doppia,0,si,no,posto_auto,no,16,4,248000
IMM-03717,Roma,periferia,14.6,1148,appartamento,68,3,1,0,4,si,1989,da_ristrutturare,F,centralizzato,nord,2,no,si,box,no,238,1,111000
IMM-03718,Roma,periferia,14.0,1572,appartamento,121,3,1,3,5,si,1985,buono,E,autonomo,ovest,1,no,no,nessuno,si,222,3,213000
IMM-03719,Roma,centro,1.0,113,appartamento,182,7,3,2,3,si,1926,buono,F,autonomo,doppia,3,no,no,nessuno,si,298,5,760000
IMM-03720,Torino,centro,0.4,102,appartamento,88,3,2,2,7,no,1940,buono,G,autonomo,sud,0,no,no,nessuno,si,194,9,256000
IMM-03721,Torino,periferia,13.0,2293,appartamento,106,4,2,7,11,si,1993,buono,E,autonomo,doppia,1,no,no,box,no,200,6,118000
IMM-03722,Milano,semicentro,4.5,661,appartamento,96,3,2,6,9,no,1901,buono,F,autonomo,est,0,no,no,box,no,153,4,332000
IMM-03723,Torino,semicentro,4.1,664,appartamento,81,2,2,2,7,si,2001,buono,C,autonomo,sud,1,no,no,box,si,156,4,181000
IMM-03724,Genova,semicentro,4.3,322,appartamento,127,5,2,4,5,si,2005,da_ristrutturare,D,centralizzato,doppia,3,no,no,box,no,165,3,212000
IMM-03725,Milano,periferia,7.5,990,appartamento,111,3,2,6,7,no,1968,ristrutturato,D,autonomo,nord,1,no,no,posto_auto,si,192,11,247000
IMM-03726,Palermo,periferia,10.5,284,villetta,231,8,4,0,2,no,1996,da_ristrutturare,D,autonomo,est,0,no,no,posto_auto,no,7,5,160000
IMM-03727,Bari,centro,1.8,311,appartamento,150,5,3,2,5,si,1947,ristrutturato,D,centralizzato,doppia,1,no,no,nessuno,si,284,6,401000
IMM-03728,Palermo,semicentro,2.5,602,appartamento,127,5,2,2,3,no,1911,ristrutturato,E,autonomo,sud,1,no,no,box,si,165,3,185000
IMM-03729,Genova,centro,1.7,650,appartamento,63,2,1,4,4,no,1986,ristrutturato,C,centralizzato,doppia,0,no,no,nessuno,no,116,5,189000
IMM-03730,Roma,centro,1.3,274,appartamento,70,3,1,2,4,no,1941,da_ristrutturare,G,centralizzato,ovest,0,no,no,nessuno,si,174,9,249000
IMM-03731,Bari,centro,1.4,766,attico,161,6,3,6,6,si,1911,buono,G,autonomo,ovest,1,si,no,box,si,305,1,529000
IMM-03732,Bologna,semicentro,4.2,318,appartamento,70,2,1,2,3,si,2021,nuovo,A,autonomo,sud,1,no,no,nessuno,si,191,2,260000
IMM-03733,Milano,periferia,14.9,2212,appartamento,68,2,1,4,5,si,2003,buono,C,centralizzato,doppia,2,no,no,nessuno,no,166,10,197000
IMM-03734,Bologna,semicentro,2.5,1151,villetta,90,2,2,0,2,no,1964,da_ristrutturare,F,autonomo,est,1,si,si,box,no,13,5,311000
IMM-03735,Milano,centro,1.0,211,attico,196,7,3,6,6,no,1975,ristrutturato,E,centralizzato,sud,0,no,no,nessuno,no,333,2,1251000
IMM-03736,Genova,semicentro,4.0,521,villetta,147,6,3,0,3,no,1992,da_ristrutturare,D,autonomo,est,1,si,si,box,si,4,5,206000
IMM-03737,Firenze,periferia,6.8,894,appartamento,92,3,2,4,7,si,1985,buono,D,centralizzato,doppia,2,no,no,box,no,144,9,266000
IMM-03738,Bologna,semicentro,2.7,658,appartamento,85,3,2,3,6,si,1972,buono,G,centralizzato,doppia,1,no,no,nessuno,si,169,11,200000
IMM-03739,Milano,periferia,7.4,1748,villetta,185,7,3,0,2,no,1995,buono,F,autonomo,ovest,1,no,si,box,no,19,9,623000
IMM-03740,Roma,centro,1.5,120,attico,114,3,1,4,4,si,1942,ristrutturato,D,centralizzato,est,0,si,no,box,si,207,9,618000
IMM-03741,Milano,semicentro,4.3,807,appartamento,114,3,2,2,6,si,1999,buono,E,autonomo,doppia,3,no,no,box,si,241,4,524000
IMM-03742,Milano,centro,1.4,586,appartamento,90,3,2,1,4,no,1947,da_ristrutturare,E,centralizzato,doppia,2,no,no,nessuno,si,182,8,383000
IMM-03743,Milano,centro,1.8,263,appartamento,104,4,1,0,4,si,2008,buono,C,autonomo,doppia,3,no,si,posto_auto,no,167,12,809000
IMM-03744,Roma,periferia,6.4,515,appartamento,42,2,1,7,7,si,1999,buono,E,autonomo,sud,1,no,no,nessuno,si,114,7,101000
IMM-03745,Roma,periferia,8.5,1038,appartamento,129,5,2,7,8,si,1970,ristrutturato,D,centralizzato,doppia,0,si,no,nessuno,si,253,5,276000
IMM-03746,Roma,centro,1.1,201,appartamento,34,1,1,3,5,no,1901,da_ristrutturare,G,centralizzato,est,1,no,no,nessuno,si,137,4,102000
IMM-03747,Napoli,periferia,6.6,858,appartamento,76,2,2,3,8,si,1993,da_ristrutturare,E,centralizzato,sud,1,si,no,nessuno,si,199,6,98000
IMM-03748,Palermo,periferia,10.0,3591,appartamento,136,5,2,4,4,si,1908,da_ristrutturare,G,centralizzato,est,0,no,no,box,si,245,6,77000
IMM-03749,Bari,semicentro,3.3,297,villetta,145,5,3,0,3,no,2018,nuovo,A,autonomo,doppia,2,si,si,box,si,12,8,468000
IMM-03750,Torino,centro,1.2,336,appartamento,53,2,1,7,7,no,1923,buono,G,centralizzato,doppia,2,no,no,nessuno,no,126,10,97000
IMM-03751,Firenze,semicentro,5.6,481,appartamento,90,3,2,0,9,si,1956,da_ristrutturare,E,centralizzato,nord,1,no,si,posto_auto,si,164,6,227000
IMM-03752,Roma,periferia,7.3,1649,appartamento,35,2,1,1,4,si,1985,buono,E,centralizzato,nord,1,no,no,posto_auto,no,84,9,79000
IMM-03753,Milano,semicentro,5.7,375,appartamento,104,4,2,3,9,si,1985,ristrutturato,C,centralizzato,est,0,no,no,box,si,216,8,551000
IMM-03754,Bologna,semicentro,4.0,670,appartamento,87,3,2,0,3,no,1975,buono,G,centralizzato,ovest,0,no,si,nessuno,si,137,7,237000
IMM-03755,Padova,centro,0.9,422,appartamento,63,3,1,2,3,no,1903,buono,G,autonomo,ovest,0,si,no,nessuno,si,111,7,214000
IMM-03756,Torino,periferia,12.7,938,appartamento,111,4,2,0,5,no,1940,ristrutturato,F,autonomo,est,0,no,no,nessuno,si,166,3,110000
IMM-03757,Firenze,centro,1.1,208,appartamento,88,4,2,1,4,si,1944,buono,F,centralizzato,sud,1,no,no,nessuno,si,226,12,505000
IMM-03758,Palermo,centro,2.0,202,appartamento,53,2,1,2,5,si,2007,buono,C,autonomo,ovest,1,no,no,nessuno,no,198,7,114000
IMM-03759,Milano,centro,1.8,258,attico,91,3,2,3,3,no,1928,buono,E,centralizzato,est,1,si,no,posto_auto,si,163,5,709000
IMM-03760,Bologna,semicentro,5.3,1299,appartamento,91,4,2,3,9,si,1962,da_ristrutturare,F,centralizzato,doppia,1,no,no,nessuno,si,210,8,170000
IMM-03761,Firenze,periferia,11.3,2812,appartamento,71,2,2,3,7,no,1982,buono,E,autonomo,nord,0,no,no,nessuno,no,113,4,107000
IMM-03762,Milano,centro,1.4,456,appartamento,62,2,1,0,4,si,2012,buono,B,autonomo,sud,2,no,no,nessuno,si,173,12,463000
IMM-03763,Roma,centro,1.8,291,appartamento,98,3,2,3,4,si,1987,ristrutturato,C,autonomo,sud,0,no,no,nessuno,no,209,8,463000
IMM-03764,Palermo,periferia,13.4,3510,villetta,265,8,4,0,3,no,1995,da_ristrutturare,F,autonomo,nord,2,si,si,box,no,0,5,170000
IMM-03765,Bari,semicentro,2.9,375,appartamento,153,7,3,2,3,no,1996,buono,D,autonomo,ovest,0,no,no,box,si,206,10,306000
IMM-03766,Palermo,periferia,7.1,4864,appartamento,88,3,3,7,10,si,1977,ristrutturato,E,centralizzato,ovest,0,no,no,nessuno,no,187,10,48000
IMM-03767,Napoli,periferia,6.6,999,appartamento,100,3,3,2,4,si,2025,nuovo,B,autonomo,nord,1,no,no,box,no,188,5,254000
IMM-03768,Napoli,semicentro,5.5,601,appartamento,72,2,2,4,6,si,1967,ristrutturato,C,centralizzato,sud,1,no,no,box,si,163,2,214000
IMM-03769,Bari,semicentro,4.6,336,appartamento,54,2,1,5,7,si,1940,buono,G,autonomo,doppia,1,no,no,nessuno,si,162,4,90000
IMM-03770,Roma,periferia,7.7,2540,appartamento,79,3,2,0,4,si,1987,ristrutturato,D,autonomo,ovest,2,no,no,box,no,145,12,176000
IMM-03771,Genova,periferia,11.8,2481,appartamento,170,6,3,4,5,si,2009,da_ristrutturare,B,autonomo,est,1,no,no,box,si,277,1,132000
IMM-03772,Napoli,centro,0.4,322,appartamento,143,4,3,2,3,no,1901,da_ristrutturare,E,autonomo,nord,1,no,no,nessuno,si,240,1,394000
IMM-03773,Bologna,periferia,9.4,464,appartamento,55,2,1,6,6,no,1949,buono,F,autonomo,nord,1,no,no,box,no,89,9,118000
IMM-03774,Roma,semicentro,3.4,280,appartamento,82,3,2,1,3,no,2018,nuovo,A,autonomo,nord,2,si,no,nessuno,no,142,3,369000
IMM-03775,Bologna,periferia,13.0,878,appartamento,104,4,2,1,4,si,2002,da_ristrutturare,C,centralizzato,sud,1,no,no,nessuno,si,265,7,152000
IMM-03776,Milano,semicentro,3.6,910,appartamento,93,3,2,2,7,si,1939,ristrutturato,F,centralizzato,est,0,no,no,box,si,196,7,499000
IMM-03777,Milano,centro,1.6,653,appartamento,132,5,2,6,7,si,1962,da_ristrutturare,F,autonomo,sud,1,si,no,nessuno,si,230,3,881000
IMM-03778,Bologna,centro,0.5,204,appartamento,109,4,3,4,4,si,1917,da_ristrutturare,G,autonomo,sud,0,no,no,nessuno,no,178,7,385000
IMM-03779,Padova,semicentro,2.1,303,appartamento,89,3,2,0,4,no,1959,buono,F,centralizzato,est,2,no,no,nessuno,no,171,1,171000
IMM-03780,Napoli,periferia,9.3,367,villetta,118,4,2,0,2,no,1971,ristrutturato,C,autonomo,doppia,0,no,si,box,si,32,4,291000
IMM-03781,Firenze,periferia,10.0,1122,villetta,104,4,2,0,2,no,1967,buono,F,autonomo,ovest,1,no,si,box,si,23,10,284000
IMM-03782,Milano,periferia,7.6,773,appartamento,39,3,1,11,11,si,1980,buono,F,centralizzato,nord,3,no,no,box,no,126,10,157000
IMM-03783,Bari,periferia,9.5,2536,appartamento,88,2,2,3,3,si,2021,nuovo,A,autonomo,ovest,1,no,no,box,si,170,4,155000
IMM-03784,Palermo,periferia,7.8,2706,appartamento,98,3,2,6,8,si,1981,buono,D,centralizzato,ovest,2,no,no,nessuno,no,223,6,70000
IMM-03785,Milano,centro,1.4,394,appartamento,60,2,1,1,5,si,1978,ristrutturato,E,centralizzato,sud,2,no,no,box,si,175,2,540000
IMM-03786,Torino,semicentro,5.2,302,appartamento,121,5,3,1,4,si,2005,da_ristrutturare,C,autonomo,doppia,3,no,no,nessuno,si,161,11,243000
IMM-03787,Palermo,periferia,13.9,1877,attico,110,4,2,10,10,si,1988,ristrutturato,C,centralizzato,nord,1,si,no,box,no,231,12,110000
IMM-03788,Bari,centro,1.8,127,appartamento,133,5,2,0,4,si,2002,buono,D,autonomo,doppia,3,no,no,nessuno,no,215,7,442000
IMM-03789,Roma,semicentro,3.2,1042,villetta,100,3,2,0,3,no,1947,da_ristrutturare,G,autonomo,doppia,2,no,si,box,no,17,9,252000
IMM-03790,Napoli,periferia,6.9,671,villetta,151,6,3,0,2,no,2020,nuovo,A,autonomo,ovest,1,si,si,posto_auto,si,0,5,401000
IMM-03791,Milano,semicentro,3.7,212,appartamento,99,4,3,8,8,no,1955,buono,E,autonomo,doppia,2,si,no,nessuno,si,173,3,304000
IMM-03792,Bari,periferia,12.7,1978,appartamento,95,3,2,0,2,si,1977,buono,F,autonomo,nord,1,no,si,box,no,202,2,110000
IMM-03793,Milano,semicentro,5.0,538,villetta,140,5,2,0,2,no,1971,ristrutturato,F,autonomo,nord,0,no,si,box,si,22,11,663000
IMM-03794,Napoli,periferia,12.2,1243,appartamento,117,4,2,1,10,no,1958,ristrutturato,D,centralizzato,nord,1,no,no,box,si,182,5,169000
IMM-03795,Firenze,centro,1.8,188,appartamento,92,3,2,4,7,si,2019,nuovo,A,autonomo,doppia,0,no,no,box,no,169,6,806000
IMM-03796,Napoli,semicentro,4.8,767,appartamento,82,3,2,7,7,si,1990,buono,E,autonomo,est,0,no,no,box,si,137,10,179000
IMM-03797,Bari,periferia,6.1,882,appartamento,70,2,1,4,5,si,2005,buono,C,autonomo,nord,1,no,no,box,si,148,7,114000
IMM-03798,Torino,periferia,10.9,634,villetta,137,4,2,0,3,no,2019,nuovo,A,autonomo,sud,1,no,si,box,si,0,8,255000
IMM-03799,Padova,semicentro,3.0,394,appartamento,71,3,2,4,4,si,1927,ristrutturato,E,centralizzato,doppia,3,no,no,nessuno,no,132,5,165000
IMM-03800,Palermo,periferia,6.7,2654,appartamento,89,3,3,1,3,no,1972,ristrutturato,D,autonomo,doppia,0,no,no,nessuno,si,177,9,66000
IMM-03801,Napoli,periferia,10.3,1491,appartamento,96,4,2,1,4,si,1995,ristrutturato,C,autonomo,nord,0,no,no,posto_auto,si,169,5,175000
IMM-03802,Bologna,periferia,11.3,1981,appartamento,46,2,1,2,3,si,1982,buono,G,autonomo,doppia,0,no,no,box,si,143,10,96000
IMM-03803,Napoli,periferia,11.7,1751,appartamento,52,2,1,7,7,si,1976,buono,C,centralizzato,doppia,1,no,no,box,no,109,10,107000
IMM-03804,Roma,periferia,11.8,1336,villetta,155,5,3,0,2,no,1999,ristrutturato,D,autonomo,sud,1,no,si,box,si,25,4,390000
IMM-03805,Napoli,periferia,12.0,1323,attico,130,5,1,2,2,si,1987,buono,D,centralizzato,ovest,1,si,no,box,si,262,3,240000
IMM-03806,Padova,centro,0.9,537,appartamento,53,2,1,1,3,no,1934,buono,F,centralizzato,nord,2,no,no,nessuno,si,148,9,165000
IMM-03807,Milano,semicentro,5.3,610,appartamento,140,5,2,3,5,si,1983,ristrutturato,C,centralizzato,nord,0,no,no,nessuno,no,230,9,576000
IMM-03808,Roma,semicentro,2.9,381,appartamento,85,3,2,5,5,si,2011,da_ristrutturare,C,autonomo,sud,0,no,no,posto_auto,si,177,6,269000
IMM-03809,Roma,periferia,8.6,674,villetta,169,6,3,0,2,no,1946,da_ristrutturare,F,autonomo,ovest,2,si,si,posto_auto,no,8,6,296000
IMM-03810,Napoli,centro,0.9,396,appartamento,70,2,1,4,7,no,1953,ristrutturato,E,centralizzato,nord,2,no,no,posto_auto,si,120,5,244000
IMM-03811,Torino,semicentro,5.5,163,appartamento,58,3,1,1,4,si,2016,nuovo,A,centralizzato,doppia,2,no,no,posto_auto,no,171,7,142000
IMM-03812,Bologna,periferia,13.9,1147,appartamento,74,2,2,4,4,si,1982,buono,D,centralizzato,sud,0,no,no,nessuno,si,164,5,123000
IMM-03813,Roma,centro,1.8,459,appartamento,61,3,1,3,3,si,1968,buono,F,centralizzato,doppia,2,no,no,nessuno,no,171,5,285000
IMM-03814,Roma,periferia,11.4,1921,appartamento,41,1,1,2,4,si,1959,da_ristrutturare,E,centralizzato,sud,1,no,si,posto_auto,si,132,2,81000
IMM-03815,Firenze,semicentro,5.4,1174,appartamento,104,4,2,5,7,no,1967,buono,F,centralizzato,nord,2,no,no,nessuno,no,193,5,334000
IMM-03816,Milano,periferia,12.6,2202,appartamento,87,3,2,1,2,no,2016,nuovo,A,autonomo,doppia,3,no,no,box,si,134,9,346000
IMM-03817,Padova,semicentro,3.1,1099,appartamento,79,4,2,5,5,si,1979,buono,E,centralizzato,est,0,no,no,nessuno,si,190,3,174000
IMM-03818,Torino,periferia,7.8,1330,appartamento,105,2,3,3,10,si,1957,buono,F,centralizzato,est,0,no,no,posto_auto,si,214,2,117000
IMM-03819,Napoli,periferia,9.9,3450,appartamento,64,2,1,1,2,no,1990,da_ristrutturare,E,autonomo,nord,2,no,no,box,no,109,8,85000
IMM-03820,Genova,semicentro,3.7,397,villetta,221,8,4,0,2,no,1956,ristrutturato,F,autonomo,doppia,1,no,si,posto_auto,no,8,5,427000
IMM-03821,Roma,centro,2.0,411,appartamento,77,3,2,2,7,si,1982,buono,F,autonomo,nord,1,no,no,nessuno,si,200,8,310000
IMM-03822,Napoli,semicentro,2.1,342,appartamento,74,3,2,4,6,no,1975,buono,G,autonomo,nord,3,no,no,box,si,103,4,159000
IMM-03823,Palermo,periferia,7.1,2407,appartamento,123,5,2,0,9,no,1949,ristrutturato,E,centralizzato,est,2,no,si,box,no,125,12,126000
IMM-03824,Milano,periferia,7.0,577,appartamento,106,4,1,2,7,si,1970,da_ristrutturare,D,autonomo,sud,1,no,no,box,si,187,5,293000
IMM-03825,Milano,centro,2.0,421,appartamento,64,2,1,0,4,si,1948,ristrutturato,E,autonomo,sud,1,no,no,nessuno,no,140,10,472000
IMM-03826,Firenze,centro,0.6,398,appartamento,64,2,1,5,5,no,1942,ristrutturato,F,autonomo,sud,1,no,no,nessuno,si,142,11,356000
IMM-03827,Padova,semicentro,3.6,257,appartamento,74,2,2,6,8,no,1955,buono,F,centralizzato,doppia,0,no,no,nessuno,si,141,1,104000
IMM-03828,Napoli,centro,0.8,108,appartamento,141,5,3,0,4,si,1910,da_ristrutturare,G,centralizzato,doppia,2,no,no,nessuno,si,288,12,358000
IMM-03829,Roma,centro,1.9,281,appartamento,149,4,3,2,3,no,1931,buono,G,autonomo,sud,1,no,no,nessuno,si,225,12,502000
IMM-03830,Milano,centro,1.9,625,appartamento,58,1,1,1,3,no,2008,ristrutturato,A,autonomo,doppia,1,no,no,nessuno,no,124,6,494000
IMM-03831,Firenze,periferia,12.1,1367,appartamento,105,3,2,4,11,si,1951,ristrutturato,E,autonomo,nord,2,no,no,box,si,175,2,248000
IMM-03832,Milano,semicentro,4.4,914,appartamento,113,4,2,1,3,no,1949,da_ristrutturare,G,autonomo,doppia,2,no,no,nessuno,si,103,6,432000
IMM-03833,Padova,semicentro,4.1,468,appartamento,44,2,1,8,8,no,1973,buono,G,centralizzato,est,0,no,no,nessuno,si,98,10,57000
IMM-03834,Padova,periferia,12.4,1816,appartamento,105,4,2,3,7,si,2001,buono,B,centralizzato,nord,2,no,no,box,si,217,11,159000
IMM-03835,Roma,centro,1.7,189,appartamento,86,3,2,3,4,si,1955,ristrutturato,E,autonomo,doppia,2,no,no,nessuno,si,205,8,470000
IMM-03836,Firenze,semicentro,2.4,649,appartamento,117,4,2,1,4,si,1982,buono,D,centralizzato,nord,2,no,no,box,si,267,3,432000
IMM-03837,Padova,semicentro,5.1,1079,appartamento,48,1,1,4,5,si,1982,buono,E,centralizzato,ovest,1,no,no,nessuno,si,142,8,106000
IMM-03838,Roma,periferia,14.9,2309,appartamento,52,2,2,0,7,si,1993,ristrutturato,C,autonomo,ovest,1,no,no,posto_auto,no,146,12,108000
IMM-03839,Padova,semicentro,4.4,1818,appartamento,82,2,2,3,5,no,1964,buono,E,autonomo,doppia,2,no,no,posto_auto,no,168,6,143000
IMM-03840,Roma,semicentro,5.7,363,appartamento,93,3,2,7,9,si,2018,nuovo,A,centralizzato,doppia,1,no,no,posto_auto,no,235,12,437000
IMM-03841,Napoli,centro,0.3,317,appartamento,68,2,1,3,3,si,1935,buono,F,centralizzato,nord,1,no,no,nessuno,si,212,5,253000
IMM-03842,Roma,periferia,13.6,1232,appartamento,57,1,1,4,4,si,1971,buono,F,centralizzato,ovest,2,no,no,box,si,139,6,136000
IMM-03843,Torino,periferia,12.2,4197,appartamento,143,5,3,2,3,si,1984,da_ristrutturare,D,autonomo,sud,2,no,no,box,no,242,10,140000
IMM-03844,Padova,centro,1.7,340,appartamento,83,3,2,0,3,si,1910,buono,G,autonomo,sud,1,si,no,nessuno,no,196,6,291000
IMM-03845,Roma,periferia,14.5,2188,appartamento,43,1,1,0,2,si,1959,buono,G,centralizzato,nord,1,no,no,nessuno,si,163,4,48000
IMM-03846,Milano,semicentro,6.0,683,appartamento,67,3,1,3,5,no,1975,ristrutturato,E,autonomo,nord,2,no,no,nessuno,no,114,10,266000
IMM-03847,Roma,centro,0.7,202,appartamento,80,3,2,4,4,si,1926,da_ristrutturare,F,autonomo,nord,2,no,no,nessuno,si,209,10,313000
IMM-03848,Napoli,periferia,14.1,695,appartamento,137,5,2,1,5,si,2004,ristrutturato,A,centralizzato,nord,2,no,no,box,no,252,12,235000
IMM-03849,Padova,periferia,7.7,409,appartamento,133,5,2,5,7,no,1927,da_ristrutturare,G,centralizzato,sud,1,no,no,box,si,196,1,122000
IMM-03850,Napoli,periferia,7.9,573,appartamento,54,1,1,1,4,si,2013,da_ristrutturare,D,centralizzato,sud,1,no,no,posto_auto,no,160,4,98000
IMM-03851,Palermo,periferia,8.5,403,appartamento,48,2,1,0,8,si,2001,buono,C,autonomo,est,0,no,si,nessuno,si,143,7,50000
IMM-03852,Roma,periferia,9.2,956,appartamento,78,3,2,0,10,si,1993,da_ristrutturare,E,autonomo,est,1,no,si,nessuno,si,156,5,124000
IMM-03853,Roma,semicentro,5.6,569,appartamento,142,5,3,3,5,si,1992,buono,F,autonomo,est,1,no,no,nessuno,si,245,7,351000
IMM-03854,Bologna,centro,1.6,425,appartamento,113,3,2,1,5,si,1988,buono,D,autonomo,ovest,3,no,no,nessuno,no,208,4,448000
IMM-03855,Firenze,periferia,10.0,1601,appartamento,61,3,2,8,8,si,1998,ristrutturato,C,autonomo,nord,1,no,no,nessuno,si,156,10,157000
IMM-03856,Palermo,periferia,14.3,412,appartamento,90,3,2,0,7,no,1975,buono,D,centralizzato,sud,0,no,no,nessuno,si,169,4,53000
IMM-03857,Torino,semicentro,5.9,464,appartamento,51,2,1,0,3,no,1999,buono,E,autonomo,ovest,2,no,si,nessuno,si,97,1,94000
IMM-03858,Bologna,semicentro,3.8,956,appartamento,170,6,3,4,6,no,1914,buono,G,centralizzato,doppia,1,no,no,box,si,294,6,351000
IMM-03859,Bari,periferia,14.5,3753,appartamento,51,1,1,1,2,no,1955,ristrutturato,D,autonomo,sud,1,si,no,posto_auto,si,76,2,68000
IMM-03860,Padova,semicentro,2.9,306,appartamento,59,2,1,0,3,no,2008,ristrutturato,B,autonomo,nord,2,no,si,nessuno,si,160,11,150000
IMM-03861,Roma,semicentro,3.4,595,appartamento,81,3,2,1,3,no,1951,buono,G,autonomo,doppia,2,no,no,nessuno,si,95,11,226000
IMM-03862,Roma,periferia,9.8,550,appartamento,65,2,1,2,3,no,2002,buono,C,autonomo,doppia,1,no,no,box,no,73,6,172000
IMM-03863,Milano,semicentro,2.2,2457,appartamento,88,4,2,4,6,si,1973,buono,E,autonomo,sud,2,no,no,box,si,180,9,419000
IMM-03864,Roma,semicentro,3.1,646,appartamento,65,4,1,5,9,no,1949,da_ristrutturare,F,centralizzato,nord,1,si,no,posto_auto,si,126,11,128000
IMM-03865,Firenze,semicentro,5.5,734,appartamento,77,2,2,2,4,si,1936,buono,E,autonomo,nord,0,si,no,nessuno,si,178,5,271000
IMM-03866,Padova,semicentro,4.5,258,attico,117,4,3,4,4,si,2018,nuovo,B,centralizzato,ovest,0,si,no,box,si,241,10,405000
IMM-03867,Roma,semicentro,4.7,1181,appartamento,114,4,2,4,9,si,1978,ristrutturato,B,centralizzato,est,0,si,no,nessuno,si,230,7,368000
IMM-03868,Roma,centro,1.6,531,appartamento,54,3,1,3,5,no,1914,ristrutturato,E,centralizzato,nord,0,no,no,posto_auto,si,158,5,267000
IMM-03869,Bologna,periferia,12.8,1123,appartamento,49,2,1,5,5,si,2010,buono,B,autonomo,doppia,1,no,no,box,no,133,10,137000
IMM-03870,Genova,centro,1.6,458,appartamento,48,2,1,2,5,si,1963,buono,E,centralizzato,nord,1,no,no,nessuno,no,149,8,110000
IMM-03871,Padova,periferia,12.9,838,villetta,226,7,4,0,2,no,1984,buono,F,autonomo,est,1,no,si,nessuno,no,6,5,311000
IMM-03872,Roma,periferia,10.0,206,appartamento,62,1,1,1,7,si,1976,buono,E,autonomo,est,0,no,no,box,no,177,9,119000
IMM-03873,Roma,periferia,12.6,463,villetta,195,7,3,0,2,no,2025,nuovo,A,autonomo,sud,0,no,si,posto_auto,si,43,8,548000
IMM-03874,Milano,semicentro,2.4,455,appartamento,47,1,1,8,9,si,2025,nuovo,A,autonomo,nord,2,no,no,box,no,139,5,354000
IMM-03875,Bari,periferia,7.2,2875,appartamento,50,2,1,2,5,si,2009,ristrutturato,A,autonomo,doppia,1,si,no,nessuno,no,138,5,76000
IMM-03876,Torino,periferia,11.4,2285,attico,108,5,2,4,4,no,1972,buono,G,autonomo,doppia,1,si,no,posto_auto,si,88,7,125000
IMM-03877,Milano,semicentro,3.5,487,appartamento,72,2,2,0,7,no,1907,ristrutturato,E,autonomo,est,0,no,no,nessuno,si,125,4,366000
IMM-03878,Genova,semicentro,2.3,337,appartamento,74,2,2,1,8,si,1965,da_ristrutturare,G,centralizzato,est,1,no,no,posto_auto,no,193,10,96000
IMM-03879,Milano,periferia,9.3,918,villetta,164,5,3,0,2,no,2002,ristrutturato,B,autonomo,sud,0,si,si,box,no,28,4,749000
IMM-03880,Milano,periferia,11.3,562,villetta,90,3,2,0,2,no,2025,nuovo,A,autonomo,sud,1,si,si,box,si,25,5,448000
IMM-03881,Milano,periferia,8.5,2211,appartamento,98,4,2,5,6,si,2025,nuovo,A,centralizzato,doppia,1,no,no,nessuno,si,227,7,400000
IMM-03882,Milano,centro,0.6,172,appartamento,140,5,1,6,6,no,1955,ristrutturato,D,centralizzato,doppia,2,no,no,nessuno,si,229,4,714000
IMM-03883,Torino,periferia,6.4,310,appartamento,66,2,1,3,6,si,1962,buono,G,centralizzato,nord,1,no,no,posto_auto,no,151,5,77000
IMM-03884,Roma,semicentro,5.2,431,appartamento,93,3,2,2,8,si,1979,buono,E,centralizzato,est,1,no,no,box,si,244,11,291000
IMM-03885,Bologna,semicentro,4.4,480,appartamento,99,3,1,3,7,si,2011,buono,C,centralizzato,sud,0,no,no,posto_auto,no,211,10,264000
IMM-03886,Torino,semicentro,3.2,709,appartamento,98,3,2,1,5,si,1968,ristrutturato,D,centralizzato,sud,2,no,no,box,si,192,5,209000
IMM-03887,Bologna,centro,1.4,748,appartamento,52,2,1,7,7,si,1913,buono,E,centralizzato,doppia,1,no,no,nessuno,si,194,10,270000
IMM-03888,Milano,centro,1.3,411,appartamento,40,1,2,1,7,si,1965,buono,G,centralizzato,sud,1,no,no,nessuno,no,179,10,316000
IMM-03889,Firenze,semicentro,4.3,985,appartamento,72,2,2,0,8,si,2023,nuovo,A,autonomo,sud,2,no,no,box,no,184,9,483000
IMM-03890,Milano,periferia,14.3,1606,appartamento,104,4,2,4,9,si,1976,ristrutturato,D,autonomo,nord,1,no,no,box,si,151,12,330000
IMM-03891,Torino,semicentro,4.0,468,appartamento,74,3,2,3,3,no,1957,buono,E,autonomo,ovest,1,no,no,nessuno,si,106,5,116000
IMM-03892,Milano,semicentro,3.3,438,appartamento,68,2,1,2,6,si,2020,buono,A,autonomo,doppia,2,no,si,box,no,163,9,493000
IMM-03893,Milano,centro,1.6,165,appartamento,55,2,1,2,5,si,2012,buono,C,autonomo,nord,1,no,no,posto_auto,no,139,6,438000
IMM-03894,Napoli,semicentro,2.8,397,appartamento,67,3,1,0,6,si,1971,ristrutturato,E,autonomo,est,0,no,si,nessuno,si,125,6,167000
IMM-03895,Firenze,semicentro,2.2,372,appartamento,128,5,2,5,9,si,1971,buono,F,autonomo,ovest,2,no,no,nessuno,no,190,3,468000
IMM-03896,Bologna,periferia,7.5,2937,appartamento,67,3,1,4,8,si,2013,buono,C,autonomo,sud,1,no,no,posto_auto,no,173,6,146000
IMM-03897,Palermo,semicentro,2.2,475,appartamento,101,4,2,2,9,si,1964,buono,F,centralizzato,sud,0,no,no,nessuno,si,220,12,108000
IMM-03898,Torino,semicentro,4.0,1308,appartamento,95,3,2,6,9,no,1959,buono,E,centralizzato,nord,1,no,no,posto_auto,si,205,11,120000
IMM-03899,Firenze,semicentro,2.6,1851,attico,118,4,3,6,6,si,1985,ristrutturato,D,centralizzato,nord,2,si,no,posto_auto,si,247,10,540000
IMM-03900,Padova,centro,0.5,249,appartamento,83,4,2,1,5,no,1974,buono,G,autonomo,sud,0,no,no,posto_auto,no,149,11,277000
IMM-03901,Napoli,semicentro,3.0,725,appartamento,69,3,1,1,5,si,2000,buono,C,autonomo,ovest,1,si,no,box,no,160,2,189000
IMM-03902,Bari,semicentro,3.9,322,appartamento,120,4,2,4,4,si,1968,buono,F,autonomo,sud,2,no,no,nessuno,no,213,7,252000
IMM-03903,Torino,periferia,6.2,1030,villetta,121,5,2,0,2,no,1969,buono,G,autonomo,doppia,2,no,si,nessuno,si,29,7,146000
IMM-03904,Roma,periferia,9.1,2692,villetta,214,8,3,0,2,no,2017,nuovo,A,autonomo,ovest,0,no,no,box,si,9,5,529000
IMM-03905,Palermo,semicentro,5.6,1286,appartamento,71,2,2,2,5,no,1933,da_ristrutturare,G,centralizzato,ovest,0,no,no,nessuno,si,146,3,55000
IMM-03906,Torino,periferia,12.8,508,villetta,141,5,3,0,3,no,2016,nuovo,A,autonomo,ovest,1,no,si,posto_auto,si,9,2,267000
IMM-03907,Palermo,periferia,6.1,1227,appartamento,52,1,1,3,7,no,1943,da_ristrutturare,G,autonomo,doppia,1,no,no,box,no,147,8,51000
IMM-03908,Bari,semicentro,3.0,269,appartamento,55,2,1,5,8,si,1984,buono,G,autonomo,nord,1,no,no,box,no,132,1,123000
IMM-03909,Genova,semicentro,2.1,487,appartamento,58,2,2,4,7,no,1955,buono,E,centralizzato,nord,1,no,no,nessuno,si,119,5,83000
IMM-03910,Milano,semicentro,2.1,1148,appartamento,220,8,4,3,5,si,1917,da_ristrutturare,G,centralizzato,sud,1,si,no,posto_auto,si,365,2,812000
IMM-03911,Palermo,semicentro,4.1,487,attico,133,5,2,3,3,si,1952,buono,E,autonomo,ovest,1,si,no,nessuno,no,214,5,182000
IMM-03912,Napoli,semicentro,4.4,307,attico,89,4,2,7,7,no,1974,buono,G,autonomo,nord,2,si,no,nessuno,si,133,4,192000
IMM-03913,Roma,centro,0.9,223,appartamento,80,2,2,3,3,no,1964,buono,G,autonomo,nord,3,no,no,nessuno,si,127,8,278000
IMM-03914,Milano,centro,1.5,404,appartamento,112,4,2,2,5,si,1931,buono,G,centralizzato,doppia,1,no,no,nessuno,si,220,12,825000
IMM-03915,Milano,semicentro,4.5,1299,appartamento,107,3,2,0,9,si,1970,da_ristrutturare,E,centralizzato,nord,1,no,no,nessuno,no,199,2,287000
IMM-03916,Milano,semicentro,2.6,1609,attico,120,4,2,5,5,si,1905,ristrutturato,E,centralizzato,sud,1,si,no,nessuno,si,226,12,721000
IMM-03917,Genova,centro,1.5,219,appartamento,92,2,2,2,5,no,1950,ristrutturato,C,autonomo,sud,0,no,no,nessuno,si,134,7,258000
IMM-03918,Roma,centro,0.9,283,appartamento,54,3,2,0,3,no,1967,buono,F,centralizzato,est,1,no,si,nessuno,no,141,8,251000
IMM-03919,Bologna,semicentro,2.7,824,appartamento,36,1,1,3,6,si,1985,buono,F,centralizzato,sud,1,no,no,posto_auto,si,120,2,120000
IMM-03920,Napoli,semicentro,3.3,687,appartamento,66,2,1,1,6,si,1998,buono,E,autonomo,est,2,no,no,nessuno,no,124,4,170000
IMM-03921,Milano,periferia,8.6,1091,attico,143,5,3,8,8,si,2025,nuovo,A,autonomo,doppia,0,si,no,box,no,256,1,727000
IMM-03922,Napoli,periferia,9.5,525,appartamento,68,2,1,3,9,si,1994,buono,D,autonomo,sud,0,no,si,nessuno,si,217,4,112000
IMM-03923,Napoli,semicentro,4.3,383,appartamento,125,5,2,1,4,si,1903,buono,G,autonomo,est,1,no,no,nessuno,si,192,4,273000
IMM-03924,Torino,semicentro,2.6,1737,attico,140,6,2,9,9,no,1967,da_ristrutturare,E,centralizzato,ovest,1,si,no,box,no,192,2,178000
IMM-03925,Roma,semicentro,5.0,637,appartamento,58,2,1,6,7,si,2011,buono,C,autonomo,ovest,0,no,no,nessuno,no,163,6,181000
IMM-03926,Napoli,periferia,9.6,485,appartamento,49,3,1,9,10,no,1957,da_ristrutturare,G,centralizzato,nord,0,no,no,box,no,131,8,65000
IMM-03927,Padova,periferia,7.8,1200,appartamento,54,2,1,4,5,si,2023,nuovo,A,autonomo,doppia,2,no,no,posto_auto,no,108,8,157000
IMM-03928,Napoli,periferia,11.1,5000,appartamento,130,4,2,11,11,no,1946,buono,G,centralizzato,sud,1,si,no,posto_auto,no,212,10,127000
IMM-03929,Roma,semicentro,2.5,1292,appartamento,116,4,2,4,8,si,1995,ristrutturato,C,autonomo,nord,1,no,no,nessuno,no,214,3,363000
IMM-03930,Bologna,periferia,7.1,658,appartamento,62,3,1,9,9,si,2010,ristrutturato,B,centralizzato,est,1,no,no,box,no,207,12,185000
IMM-03931,Roma,periferia,7.4,751,appartamento,94,3,2,3,8,si,1996,buono,E,autonomo,nord,2,no,no,nessuno,no,199,4,217000
IMM-03932,Torino,semicentro,5.0,3027,appartamento,55,2,1,1,8,si,1988,ristrutturato,D,autonomo,sud,0,no,no,nessuno,si,136,9,94000
IMM-03933,Bologna,centro,1.9,194,appartamento,100,4,2,1,6,si,1989,da_ristrutturare,E,autonomo,nord,2,no,no,box,si,188,11,383000
IMM-03934,Roma,periferia,6.1,775,villetta,103,3,2,0,3,no,2022,buono,A,autonomo,ovest,0,si,si,box,no,7,9,328000
IMM-03935,Milano,periferia,6.7,575,appartamento,100,4,2,4,11,no,1965,ristrutturato,C,autonomo,doppia,2,si,no,posto_auto,no,171,9,366000
IMM-03936,Napoli,centro,0.7,186,attico,84,4,1,5,5,no,1972,da_ristrutturare,D,centralizzato,doppia,3,no,no,posto_auto,no,150,12,230000
IMM-03937,Roma,semicentro,4.8,593,appartamento,69,4,1,5,7,si,1971,ristrutturato,C,autonomo,sud,1,no,no,nessuno,no,124,8,245000
IMM-03938,Milano,centro,0.9,268,appartamento,46,1,1,5,6,no,1921,ristrutturato,F,centralizzato,ovest,0,no,no,nessuno,si,115,1,250000
IMM-03939,Roma,semicentro,3.7,409,appartamento,56,2,2,5,8,si,2010,da_ristrutturare,A,autonomo,est,2,no,no,nessuno,si,127,5,186000
IMM-03940,Roma,centro,1.1,210,appartamento,90,4,2,2,5,si,1909,ristrutturato,D,autonomo,nord,1,no,no,nessuno,si,119,7,483000
IMM-03941,Genova,semicentro,3.8,718,appartamento,90,3,2,1,6,si,1910,buono,F,autonomo,sud,0,no,no,nessuno,si,149,6,144000
IMM-03942,Milano,semicentro,4.2,789,villetta,173,7,3,0,2,no,1908,buono,F,autonomo,nord,0,si,si,box,si,15,6,878000
IMM-03943,Milano,semicentro,5.6,465,appartamento,121,4,2,9,9,no,1957,ristrutturato,E,autonomo,doppia,0,no,no,nessuno,si,207,12,365000
IMM-03944,Torino,semicentro,2.8,156,appartamento,51,1,1,3,5,si,1996,buono,E,autonomo,doppia,2,no,no,nessuno,no,126,5,103000
IMM-03945,Roma,periferia,10.1,509,appartamento,77,2,2,0,2,no,2004,da_ristrutturare,C,autonomo,ovest,1,no,no,box,no,113,7,141000
IMM-03946,Roma,semicentro,3.7,410,appartamento,135,5,2,3,3,no,1993,ristrutturato,D,autonomo,doppia,0,no,no,box,si,170,5,424000
IMM-03947,Firenze,semicentro,3.5,1744,appartamento,79,3,2,4,4,si,1996,ristrutturato,C,autonomo,nord,0,no,no,box,no,167,11,363000
IMM-03948,Genova,semicentro,4.9,724,appartamento,120,4,2,1,4,no,1948,buono,G,centralizzato,est,2,no,no,box,no,160,12,176000
IMM-03949,Bologna,centro,1.3,136,appartamento,73,1,2,0,3,no,1911,da_ristrutturare,F,autonomo,est,0,no,si,nessuno,si,153,12,235000
IMM-03950,Bologna,periferia,11.9,1912,appartamento,93,3,2,1,3,no,1951,buono,G,autonomo,nord,3,no,no,box,no,165,3,187000
IMM-03951,Torino,periferia,11.0,1165,attico,98,4,2,8,8,si,2000,da_ristrutturare,C,centralizzato,doppia,2,no,no,nessuno,no,243,2,121000
IMM-03952,Bari,semicentro,3.6,659,appartamento,68,3,1,1,6,no,1926,buono,F,autonomo,doppia,0,no,no,box,si,143,3,157000
IMM-03953,Milano,periferia,6.2,684,villetta,170,7,3,0,2,no,2019,nuovo,A,autonomo,sud,0,si,si,box,no,14,4,836000
IMM-03954,Torino,semicentro,4.9,386,appartamento,76,3,2,2,3,no,1917,ristrutturato,F,autonomo,est,1,no,no,nessuno,si,142,9,146000
IMM-03955,Napoli,periferia,10.2,670,appartamento,82,3,2,1,3,si,2003,ristrutturato,B,autonomo,doppia,1,no,no,box,si,185,2,170000
IMM-03956,Roma,semicentro,5.6,1006,appartamento,59,3,2,3,9,si,1938,buono,G,autonomo,sud,2,no,no,box,si,175,10,222000
IMM-03957,Padova,semicentro,4.1,361,appartamento,58,1,1,4,6,no,1966,buono,F,centralizzato,doppia,3,no,no,nessuno,no,97,5,88000
IMM-03958,Torino,centro,0.5,274,appartamento,87,4,2,2,5,si,1952,buono,G,centralizzato,doppia,0,no,no,nessuno,si,189,9,198000
IMM-03959,Torino,semicentro,3.6,833,appartamento,67,2,1,8,9,si,1958,ristrutturato,D,centralizzato,ovest,2,no,no,nessuno,si,145,9,154000
IMM-03960,Roma,periferia,10.4,3746,appartamento,61,2,2,4,7,si,1979,buono,F,autonomo,est,2,no,no,nessuno,si,136,1,97000
IMM-03961,Bologna,semicentro,5.5,1772,appartamento,88,3,2,2,5,si,1936,da_ristrutturare,G,centralizzato,sud,2,no,no,box,no,178,5,214000
IMM-03962,Padova,semicentro,2.7,685,appartamento,52,2,1,0,4,si,2010,buono,D,centralizzato,est,3,no,si,box,si,131,2,174000
IMM-03963,Roma,periferia,10.9,653,villetta,200,8,3,0,2,no,2015,da_ristrutturare,C,autonomo,sud,0,no,si,nessuno,no,9,8,331000
IMM-03964,Milano,semicentro,4.1,505,villetta,90,3,2,0,2,no,1962,ristrutturato,E,autonomo,sud,2,si,si,box,no,21,9,531000
IMM-03965,Palermo,periferia,6.8,659,appartamento,118,4,2,2,2,si,1922,da_ristrutturare,G,autonomo,est,0,no,no,box,no,192,4,83000
IMM-03966,Milano,periferia,7.8,1644,appartamento,84,4,2,3,9,si,1978,buono,F,centralizzato,nord,0,no,no,box,si,196,11,242000
IMM-03967,Milano,centro,1.3,294,appartamento,92,3,2,5,7,si,1953,buono,F,centralizzato,doppia,2,no,no,posto_auto,si,234,12,558000
IMM-03968,Roma,centro,1.1,252,appartamento,58,3,1,2,3,no,1937,ristrutturato,E,autonomo,doppia,3,no,no,nessuno,no,112,7,313000
IMM-03969,Palermo,centro,0.7,219,appartamento,50,1,1,0,4,no,1965,ristrutturato,E,autonomo,nord,1,si,si,nessuno,no,175,2,113000
IMM-03970,Torino,semicentro,2.9,298,appartamento,51,3,1,0,4,si,1977,buono,E,centralizzato,doppia,2,no,no,box,si,174,3,121000
IMM-03971,Napoli,periferia,14.3,735,appartamento,63,3,1,4,10,no,1954,buono,E,centralizzato,doppia,0,no,no,nessuno,no,102,2,60000
IMM-03972,Milano,semicentro,2.3,442,appartamento,83,4,2,2,6,si,1984,da_ristrutturare,E,autonomo,ovest,2,no,no,posto_auto,no,108,8,325000
IMM-03973,Bologna,semicentro,4.9,413,appartamento,86,3,2,3,9,si,1986,da_ristrutturare,E,autonomo,sud,2,no,no,box,si,144,2,238000
IMM-03974,Torino,semicentro,3.6,1079,appartamento,67,3,1,4,5,si,1994,buono,E,autonomo,sud,1,no,no,posto_auto,si,182,2,160000
IMM-03975,Firenze,semicentro,4.5,430,appartamento,113,4,2,0,5,si,2015,buono,D,autonomo,doppia,0,si,no,box,no,185,2,479000
IMM-03976,Milano,semicentro,2.7,619,appartamento,92,4,2,5,7,no,1940,ristrutturato,E,centralizzato,doppia,2,no,no,nessuno,si,175,6,365000
IMM-03977,Torino,semicentro,6.0,465,appartamento,43,2,1,0,9,si,1956,buono,F,centralizzato,nord,3,no,no,box,si,152,11,82000
IMM-03978,Genova,centro,0.3,446,appartamento,55,1,1,5,5,si,1970,ristrutturato,C,autonomo,nord,1,no,no,posto_auto,no,122,10,175000
IMM-03979,Bari,semicentro,3.4,387,appartamento,109,3,2,8,8,si,1952,da_ristrutturare,G,centralizzato,sud,0,no,no,box,no,241,12,159000
IMM-03980,Firenze,periferia,11.6,1364,appartamento,65,3,1,1,7,si,1964,da_ristrutturare,F,centralizzato,nord,2,no,no,nessuno,si,170,2,103000
IMM-03981,Bologna,centro,1.2,173,appartamento,41,1,1,1,5,si,1979,da_ristrutturare,E,autonomo,ovest,1,no,si,nessuno,si,146,9,166000
IMM-03982,Roma,periferia,9.7,1891,appartamento,92,3,2,1,2,si,2025,buono,A,autonomo,ovest,2,no,no,nessuno,no,180,11,216000
IMM-03983,Palermo,periferia,9.5,1701,villetta,166,7,3,0,2,no,1953,da_ristrutturare,G,autonomo,sud,1,no,si,box,no,51,12,101000
IMM-03984,Roma,semicentro,3.9,669,appartamento,71,4,1,2,9,no,1972,ristrutturato,C,centralizzato,sud,2,no,no,nessuno,si,149,10,241000
IMM-03985,Torino,periferia,13.2,1247,appartamento,50,3,1,2,2,no,1996,ristrutturato,C,centralizzato,doppia,2,no,no,posto_auto,si,79,2,70000
IMM-03986,Roma,semicentro,3.2,884,appartamento,57,2,1,3,7,si,1999,buono,E,autonomo,sud,1,no,no,posto_auto,no,165,2,190000
IMM-03987,Torino,centro,1.0,353,appartamento,46,2,1,5,5,si,1903,buono,G,autonomo,doppia,0,no,no,nessuno,si,132,6,137000
IMM-03988,Milano,centro,0.8,369,appartamento,98,5,2,3,3,si,1947,buono,G,autonomo,ovest,3,no,no,nessuno,si,247,12,580000
IMM-03989,Milano,centro,1.9,327,appartamento,150,5,3,3,3,no,1927,buono,F,autonomo,sud,0,no,no,posto_auto,no,191,6,810000
IMM-03990,Bologna,periferia,9.2,1142,villetta,156,6,4,0,3,no,2025,nuovo,A,autonomo,sud,0,no,si,box,no,4,1,443000
IMM-03991,Milano,semicentro,3.3,321,appartamento,75,3,2,4,5,si,1964,ristrutturato,D,centralizzato,est,1,no,no,box,no,226,6,358000
IMM-03992,Palermo,semicentro,5.0,2375,appartamento,146,5,3,5,6,no,1959,da_ristrutturare,E,centralizzato,sud,1,no,no,posto_auto,si,224,12,62000
IMM-03993,Napoli,periferia,8.1,845,appartamento,88,3,2,3,3,no,1976,buono,E,autonomo,est,2,no,no,posto_auto,si,170,3,103000
IMM-03994,Bologna,centro,2.0,167,appartamento,52,2,1,3,7,si,1984,buono,D,autonomo,sud,1,no,no,nessuno,no,103,4,260000
IMM-03995,Milano,semicentro,3.5,1056,appartamento,85,3,3,1,7,si,1995,buono,E,autonomo,sud,2,no,no,box,no,176,12,449000
IMM-03996,Milano,centro,1.3,380,appartamento,71,3,2,0,3,si,1951,da_ristrutturare,G,autonomo,sud,0,no,no,nessuno,no,175,3,365000
IMM-03997,Bari,periferia,11.0,521,appartamento,94,3,1,9,10,no,1950,ristrutturato,E,centralizzato,nord,2,no,no,posto_auto,si,184,4,81000
IMM-03998,Torino,semicentro,5.4,292,appartamento,44,2,1,6,6,no,1962,da_ristrutturare,F,autonomo,est,1,no,no,nessuno,si,85,10,47000
IMM-03999,Milano,periferia,7.5,432,villetta,196,7,2,0,3,no,1937,buono,F,autonomo,doppia,0,no,no,box,no,44,12,599000
IMM-04000,Genova,centro,1.8,421,attico,127,4,2,4,4,si,1967,buono,E,centralizzato,est,1,si,no,nessuno,no,281,10,295000
IMM-04001,Bologna,semicentro,3.5,814,appartamento,88,3,2,2,6,no,1954,da_ristrutturare,E,centralizzato,est,0,no,no,nessuno,si,161,3,168000
IMM-04002,Torino,semicentro,2.5,265,appartamento,60,1,1,0,9,si,1980,buono,F,centralizzato,sud,0,no,si,nessuno,si,163,8,124000
IMM-04003,Genova,periferia,10.7,762,appartamento,87,2,2,0,3,no,2010,buono,C,autonomo,doppia,1,no,no,nessuno,no,186,2,99000
IMM-04004,Bologna,semicentro,2.7,909,villetta,113,5,1,0,2,no,1981,buono,E,autonomo,nord,2,si,no,box,no,20,1,351000
IMM-04005,Torino,periferia,13.8,1257,villetta,182,7,3,0,2,no,1957,buono,G,autonomo,nord,1,si,si,nessuno,si,27,9,197000
IMM-04006,Roma,centro,1.6,227,appartamento,108,4,2,3,3,si,1951,buono,G,autonomo,sud,1,no,no,nessuno,si,215,4,382000
IMM-04007,Roma,periferia,10.6,2763,villetta,152,6,3,0,2,no,1976,ristrutturato,D,autonomo,sud,1,si,si,posto_auto,si,13,9,337000
IMM-04008,Roma,semicentro,2.3,723,appartamento,82,3,2,2,5,si,1932,buono,F,autonomo,nord,0,no,no,posto_auto,si,208,2,221000
IMM-04009,Torino,periferia,10.7,2247,appartamento,81,3,2,4,5,si,1994,da_ristrutturare,E,autonomo,doppia,2,no,no,box,si,210,10,95000
IMM-04010,Milano,periferia,15.0,876,appartamento,50,2,1,4,7,si,1968,buono,G,centralizzato,doppia,1,si,no,box,si,172,6,167000
IMM-04011,Roma,semicentro,3.4,286,appartamento,55,2,1,2,5,si,1989,buono,E,autonomo,doppia,2,no,no,nessuno,no,173,8,157000
IMM-04012,Bari,semicentro,5.8,641,appartamento,74,3,2,3,3,no,1995,buono,E,centralizzato,sud,1,no,no,nessuno,no,136,5,97000
IMM-04013,Napoli,periferia,12.5,1216,villetta,136,5,2,0,3,no,1982,buono,C,autonomo,doppia,1,si,si,posto_auto,no,16,8,228000
IMM-04014,Milano,semicentro,4.9,578,attico,94,4,2,4,4,si,1979,buono,E,centralizzato,sud,1,si,no,nessuno,si,207,2,510000
IMM-04015,Milano,centro,0.4,104,appartamento,53,3,1,5,5,si,1990,buono,C,autonomo,ovest,2,no,no,nessuno,no,140,6,345000
IMM-04016,Torino,semicentro,2.6,537,appartamento,115,4,2,2,4,no,1948,da_ristrutturare,E,autonomo,est,0,no,no,nessuno,si,171,7,133000
IMM-04017,Milano,periferia,9.1,4126,appartamento,41,1,1,3,6,si,1998,da_ristrutturare,F,autonomo,nord,1,no,no,box,no,104,9,111000
IMM-04018,Roma,periferia,12.0,677,appartamento,64,2,1,1,7,si,1970,ristrutturato,E,centralizzato,nord,1,no,no,box,si,161,5,157000
IMM-04019,Roma,semicentro,3.0,324,appartamento,57,2,1,1,7,si,1973,buono,F,centralizzato,nord,1,no,si,nessuno,no,147,6,179000
IMM-04020,Milano,semicentro,4.1,422,appartamento,67,2,1,1,4,si,1975,buono,F,centralizzato,ovest,1,no,no,posto_auto,no,177,12,276000
IMM-04021,Milano,semicentro,4.5,441,appartamento,86,2,2,1,3,si,1953,buono,F,centralizzato,est,1,no,no,box,si,160,1,313000
IMM-04022,Milano,centro,2.0,155,appartamento,54,2,1,3,7,si,1999,buono,F,autonomo,doppia,1,no,no,nessuno,si,177,6,378000
IMM-04023,Roma,periferia,14.1,1001,appartamento,55,1,1,4,6,no,1964,buono,E,autonomo,sud,2,si,no,nessuno,si,111,12,83000
IMM-04024,Roma,periferia,13.1,5000,appartamento,96,3,2,7,11,no,1974,ristrutturato,E,centralizzato,nord,2,no,no,nessuno,no,178,11,97000
IMM-04025,Roma,semicentro,2.1,1745,appartamento,78,2,2,2,3,no,1959,da_ristrutturare,F,autonomo,ovest,1,no,no,nessuno,si,109,9,170000
IMM-04026,Genova,periferia,6.1,1300,appartamento,75,2,2,2,8,si,2015,ristrutturato,B,autonomo,doppia,2,no,no,box,no,152,5,106000
IMM-04027,Roma,semicentro,4.1,651,appartamento,39,1,1,3,9,si,1989,ristrutturato,D,centralizzato,nord,1,no,no,nessuno,si,117,1,134000
IMM-04028,Roma,periferia,6.8,2484,villetta,112,4,2,0,3,no,1988,buono,C,autonomo,sud,0,no,si,box,no,6,4,281000
IMM-04029,Roma,periferia,10.3,921,appartamento,96,4,2,1,8,no,1961,da_ristrutturare,F,autonomo,doppia,1,no,no,posto_auto,no,140,1,146000
IMM-04030,Napoli,periferia,14.8,553,appartamento,69,2,2,4,5,si,1989,buono,D,centralizzato,sud,0,no,no,box,no,148,12,110000
IMM-04031,Palermo,periferia,13.0,1173,villetta,187,7,3,0,3,no,1987,ristrutturato,C,autonomo,ovest,0,no,si,posto_auto,no,11,7,188000
IMM-04032,Milano,semicentro,5.3,1067,appartamento,69,4,1,0,4,si,2016,nuovo,B,centralizzato,nord,0,no,no,nessuno,no,183,3,362000
IMM-04033,Genova,periferia,7.9,412,appartamento,98,3,2,1,2,no,1988,buono,D,centralizzato,est,1,si,no,posto_auto,si,196,4,107000
IMM-04034,Napoli,periferia,9.9,2870,villetta,201,8,3,0,2,no,1964,buono,E,autonomo,nord,1,si,si,box,si,14,10,266000
IMM-04035,Napoli,centro,1.0,197,appartamento,95,4,2,0,3,si,2023,nuovo,A,autonomo,est,2,no,no,nessuno,no,177,8,384000
IMM-04036,Torino,semicentro,3.2,999,appartamento,40,2,1,1,5,no,1959,da_ristrutturare,F,centralizzato,ovest,3,no,no,nessuno,si,65,9,57000
IMM-04037,Roma,centro,0.3,940,attico,153,6,3,4,4,si,1978,ristrutturato,C,centralizzato,sud,1,si,no,nessuno,no,295,10,833000
IMM-04038,Roma,periferia,10.2,601,appartamento,47,2,1,2,6,si,2012,ristrutturato,A,centralizzato,est,2,no,no,posto_auto,no,164,11,126000
IMM-04039,Milano,periferia,7.6,480,appartamento,59,3,1,8,10,si,1976,buono,E,centralizzato,nord,3,no,no,box,no,185,9,220000
IMM-04040,Roma,semicentro,5.9,615,appartamento,133,4,2,9,9,si,1941,ristrutturato,F,autonomo,doppia,0,no,no,posto_auto,si,221,4,458000
IMM-04041,Bari,centro,2.0,398,appartamento,47,3,1,0,4,no,1914,buono,F,centralizzato,doppia,0,no,no,nessuno,si,121,11,139000
IMM-04042,Bologna,semicentro,5.2,925,appartamento,97,3,2,6,7,si,1915,buono,F,autonomo,sud,2,no,no,posto_auto,si,132,3,371000
IMM-04043,Milano,periferia,12.2,1186,appartamento,87,3,1,7,9,si,1985,buono,D,centralizzato,est,2,no,no,nessuno,no,167,1,217000
IMM-04044,Torino,centro,1.1,228,appartamento,87,4,2,5,6,no,1902,da_ristrutturare,E,centralizzato,ovest,0,no,no,nessuno,si,173,6,140000
IMM-04045,Genova,periferia,10.0,642,villetta,125,4,3,0,2,no,2011,ristrutturato,A,autonomo,doppia,0,no,si,box,no,13,9,172000
IMM-04046,Milano,semicentro,4.1,1316,attico,210,7,3,9,9,si,2006,da_ristrutturare,B,autonomo,est,1,si,no,posto_auto,no,291,11,883000
IMM-04047,Napoli,centro,0.8,228,appartamento,74,2,2,4,6,si,2025,nuovo,A,autonomo,nord,1,no,no,nessuno,si,153,3,399000
IMM-04048,Roma,semicentro,3.9,472,appartamento,78,3,3,6,6,si,2021,nuovo,A,autonomo,est,1,no,no,box,si,180,9,342000
IMM-04049,Milano,centro,0.8,132,appartamento,89,3,2,3,4,si,1921,buono,F,centralizzato,doppia,1,no,no,box,si,211,7,717000
IMM-04050,Roma,periferia,9.2,5000,appartamento,67,2,1,2,7,si,1967,buono,G,centralizzato,nord,2,no,no,box,si,174,12,128000
IMM-04051,Roma,centro,1.7,432,appartamento,68,2,2,4,5,si,1943,buono,G,autonomo,doppia,0,no,no,nessuno,no,191,6,291000
IMM-04052,Firenze,semicentro,2.3,531,appartamento,77,2,2,8,9,si,1963,buono,G,autonomo,nord,2,no,no,posto_auto,si,146,12,231000
IMM-04053,Milano,centro,1.6,317,attico,141,5,3,4,4,si,2023,nuovo,A,autonomo,est,2,si,no,nessuno,si,259,7,1659000
IMM-04054,Firenze,centro,0.6,226,appartamento,74,3,2,1,3,no,1926,da_ristrutturare,F,centralizzato,est,2,no,no,nessuno,si,198,12,357000
IMM-04055,Roma,centro,0.6,185,appartamento,66,3,1,0,7,no,1923,da_ristrutturare,G,autonomo,ovest,1,no,si,nessuno,si,112,12,245000
IMM-04056,Firenze,semicentro,5.7,236,appartamento,109,4,2,4,8,si,1997,buono,D,autonomo,ovest,1,no,no,box,no,212,2,343000
IMM-04057,Firenze,semicentro,3.7,697,appartamento,80,3,2,1,5,si,1920,buono,F,centralizzato,doppia,1,no,no,nessuno,no,153,9,310000
IMM-04058,Firenze,semicentro,5.3,341,villetta,158,5,3,0,2,no,2006,da_ristrutturare,D,autonomo,sud,0,si,si,posto_auto,si,13,2,578000
IMM-04059,Firenze,centro,0.5,305,appartamento,79,3,2,2,4,si,1943,buono,G,autonomo,sud,1,no,no,nessuno,si,181,10,439000
IMM-04060,Roma,semicentro,3.9,377,appartamento,89,2,2,4,8,si,2021,nuovo,A,autonomo,nord,1,no,no,box,no,177,3,370000
IMM-04061,Padova,centro,1.4,317,appartamento,72,3,2,7,7,si,1914,ristrutturato,E,autonomo,est,0,no,no,box,si,185,8,281000
IMM-04062,Palermo,centro,1.8,510,appartamento,126,5,2,2,4,si,2013,ristrutturato,A,centralizzato,sud,2,no,no,nessuno,si,253,6,300000
IMM-04063,Bologna,semicentro,2.7,381,appartamento,59,2,2,2,4,si,1981,buono,F,autonomo,sud,0,no,no,nessuno,si,190,3,188000
IMM-04064,Milano,periferia,12.3,1378,appartamento,87,4,2,2,4,no,1983,ristrutturato,C,centralizzato,sud,0,no,no,box,no,210,6,279000
IMM-04065,Milano,centro,1.2,356,appartamento,120,5,2,4,6,si,1987,da_ristrutturare,E,autonomo,doppia,2,no,no,nessuno,si,245,4,713000
IMM-04066,Milano,semicentro,3.4,688,appartamento,124,5,2,1,3,si,1923,buono,G,autonomo,nord,0,no,no,nessuno,si,212,7,620000
IMM-04067,Milano,periferia,11.6,1085,attico,132,4,1,7,7,si,1995,ristrutturato,D,centralizzato,ovest,2,no,no,box,no,242,9,600000
IMM-04068,Firenze,periferia,12.6,1210,appartamento,125,5,2,0,5,no,1961,buono,E,centralizzato,nord,1,no,no,posto_auto,no,232,5,239000
IMM-04069,Roma,periferia,6.9,762,appartamento,109,3,2,4,4,no,1939,buono,G,centralizzato,sud,1,no,no,nessuno,si,153,4,186000
IMM-04070,Bologna,periferia,7.7,2544,villetta,151,6,3,0,2,no,1984,da_ristrutturare,E,autonomo,est,1,no,si,box,si,30,7,230000
IMM-04071,Napoli,periferia,10.7,1766,villetta,239,8,4,0,2,no,2008,buono,C,autonomo,nord,0,no,si,box,si,0,11,466000
IMM-04072,Milano,centro,1.5,120,appartamento,141,6,4,3,3,no,1974,buono,F,autonomo,sud,1,no,no,nessuno,no,236,10,770000
IMM-04073,Roma,semicentro,4.6,515,appartamento,101,3,2,3,9,si,1949,da_ristrutturare,G,autonomo,doppia,2,no,no,posto_auto,no,185,10,242000
IMM-04074,Torino,semicentro,5.3,2128,attico,109,4,2,3,3,si,1956,buono,F,autonomo,doppia,1,si,no,nessuno,si,204,11,276000
IMM-04075,Torino,periferia,11.2,1103,villetta,105,3,2,0,2,no,1993,da_ristrutturare,E,autonomo,est,1,no,si,box,si,15,6,141000
IMM-04076,Padova,centro,0.7,353,appartamento,106,4,2,3,5,no,1905,buono,G,autonomo,sud,0,no,no,nessuno,no,145,12,283000
IMM-04077,Genova,semicentro,5.0,276,appartamento,139,5,2,2,6,si,1900,da_ristrutturare,F,centralizzato,sud,2,no,no,posto_auto,no,271,3,161000
IMM-04078,Napoli,centro,0.5,244,appartamento,61,2,1,0,6,no,1931,buono,F,centralizzato,sud,1,no,si,nessuno,si,118,9,234000
IMM-04079,Genova,periferia,6.3,532,appartamento,54,1,1,3,11,si,2019,nuovo,B,centralizzato,doppia,3,no,no,nessuno,no,137,6,88000
IMM-04080,Bologna,periferia,6.2,996,appartamento,138,5,2,4,9,si,1913,buono,G,autonomo,sud,0,no,no,posto_auto,si,252,7,281000
IMM-04081,Firenze,semicentro,3.2,367,appartamento,73,4,2,7,7,no,2018,nuovo,A,autonomo,doppia,2,no,no,nessuno,si,113,5,289000
IMM-04082,Torino,semicentro,2.3,350,villetta,141,6,3,0,2,no,1939,da_ristrutturare,F,autonomo,doppia,0,no,si,box,si,17,5,263000
IMM-04083,Firenze,periferia,12.8,1290,villetta,173,6,3,0,2,no,1928,ristrutturato,D,autonomo,nord,1,si,si,box,si,13,10,428000
IMM-04084,Milano,periferia,14.3,1204,villetta,139,5,3,0,3,no,1927,buono,F,autonomo,doppia,0,si,si,box,si,17,7,561000
IMM-04085,Palermo,centro,0.5,159,appartamento,216,8,2,6,7,si,2021,nuovo,A,autonomo,nord,1,no,si,nessuno,no,323,2,552000
IMM-04086,Bari,periferia,11.8,484,appartamento,39,1,1,0,2,no,1949,da_ristrutturare,F,centralizzato,doppia,2,no,si,posto_auto,si,162,9,47000
IMM-04087,Torino,periferia,10.6,788,attico,210,8,4,11,11,si,1993,buono,E,autonomo,sud,1,si,no,box,no,257,1,308000
IMM-04088,Roma,centro,1.5,257,appartamento,78,2,2,1,3,no,1914,buono,G,autonomo,est,0,no,no,nessuno,si,108,6,308000
IMM-04089,Roma,semicentro,3.7,364,appartamento,104,3,2,3,3,no,1999,ristrutturato,C,autonomo,doppia,2,no,no,box,no,175,1,355000
IMM-04090,Genova,centro,1.1,309,appartamento,76,2,2,5,5,si,1917,buono,G,centralizzato,sud,3,no,no,box,si,213,11,219000
IMM-04091,Milano,periferia,13.9,1412,appartamento,46,2,1,3,7,si,2009,buono,D,centralizzato,doppia,2,no,no,nessuno,si,119,7,128000
IMM-04092,Firenze,centro,1.7,303,appartamento,39,1,1,2,3,no,1989,buono,F,autonomo,nord,1,no,no,box,si,117,6,223000
IMM-04093,Bari,semicentro,2.1,833,appartamento,57,2,1,6,7,si,2013,buono,D,autonomo,est,2,no,no,box,no,138,4,137000
IMM-04094,Genova,periferia,12.5,768,appartamento,71,2,2,0,7,si,2019,nuovo,A,centralizzato,doppia,1,no,si,nessuno,no,154,7,104000
IMM-04095,Milano,periferia,6.2,5000,appartamento,105,4,2,5,7,si,1974,da_ristrutturare,G,autonomo,sud,1,no,no,box,si,147,4,275000
IMM-04096,Roma,centro,0.6,362,appartamento,54,1,1,4,5,si,1979,da_ristrutturare,E,autonomo,sud,1,no,no,posto_auto,si,185,12,215000
IMM-04097,Milano,semicentro,4.2,646,appartamento,39,1,1,2,3,no,1997,ristrutturato,D,centralizzato,ovest,1,no,no,nessuno,si,125,1,183000
IMM-04098,Milano,centro,0.5,214,appartamento,113,4,2,1,7,si,1955,ristrutturato,E,centralizzato,est,3,si,no,nessuno,si,194,9,690000
IMM-04099,Napoli,periferia,6.3,1322,appartamento,37,1,2,4,5,si,1917,da_ristrutturare,G,centralizzato,sud,0,no,no,nessuno,si,125,10,45000
IMM-04100,Torino,semicentro,3.0,201,appartamento,81,3,3,2,8,si,2002,buono,B,autonomo,est,1,no,no,box,no,129,7,214000
IMM-04101,Roma,centro,0.7,300,appartamento,74,3,2,0,4,si,2018,nuovo,A,autonomo,doppia,2,si,no,nessuno,no,162,7,463000
IMM-04102,Genova,semicentro,3.0,1128,attico,126,4,3,9,9,si,1994,da_ristrutturare,D,centralizzato,ovest,2,si,no,nessuno,no,248,9,205000
IMM-04103,Roma,semicentro,4.4,661,appartamento,86,2,2,2,4,no,1965,buono,F,centralizzato,nord,1,no,no,nessuno,si,168,8,232000
IMM-04104,Milano,semicentro,3.5,459,appartamento,47,2,1,5,7,si,2003,buono,D,centralizzato,est,2,no,no,nessuno,no,186,7,260000
IMM-04105,Napoli,periferia,8.0,1341,appartamento,68,2,1,5,8,no,1990,ristrutturato,C,centralizzato,doppia,1,no,no,box,no,161,9,125000
IMM-04106,Torino,centro,2.0,271,appartamento,145,5,3,2,5,no,1930,da_ristrutturare,G,autonomo,est,2,no,no,nessuno,si,200,4,321000
IMM-04107,Roma,centro,1.3,847,appartamento,74,3,2,3,3,no,1988,buono,G,autonomo,nord,2,no,no,nessuno,si,103,5,291000
IMM-04108,Roma,semicentro,2.7,507,appartamento,82,3,2,6,7,si,1949,ristrutturato,D,autonomo,nord,0,no,no,nessuno,no,208,2,244000
IMM-04109,Napoli,periferia,12.7,1622,appartamento,86,3,2,8,8,si,1961,ristrutturato,D,autonomo,doppia,1,no,no,posto_auto,si,185,6,137000
IMM-04110,Genova,semicentro,3.8,363,appartamento,72,3,3,1,6,si,1946,buono,F,autonomo,nord,1,no,no,box,no,158,11,107000
IMM-04111,Firenze,centro,1.4,366,appartamento,138,5,2,0,5,si,1967,da_ristrutturare,G,autonomo,doppia,1,no,si,nessuno,si,191,6,696000
IMM-04112,Milano,periferia,10.9,494,villetta,193,7,3,0,2,no,1964,buono,G,autonomo,doppia,2,si,si,box,no,11,2,505000
IMM-04113,Padova,periferia,13.4,3788,villetta,178,7,3,0,3,no,1949,da_ristrutturare,F,autonomo,sud,0,no,si,nessuno,si,2,7,154000
IMM-04114,Roma,semicentro,4.5,1022,appartamento,136,5,2,1,3,no,1999,buono,E,autonomo,sud,1,no,no,box,si,194,3,345000
IMM-04115,Padova,centro,1.0,208,appartamento,36,2,1,1,6,si,1966,da_ristrutturare,E,centralizzato,sud,1,no,no,nessuno,si,157,2,98000
IMM-04116,Genova,semicentro,2.6,466,appartamento,102,4,2,2,9,si,1910,buono,F,centralizzato,ovest,1,no,no,nessuno,si,237,4,143000
IMM-04117,Napoli,semicentro,4.4,792,appartamento,57,2,1,1,4,si,2016,buono,B,centralizzato,sud,3,no,no,box,no,210,8,188000
IMM-04118,Bari,semicentro,5.5,324,appartamento,65,2,2,4,8,si,1974,buono,G,autonomo,sud,1,no,no,nessuno,si,132,12,116000
IMM-04119,Roma,semicentro,3.2,839,appartamento,66,1,1,1,4,si,1980,buono,E,autonomo,est,2,no,no,nessuno,no,152,4,170000
IMM-04120,Roma,semicentro,5.6,1016,appartamento,69,2,1,4,6,si,1997,buono,E,autonomo,ovest,2,si,no,box,si,127,5,257000
IMM-04121,Genova,periferia,13.0,2619,appartamento,93,4,2,6,6,si,1989,ristrutturato,F,autonomo,ovest,0,no,no,box,si,138,2,112000
IMM-04122,Padova,semicentro,3.5,328,appartamento,63,2,1,2,3,no,1992,buono,F,centralizzato,nord,0,no,no,nessuno,no,91,4,132000
IMM-04123,Torino,semicentro,3.8,1127,appartamento,77,3,3,7,9,no,1947,buono,F,autonomo,ovest,2,no,no,posto_auto,no,148,1,106000
IMM-04124,Roma,periferia,8.8,421,appartamento,91,4,2,4,5,si,1978,ristrutturato,E,centralizzato,est,1,no,no,nessuno,si,243,3,171000
IMM-04125,Bologna,semicentro,5.3,571,appartamento,76,4,2,6,6,no,1960,buono,F,centralizzato,doppia,2,no,no,nessuno,si,167,2,157000
IMM-04126,Milano,periferia,11.4,2159,appartamento,73,2,2,0,7,si,1988,da_ristrutturare,E,centralizzato,doppia,2,si,no,box,no,194,6,198000
IMM-04127,Torino,semicentro,2.1,407,appartamento,88,3,2,7,9,no,1946,buono,E,centralizzato,doppia,2,no,no,box,no,125,5,132000
IMM-04128,Torino,centro,0.2,476,appartamento,89,3,3,0,5,no,1968,da_ristrutturare,F,centralizzato,est,2,no,si,nessuno,si,160,9,172000
IMM-04129,Milano,semicentro,2.8,698,appartamento,54,2,1,8,9,no,1962,da_ristrutturare,G,centralizzato,ovest,2,no,no,nessuno,si,117,1,157000
IMM-04130,Milano,periferia,14.8,1689,villetta,199,8,3,0,2,no,2002,buono,B,autonomo,doppia,1,si,si,posto_auto,si,20,8,676000
IMM-04131,Milano,periferia,6.1,301,appartamento,40,1,1,5,8,si,2019,nuovo,A,autonomo,nord,0,no,no,posto_auto,si,130,5,202000
IMM-04132,Milano,periferia,8.1,1237,appartamento,48,2,1,2,5,si,2011,da_ristrutturare,B,autonomo,doppia,2,no,no,box,si,99,11,176000
IMM-04133,Bologna,periferia,13.5,2875,appartamento,46,1,1,0,3,no,1960,da_ristrutturare,E,autonomo,nord,0,no,no,posto_auto,si,108,3,69000
IMM-04134,Napoli,semicentro,3.4,338,appartamento,102,3,2,1,3,si,1974,da_ristrutturare,F,autonomo,sud,1,no,no,box,si,227,6,187000
IMM-04135,Genova,centro,0.4,293,appartamento,64,2,1,0,6,si,1991,buono,E,autonomo,est,0,no,si,nessuno,no,118,7,187000
IMM-04136,Torino,periferia,8.0,517,appartamento,67,3,1,11,11,si,2025,buono,A,centralizzato,nord,2,no,no,nessuno,si,145,10,120000
IMM-04137,Torino,centro,0.7,554,appartamento,90,2,2,1,5,si,1950,ristrutturato,C,centralizzato,sud,1,no,no,nessuno,no,179,2,280000
IMM-04138,Bari,periferia,11.4,1353,villetta,211,8,3,0,2,no,1971,buono,F,autonomo,sud,0,no,si,posto_auto,no,16,10,262000
IMM-04139,Bari,periferia,14.6,768,appartamento,49,2,1,0,2,no,1977,buono,E,autonomo,doppia,2,no,si,posto_auto,si,77,3,63000
IMM-04140,Roma,periferia,11.7,1863,villetta,123,5,2,0,2,no,2023,nuovo,A,autonomo,est,1,no,si,posto_auto,no,21,10,340000
IMM-04141,Genova,periferia,7.2,922,appartamento,98,3,2,4,5,si,1992,buono,D,autonomo,sud,1,no,no,box,no,192,12,119000
IMM-04142,Torino,periferia,9.5,1364,appartamento,81,2,2,0,7,no,2024,nuovo,A,autonomo,doppia,2,no,no,box,no,123,1,145000
IMM-04143,Bari,periferia,13.0,469,appartamento,56,1,2,2,10,no,1950,da_ristrutturare,E,centralizzato,est,3,no,no,nessuno,si,83,3,49000
IMM-04144,Napoli,semicentro,2.4,771,appartamento,43,2,1,2,7,si,2024,nuovo,A,autonomo,doppia,1,no,no,posto_auto,si,90,3,178000
IMM-04145,Roma,periferia,12.1,577,appartamento,45,2,1,0,11,si,1983,buono,F,autonomo,doppia,2,no,no,nessuno,no,157,6,91000
IMM-04146,Palermo,periferia,7.8,410,appartamento,115,3,2,4,10,no,1986,buono,F,autonomo,est,2,no,no,box,no,133,1,90000
IMM-04147,Palermo,periferia,15.0,1456,appartamento,56,3,2,2,11,si,1995,buono,D,centralizzato,est,1,no,no,nessuno,si,133,9,39000
IMM-04148,Milano,semicentro,3.1,596,appartamento,99,4,3,2,5,si,1962,buono,F,autonomo,ovest,1,no,no,posto_auto,no,149,10,421000
IMM-04149,Genova,periferia,11.9,1552,appartamento,84,3,2,2,5,no,1902,buono,G,autonomo,ovest,1,no,no,posto_auto,no,83,8,82000
IMM-04150,Firenze,periferia,7.5,1040,villetta,112,4,2,0,2,no,1961,buono,F,autonomo,est,2,no,si,box,no,1,12,296000
IMM-04151,Napoli,centro,1.9,284,appartamento,115,4,2,0,7,si,1960,ristrutturato,F,centralizzato,nord,1,no,si,nessuno,si,187,8,377000
IMM-04152,Genova,semicentro,2.5,554,appartamento,68,2,1,2,4,si,2008,buono,C,centralizzato,nord,0,no,no,box,no,212,3,130000
IMM-04153,Genova,periferia,8.5,1242,villetta,140,6,2,0,2,no,2023,nuovo,A,autonomo,doppia,1,si,si,posto_auto,si,35,12,233000
IMM-04154,Milano,semicentro,4.4,1057,appartamento,54,2,1,4,5,si,1999,da_ristrutturare,E,autonomo,sud,1,no,no,nessuno,no,138,12,194000
IMM-04155,Bari,semicentro,2.2,739,appartamento,95,2,2,5,5,no,1962,ristrutturato,D,autonomo,est,1,no,no,posto_auto,si,101,9,142000
IMM-04156,Genova,centro,0.6,310,appartamento,52,2,1,4,5,no,1926,buono,G,centralizzato,sud,0,no,no,nessuno,si,138,3,117000
IMM-04157,Genova,periferia,15.0,1626,appartamento,74,3,2,3,10,si,1965,buono,F,centralizzato,sud,0,no,no,box,si,198,1,79000
IMM-04158,Roma,semicentro,5.4,409,appartamento,87,2,2,8,8,no,1941,ristrutturato,D,centralizzato,nord,2,no,no,nessuno,si,173,3,200000
IMM-04159,Bari,periferia,6.7,1182,appartamento,61,2,1,1,7,si,1963,buono,F,autonomo,doppia,1,no,no,box,si,172,1,82000
IMM-04160,Roma,centro,1.2,200,appartamento,112,5,2,4,4,si,1948,buono,F,centralizzato,sud,1,no,no,nessuno,no,229,4,426000
IMM-04161,Padova,centro,1.8,154,appartamento,52,1,1,4,5,si,1989,buono,E,autonomo,est,3,no,no,nessuno,si,162,7,335000
IMM-04162,Palermo,centro,1.7,311,appartamento,86,4,2,1,4,no,1974,buono,F,autonomo,doppia,1,no,no,nessuno,no,175,2,163000
IMM-04163,Torino,periferia,6.6,777,appartamento,85,3,2,1,5,si,1962,buono,E,centralizzato,doppia,3,no,no,posto_auto,si,172,9,113000
IMM-04164,Torino,centro,1.9,298,appartamento,87,4,2,0,3,no,1904,buono,G,autonomo,ovest,1,no,no,posto_auto,si,133,4,260000
IMM-04165,Milano,periferia,14.2,1179,villetta,141,6,3,0,2,no,1989,da_ristrutturare,F,autonomo,est,2,no,si,box,no,32,11,375000
IMM-04166,Torino,semicentro,3.1,541,appartamento,65,3,1,3,5,si,1999,da_ristrutturare,E,autonomo,doppia,2,no,no,box,no,153,9,113000
IMM-04167,Palermo,periferia,11.6,2381,appartamento,131,6,3,5,7,si,1981,ristrutturato,D,centralizzato,sud,1,no,no,nessuno,no,264,3,97000
IMM-04168,Roma,centro,0.5,314,appartamento,66,2,1,1,4,si,1995,buono,D,centralizzato,est,2,no,no,box,no,162,6,285000
IMM-04169,Roma,periferia,13.8,3787,appartamento,75,3,2,0,11,si,1996,da_ristrutturare,E,autonomo,nord,2,no,no,posto_auto,si,204,8,103000
IMM-04170,Milano,semicentro,4.4,597,appartamento,60,2,1,0,6,no,1909,ristrutturato,E,autonomo,ovest,1,no,no,nessuno,si,99,8,362000
IMM-04171,Padova,periferia,10.1,1266,appartamento,34,1,1,4,4,no,1966,ristrutturato,F,centralizzato,ovest,1,no,no,nessuno,no,102,12,37000
IMM-04172,Milano,semicentro,5.6,618,appartamento,117,3,1,6,7,si,1951,ristrutturato,E,autonomo,sud,3,no,no,box,si,195,4,567000
IMM-04173,Napoli,centro,1.0,307,attico,100,3,2,4,4,si,1998,buono,E,autonomo,est,2,si,no,box,no,218,8,545000
IMM-04174,Roma,centro,0.4,324,villetta,142,6,3,0,2,no,2013,buono,D,autonomo,sud,0,no,si,posto_auto,si,31,1,853000
IMM-04175,Roma,semicentro,5.3,625,appartamento,67,2,1,4,4,no,1946,ristrutturato,D,centralizzato,doppia,0,no,no,box,no,156,10,233000
IMM-04176,Roma,periferia,12.9,515,appartamento,68,3,1,3,6,si,2016,nuovo,A,autonomo,ovest,1,no,no,posto_auto,si,141,4,221000
IMM-04177,Napoli,semicentro,2.5,472,villetta,186,7,3,0,3,no,1975,buono,E,autonomo,sud,0,si,si,box,no,32,7,466000
IMM-04178,Napoli,semicentro,3.8,707,appartamento,94,3,2,6,6,no,1921,buono,F,centralizzato,sud,0,no,no,box,si,204,11,185000
IMM-04179,Torino,semicentro,4.5,872,appartamento,93,4,2,6,7,no,1956,ristrutturato,F,centralizzato,doppia,2,no,no,box,si,191,12,225000
IMM-04180,Padova,semicentro,5.5,912,appartamento,135,4,2,4,7,si,1988,buono,D,centralizzato,est,1,no,no,nessuno,no,241,12,238000
IMM-04181,Bologna,semicentro,2.7,166,attico,103,3,2,3,3,no,1972,ristrutturato,E,centralizzato,nord,0,si,no,posto_auto,si,205,8,324000
IMM-04182,Torino,centro,0.7,1004,appartamento,67,3,1,1,6,si,2016,nuovo,B,autonomo,ovest,2,no,no,nessuno,no,191,10,228000
IMM-04183,Milano,periferia,13.1,1018,appartamento,59,2,1,2,10,si,2020,nuovo,A,autonomo,doppia,1,no,no,box,no,147,7,248000
IMM-04184,Milano,periferia,10.7,2325,villetta,193,7,4,0,2,no,1985,ristrutturato,E,autonomo,doppia,0,no,si,box,no,11,12,619000
IMM-04185,Bologna,semicentro,4.6,296,appartamento,46,1,1,2,7,no,1979,buono,D,centralizzato,nord,1,no,no,box,no,118,7,162000
IMM-04186,Roma,semicentro,3.7,610,villetta,151,5,2,0,2,no,1961,buono,F,autonomo,sud,0,no,si,box,no,16,10,465000
IMM-04187,Genova,periferia,13.6,2185,appartamento,91,4,2,5,9,si,1998,buono,F,autonomo,ovest,1,no,no,posto_auto,no,198,4,98000
IMM-04188,Bari,periferia,6.1,3362,villetta,201,8,3,0,2,no,1958,ristrutturato,C,autonomo,sud,0,no,si,box,si,34,1,233000
IMM-04189,Genova,periferia,7.5,2476,appartamento,59,1,1,3,10,si,2004,da_ristrutturare,B,autonomo,est,2,no,no,nessuno,no,163,9,63000
IMM-04190,Padova,periferia,10.2,2124,villetta,107,4,2,0,2,no,1982,da_ristrutturare,E,autonomo,nord,2,no,si,box,si,3,3,140000
IMM-04191,Roma,periferia,14.8,1071,appartamento,84,3,2,7,8,si,1995,da_ristrutturare,E,centralizzato,sud,2,no,no,posto_auto,si,133,3,126000
IMM-04192,Bologna,periferia,12.7,2104,appartamento,66,2,1,1,5,si,2007,ristrutturato,A,autonomo,nord,2,no,no,nessuno,si,126,5,116000
IMM-04193,Milano,centro,1.6,161,appartamento,98,3,2,2,4,no,1909,buono,F,autonomo,doppia,2,no,no,nessuno,si,177,7,562000
IMM-04194,Padova,semicentro,5.1,260,appartamento,100,3,3,2,7,si,2023,buono,A,autonomo,ovest,2,no,no,posto_auto,si,205,3,293000
IMM-04195,Napoli,periferia,11.4,536,appartamento,124,4,2,1,6,no,1954,ristrutturato,F,autonomo,sud,1,no,no,nessuno,si,170,11,184000
IMM-04196,Roma,periferia,13.8,3294,appartamento,61,2,1,2,2,si,2018,nuovo,A,autonomo,est,0,no,no,box,no,163,10,192000
IMM-04197,Napoli,semicentro,2.1,422,attico,106,5,2,8,8,si,1934,buono,G,autonomo,est,0,si,no,box,no,165,8,399000
IMM-04198,Roma,periferia,11.0,2303,appartamento,94,3,2,0,2,si,1985,buono,D,autonomo,ovest,1,no,no,box,no,154,9,193000
IMM-04199,Napoli,periferia,8.7,1541,appartamento,45,2,1,7,11,si,1923,ristrutturato,E,autonomo,est,1,no,no,box,no,127,1,104000
IMM-04200,Bologna,semicentro,5.6,806,appartamento,110,3,2,5,8,si,2014,buono,C,autonomo,nord,1,no,no,nessuno,no,131,8,311000
IMM-04201,Milano,centro,1.1,342,appartamento,210,7,3,0,3,no,1960,da_ristrutturare,E,autonomo,nord,3,no,si,nessuno,no,301,1,1040000
IMM-04202,Roma,centro,1.1,474,appartamento,48,2,1,1,4,si,1983,ristrutturato,D,centralizzato,nord,0,no,no,nessuno,no,193,5,177000
IMM-04203,Bologna,periferia,13.8,844,villetta,173,6,3,0,2,no,2008,ristrutturato,A,autonomo,doppia,0,si,si,box,no,14,9,410000
IMM-04204,Napoli,periferia,10.3,2949,appartamento,72,3,2,3,9,si,2008,buono,B,centralizzato,doppia,1,no,no,posto_auto,no,175,10,132000
IMM-04205,Torino,semicentro,4.0,421,villetta,164,6,3,0,2,no,1947,buono,E,autonomo,est,0,no,si,box,no,15,12,279000
IMM-04206,Milano,semicentro,5.7,249,appartamento,94,4,2,3,4,si,1967,da_ristrutturare,G,centralizzato,doppia,1,no,no,nessuno,si,192,9,330000
IMM-04207,Milano,semicentro,4.6,270,attico,66,3,1,5,5,si,1978,buono,E,centralizzato,sud,1,no,no,posto_auto,si,199,6,428000
IMM-04208,Palermo,periferia,10.5,1298,appartamento,71,2,2,3,4,si,2023,buono,A,autonomo,sud,0,no,no,box,no,192,5,77000
IMM-04209,Milano,periferia,6.6,886,appartamento,76,3,2,0,6,si,2013,da_ristrutturare,E,centralizzato,doppia,1,no,si,posto_auto,no,179,4,223000
IMM-04210,Napoli,semicentro,5.5,922,appartamento,129,4,3,3,8,no,1966,ristrutturato,E,centralizzato,est,1,no,no,nessuno,si,175,12,260000
IMM-04211,Torino,periferia,7.3,1389,appartamento,86,3,2,0,2,no,1971,buono,G,autonomo,doppia,2,no,si,box,no,141,2,96000
IMM-04212,Milano,centro,1.5,718,attico,129,5,2,5,5,no,1962,buono,E,centralizzato,ovest,2,si,no,nessuno,si,245,10,843000
IMM-04213,Roma,semicentro,3.7,253,appartamento,120,5,2,0,5,si,1995,da_ristrutturare,E,autonomo,sud,2,no,si,nessuno,si,209,5,293000
IMM-04214,Napoli,semicentro,2.5,591,attico,109,4,1,3,3,no,1965,da_ristrutturare,G,autonomo,sud,1,si,no,nessuno,si,165,7,225000
IMM-04215,Bari,periferia,13.1,5000,appartamento,56,2,1,8,9,si,1991,ristrutturato,B,autonomo,ovest,1,no,no,nessuno,no,139,12,45000
IMM-04216,Torino,semicentro,5.7,264,attico,114,4,1,5,5,si,2014,ristrutturato,B,centralizzato,est,3,si,no,nessuno,no,205,7,289000
IMM-04217,Padova,periferia,8.3,1461,villetta,179,6,3,0,2,no,2020,nuovo,A,autonomo,est,1,no,si,box,si,7,2,337000
IMM-04218,Genova,periferia,13.5,2090,appartamento,109,3,3,9,9,si,2006,ristrutturato,A,autonomo,doppia,0,no,no,nessuno,si,166,2,164000
IMM-04219,Milano,periferia,6.1,947,appartamento,86,4,2,2,4,si,2000,ristrutturato,C,autonomo,ovest,1,no,no,nessuno,no,187,4,302000
IMM-04220,Padova,periferia,7.0,1059,appartamento,94,3,2,2,2,no,1978,da_ristrutturare,F,centralizzato,sud,0,no,no,posto_auto,no,198,8,84000
IMM-04221,Firenze,periferia,14.3,479,appartamento,70,4,1,7,7,si,2003,buono,C,centralizzato,nord,2,no,no,nessuno,si,170,8,173000
IMM-04222,Torino,periferia,14.2,390,villetta,122,3,2,0,2,no,1991,ristrutturato,D,autonomo,nord,0,no,si,box,no,1,8,172000
IMM-04223,Napoli,centro,1.3,457,appartamento,77,3,2,0,7,no,1923,buono,G,centralizzato,ovest,0,no,no,nessuno,no,216,6,282000
IMM-04224,Napoli,semicentro,5.3,475,appartamento,110,4,2,5,5,no,1931,da_ristrutturare,G,centralizzato,nord,0,no,no,nessuno,no,194,8,114000
IMM-04225,Roma,periferia,9.0,960,appartamento,45,1,1,1,2,si,1967,ristrutturato,E,autonomo,doppia,1,no,no,posto_auto,no,169,9,124000
IMM-04226,Bari,semicentro,2.8,237,appartamento,49,3,1,5,8,no,1962,buono,E,centralizzato,ovest,2,no,no,box,no,117,4,86000
IMM-04227,Milano,centro,1.0,169,appartamento,63,3,1,0,6,si,1948,buono,E,autonomo,doppia,3,si,no,nessuno,si,177,9,490000
IMM-04228,Bologna,semicentro,2.4,861,appartamento,102,5,2,0,4,si,2002,da_ristrutturare,C,centralizzato,ovest,2,no,no,box,no,207,4,298000
IMM-04229,Milano,centro,0.7,273,appartamento,113,5,2,4,4,si,1933,buono,F,centralizzato,est,0,no,no,nessuno,si,240,2,783000
IMM-04230,Napoli,semicentro,3.3,281,appartamento,77,2,2,1,7,si,2008,buono,B,autonomo,nord,0,no,no,posto_auto,no,179,11,198000
IMM-04231,Roma,centro,0.4,183,appartamento,75,2,2,4,5,si,1972,ristrutturato,D,centralizzato,doppia,0,no,no,nessuno,si,202,4,358000
IMM-04232,Milano,centro,1.2,60,appartamento,79,3,2,1,3,no,1963,ristrutturato,C,centralizzato,sud,2,no,no,nessuno,si,166,10,783000
IMM-04233,Napoli,centro,0.4,1053,attico,218,8,3,3,3,no,1969,da_ristrutturare,G,autonomo,sud,0,si,no,nessuno,si,314,12,531000
IMM-04234,Genova,semicentro,5.6,574,appartamento,46,2,1,3,3,no,1949,buono,G,autonomo,doppia,1,no,no,posto_auto,no,127,7,73000
IMM-04235,Bari,semicentro,4.0,343,attico,65,3,1,4,4,si,1980,buono,E,autonomo,ovest,2,si,no,box,si,132,1,147000
IMM-04236,Padova,periferia,12.1,864,appartamento,41,2,1,1,6,si,1977,buono,F,autonomo,est,1,si,no,posto_auto,si,100,2,69000
IMM-04237,Genova,semicentro,5.3,1309,appartamento,70,2,2,7,8,si,1974,buono,E,centralizzato,nord,3,no,no,nessuno,si,147,10,80000
IMM-04238,Torino,periferia,15.0,3002,villetta,152,6,3,0,3,no,1980,ristrutturato,C,autonomo,doppia,1,si,si,box,si,20,8,220000
IMM-04239,Padova,semicentro,3.4,1072,appartamento,146,6,3,1,8,no,1941,buono,F,centralizzato,sud,0,no,no,posto_auto,no,200,2,273000
IMM-04240,Torino,periferia,6.4,1126,appartamento,129,5,2,0,4,no,1952,buono,F,centralizzato,ovest,2,no,si,box,si,210,9,149000
IMM-04241,Milano,periferia,7.2,1839,villetta,158,5,3,0,2,no,1961,ristrutturato,D,autonomo,est,0,no,si,posto_auto,si,24,10,522000
IMM-04242,Palermo,semicentro,4.2,1232,appartamento,85,2,2,2,6,no,1962,buono,F,autonomo,nord,2,no,no,box,si,113,4,110000
IMM-04243,Bologna,semicentro,5.6,155,appartamento,84,3,2,3,5,no,1948,ristrutturato,C,autonomo,ovest,2,no,no,box,si,130,6,316000
IMM-04244,Roma,centro,1.8,604,attico,116,3,2,3,3,si,1941,buono,G,autonomo,est,0,si,no,posto_auto,no,257,8,539000
IMM-04245,Padova,periferia,6.1,1021,appartamento,58,3,1,6,6,no,1970,buono,F,autonomo,sud,1,no,no,posto_auto,si,76,10,62000
IMM-04246,Napoli,centro,1.3,214,appartamento,195,8,3,4,7,si,1974,ristrutturato,F,centralizzato,sud,2,no,no,nessuno,si,308,2,617000
IMM-04247,Genova,centro,0.9,320,appartamento,53,2,1,6,6,si,2015,ristrutturato,B,autonomo,doppia,2,no,no,nessuno,no,143,1,197000
IMM-04248,Roma,semicentro,2.7,822,appartamento,111,3,3,0,3,no,1975,da_ristrutturare,F,autonomo,sud,1,no,no,box,si,131,11,260000
IMM-04249,Roma,semicentro,3.9,597,appartamento,60,3,1,0,5,si,1990,buono,E,centralizzato,sud,0,no,no,nessuno,si,133,9,163000
IMM-04250,Milano,periferia,8.3,1614,appartamento,88,3,2,2,4,si,1946,buono,G,autonomo,sud,1,no,no,nessuno,no,212,6,282000
IMM-04251,Bologna,periferia,6.3,1078,attico,78,5,3,3,3,no,1964,da_ristrutturare,G,centralizzato,est,2,si,no,nessuno,no,117,4,130000
IMM-04252,Roma,centro,1.6,415,appartamento,77,3,2,1,4,no,1929,buono,F,centralizzato,sud,0,no,no,box,no,175,12,453000
IMM-04253,Roma,semicentro,4.4,1638,villetta,159,7,3,0,2,no,2006,ristrutturato,A,autonomo,nord,1,si,si,posto_auto,no,4,7,572000
IMM-04254,Padova,periferia,11.6,1243,appartamento,93,3,2,0,2,no,1969,buono,G,autonomo,est,2,no,no,posto_auto,no,180,10,112000
IMM-04255,Torino,periferia,14.6,3681,villetta,113,4,2,0,2,no,1982,ristrutturato,E,autonomo,doppia,1,si,si,box,no,6,4,156000
IMM-04256,Genova,periferia,10.0,1019,appartamento,45,3,1,3,4,no,1960,da_ristrutturare,F,centralizzato,sud,1,no,si,box,si,115,2,47000
IMM-04257,Roma,periferia,14.9,2188,appartamento,165,7,3,4,4,si,1962,buono,G,centralizzato,est,1,no,no,box,si,282,3,254000
IMM-04258,Torino,centro,1.3,332,appartamento,122,4,2,2,6,no,1926,buono,G,centralizzato,ovest,0,no,no,nessuno,si,230,5,334000
IMM-04259,Firenze,centro,1.2,202,appartamento,76,2,2,3,3,no,1965,buono,F,centralizzato,ovest,1,no,no,nessuno,si,248,8,341000
IMM-04260,Bologna,centro,1.6,238,appartamento,52,2,1,0,4,si,1947,buono,E,centralizzato,doppia,2,no,si,box,si,182,11,257000
IMM-04261,Firenze,semicentro,3.5,978,appartamento,123,4,2,0,5,si,2019,nuovo,A,autonomo,doppia,2,no,no,nessuno,si,222,7,595000
IMM-04262,Roma,periferia,14.5,1895,appartamento,81,4,2,4,5,no,1949,ristrutturato,E,centralizzato,doppia,2,no,no,box,si,155,2,138000
IMM-04263,Roma,semicentro,2.0,1188,appartamento,93,4,2,1,8,no,1962,buono,E,centralizzato,ovest,3,no,no,nessuno,si,153,3,221000
IMM-04264,Bologna,periferia,10.6,540,appartamento,49,2,1,7,8,si,2009,buono,B,centralizzato,sud,1,no,si,box,no,165,3,147000
IMM-04265,Roma,centro,1.4,346,appartamento,106,4,2,3,5,si,1908,ristrutturato,E,centralizzato,est,0,si,no,box,si,226,2,676000
IMM-04266,Genova,centro,0.4,282,appartamento,130,3,3,0,3,no,1906,buono,G,autonomo,doppia,1,no,no,nessuno,si,211,3,311000
IMM-04267,Bologna,periferia,6.1,1773,villetta,155,6,3,0,2,no,2013,buono,C,autonomo,doppia,2,no,si,box,no,11,7,452000
IMM-04268,Milano,semicentro,4.0,555,appartamento,60,3,1,5,5,si,1985,ristrutturato,C,centralizzato,doppia,2,no,no,nessuno,si,136,11,308000
IMM-04269,Genova,periferia,14.3,1260,appartamento,97,4,2,0,5,si,2017,nuovo,A,autonomo,sud,3,no,si,box,si,195,4,151000
IMM-04270,Genova,semicentro,4.8,219,appartamento,63,2,1,3,3,si,1972,da_ristrutturare,F,centralizzato,est,0,no,no,nessuno,no,192,1,71000
IMM-04271,Milano,semicentro,2.8,1029,appartamento,107,3,2,5,8,si,1959,ristrutturato,D,autonomo,ovest,2,no,no,nessuno,no,195,2,643000
IMM-04272,Napoli,semicentro,5.0,839,appartamento,67,3,1,3,4,no,1956,buono,F,centralizzato,sud,1,no,no,nessuno,si,146,7,154000
IMM-04273,Firenze,periferia,12.9,4672,villetta,120,4,2,0,2,no,1952,da_ristrutturare,E,autonomo,sud,0,no,si,posto_auto,si,7,3,194000
IMM-04274,Roma,semicentro,3.8,1272,appartamento,156,6,3,6,9,si,2011,buono,C,centralizzato,nord,2,no,no,nessuno,si,267,5,475000
IMM-04275,Bari,centro,1.0,245,appartamento,174,7,3,5,6,si,2025,nuovo,A,autonomo,nord,2,no,no,nessuno,no,295,9,761000
IMM-04276,Roma,semicentro,2.7,905,villetta,170,7,3,0,2,no,2007,buono,D,autonomo,doppia,2,no,si,box,no,27,10,636000
IMM-04277,Bari,periferia,7.4,735,appartamento,48,2,1,0,4,si,1953,ristrutturato,E,centralizzato,sud,1,no,no,box,no,165,4,80000
IMM-04278,Roma,centro,0.2,218,appartamento,63,2,1,4,5,si,2023,buono,A,autonomo,sud,1,no,no,nessuno,no,171,2,338000
IMM-04279,Torino,periferia,14.8,5000,appartamento,77,3,2,1,8,si,2016,nuovo,A,autonomo,ovest,1,no,no,nessuno,no,147,10,91000
IMM-04280,Torino,semicentro,4.4,1176,appartamento,53,3,1,3,9,no,2023,nuovo,A,autonomo,ovest,1,no,no,nessuno,si,87,5,105000
IMM-04281,Bari,centro,1.3,300,appartamento,91,3,2,0,4,no,1967,ristrutturato,D,centralizzato,doppia,1,no,no,nessuno,si,168,2,190000
IMM-04282,Roma,centro,0.7,361,appartamento,122,5,2,4,4,si,2006,buono,C,autonomo,doppia,3,no,no,nessuno,no,204,9,561000
IMM-04283,Padova,periferia,14.7,1024,villetta,187,7,3,0,3,no,1999,da_ristrutturare,D,autonomo,doppia,0,no,si,box,no,14,8,208000
IMM-04284,Firenze,centro,0.7,307,appartamento,34,1,1,3,5,si,2005,buono,B,autonomo,sud,2,no,no,nessuno,si,98,11,247000
IMM-04285,Torino,semicentro,5.8,496,appartamento,81,1,2,0,3,si,1970,buono,F,autonomo,sud,2,no,no,box,si,212,9,159000
IMM-04286,Torino,semicentro,4.6,367,appartamento,90,3,2,2,7,si,1978,buono,E,centralizzato,est,2,no,no,nessuno,no,209,7,158000
IMM-04287,Roma,semicentro,5.8,397,appartamento,109,4,2,2,7,si,1998,buono,F,autonomo,est,1,no,no,nessuno,no,224,2,293000
IMM-04288,Bologna,periferia,13.2,802,appartamento,63,1,1,7,11,si,1976,ristrutturato,D,autonomo,sud,1,si,no,box,si,138,1,170000
IMM-04289,Bologna,periferia,7.5,3068,appartamento,184,7,3,4,7,si,1998,da_ristrutturare,E,centralizzato,nord,1,no,no,box,no,306,8,253000
IMM-04290,Bari,semicentro,2.7,440,appartamento,53,3,1,3,5,si,1970,buono,F,autonomo,sud,1,no,no,box,si,105,3,133000
IMM-04291,Milano,semicentro,6.0,2351,appartamento,104,4,1,7,7,no,1963,da_ristrutturare,G,centralizzato,doppia,1,no,no,nessuno,si,222,9,280000
IMM-04292,Milano,periferia,10.8,1666,appartamento,76,1,3,2,7,si,2016,nuovo,A,centralizzato,doppia,3,no,no,posto_auto,no,143,10,298000
IMM-04293,Firenze,periferia,7.3,1552,appartamento,73,3,2,1,2,si,2017,nuovo,A,centralizzato,sud,1,no,no,posto_auto,no,175,9,351000
IMM-04294,Palermo,periferia,7.3,1458,appartamento,130,5,2,0,5,si,1952,da_ristrutturare,F,centralizzato,ovest,1,no,si,nessuno,si,231,6,89000
IMM-04295,Torino,periferia,12.9,1384,appartamento,134,6,2,0,11,si,2002,buono,C,autonomo,nord,2,no,si,nessuno,no,273,4,118000
IMM-04296,Bologna,semicentro,5.9,374,appartamento,65,2,1,8,9,no,1913,buono,G,autonomo,ovest,0,no,no,nessuno,si,97,9,146000
IMM-04297,Napoli,semicentro,5.0,511,villetta,254,8,4,0,3,no,1958,buono,E,autonomo,sud,0,no,si,box,no,5,2,611000
IMM-04298,Milano,centro,0.8,948,appartamento,102,4,2,4,5,si,1927,ristrutturato,E,centralizzato,ovest,0,no,no,nessuno,no,230,9,752000
IMM-04299,Milano,semicentro,2.8,400,appartamento,89,4,2,2,7,si,1953,ristrutturato,D,autonomo,ovest,1,no,no,nessuno,si,160,12,434000
IMM-04300,Milano,periferia,11.0,428,appartamento,134,5,1,4,10,si,1990,buono,E,centralizzato,doppia,2,no,no,box,si,306,6,375000
IMM-04301,Roma,semicentro,5.4,452,appartamento,111,5,2,4,4,si,1952,buono,D,centralizzato,sud,0,no,si,nessuno,si,203,4,309000
IMM-04302,Milano,semicentro,3.9,579,appartamento,64,2,1,4,4,si,1979,buono,D,centralizzato,nord,3,no,no,nessuno,si,178,2,276000
IMM-04303,Roma,semicentro,4.2,1319,appartamento,92,4,2,0,3,si,1985,ristrutturato,B,autonomo,est,0,no,no,nessuno,si,189,4,301000
IMM-04304,Milano,periferia,12.4,1826,appartamento,213,7,3,5,6,si,1958,buono,G,autonomo,nord,0,no,no,nessuno,si,312,3,488000
IMM-04305,Milano,semicentro,4.0,909,villetta,155,6,3,0,2,no,1993,buono,D,autonomo,doppia,0,no,si,posto_auto,no,17,7,652000
IMM-04306,Firenze,centro,1.2,407,appartamento,90,3,2,2,3,no,1993,da_ristrutturare,E,autonomo,ovest,0,no,no,nessuno,no,187,1,287000
IMM-04307,Torino,periferia,8.5,1133,appartamento,87,3,2,5,9,si,2006,da_ristrutturare,B,autonomo,ovest,0,no,no,box,no,202,9,110000
IMM-04308,Milano,centro,1.1,323,appartamento,65,2,1,5,5,si,2006,buono,D,autonomo,sud,1,no,no,nessuno,no,158,2,525000
IMM-04309,Milano,periferia,9.0,456,appartamento,63,2,1,2,2,no,1960,buono,E,autonomo,ovest,1,no,no,box,si,133,9,171000
IMM-04310,Bologna,periferia,6.0,1634,villetta,132,5,2,0,2,no,1975,ristrutturato,D,autonomo,sud,0,si,si,posto_auto,si,20,6,360000
IMM-04311,Genova,periferia,13.6,361,appartamento,32,1,1,0,3,no,2021,nuovo,A,centralizzato,doppia,2,no,si,nessuno,si,42,1,53000
IMM-04312,Napoli,periferia,11.5,816,appartamento,94,4,2,0,2,no,1991,buono,E,autonomo,sud,1,no,no,box,no,184,4,144000
IMM-04313,Roma,semicentro,5.9,260,appartamento,82,3,2,7,8,si,1983,ristrutturato,C,centralizzato,est,1,no,no,nessuno,si,213,7,276000
IMM-04314,Milano,semicentro,2.8,285,appartamento,80,3,3,3,3,no,1959,buono,E,autonomo,doppia,2,no,no,nessuno,si,124,4,337000
IMM-04315,Bari,periferia,8.3,1518,villetta,186,7,3,0,2,no,1979,buono,E,autonomo,nord,2,si,si,box,si,11,10,252000
IMM-04316,Bari,semicentro,4.0,322,appartamento,30,1,1,3,3,si,1972,buono,G,autonomo,doppia,2,si,no,box,no,118,4,82000
IMM-04317,Torino,periferia,8.3,857,attico,158,7,3,5,5,si,2000,ristrutturato,B,centralizzato,sud,2,si,si,posto_auto,no,279,5,333000
IMM-04318,Roma,semicentro,3.3,223,appartamento,55,2,1,0,5,si,1977,ristrutturato,D,autonomo,est,1,no,no,posto_auto,no,103,10,207000
IMM-04319,Padova,semicentro,4.5,1037,appartamento,70,2,1,5,5,no,1964,ristrutturato,F,centralizzato,sud,3,no,no,nessuno,si,147,10,109000
IMM-04320,Bari,periferia,11.3,1528,villetta,223,8,4,0,3,no,1958,buono,G,autonomo,ovest,1,si,si,nessuno,si,15,8,217000
IMM-04321,Milano,centro,1.9,168,attico,87,3,2,4,4,si,1969,buono,E,autonomo,nord,0,si,no,nessuno,si,206,6,776000
IMM-04322,Milano,centro,1.6,77,appartamento,133,5,2,5,7,si,1969,buono,F,autonomo,doppia,2,no,no,posto_auto,no,188,6,839000
IMM-04323,Milano,centro,1.2,388,appartamento,136,4,2,3,4,si,1972,buono,F,centralizzato,doppia,1,no,no,nessuno,si,255,1,767000
IMM-04324,Bologna,semicentro,4.7,299,appartamento,72,3,2,1,9,si,1978,buono,D,autonomo,nord,1,no,no,box,no,162,8,262000
IMM-04325,Torino,periferia,10.3,1286,appartamento,76,2,2,2,5,si,1966,da_ristrutturare,G,autonomo,est,1,no,no,nessuno,si,145,3,54000
IMM-04326,Bologna,periferia,9.2,1944,appartamento,63,3,1,2,2,no,2005,buono,C,autonomo,sud,1,no,no,nessuno,no,87,12,126000
IMM-04327,Bologna,semicentro,3.9,393,appartamento,92,3,3,3,7,no,1973,ristrutturato,D,centralizzato,nord,1,no,no,box,no,155,3,287000
IMM-04328,Torino,periferia,6.3,3146,appartamento,69,4,1,2,2,no,1963,ristrutturato,F,autonomo,est,0,no,no,box,no,100,10,95000
IMM-04329,Roma,semicentro,4.6,573,appartamento,100,3,2,5,5,si,1976,da_ristrutturare,E,autonomo,nord,1,no,no,nessuno,si,158,7,191000
IMM-04330,Padova,semicentro,4.0,317,appartamento,113,3,3,1,4,no,1955,buono,G,centralizzato,doppia,1,no,no,box,si,146,7,259000
IMM-04331,Firenze,periferia,13.5,582,appartamento,79,3,2,2,4,si,1955,buono,F,centralizzato,sud,0,no,no,box,si,175,11,189000
IMM-04332,Milano,centro,1.6,104,appartamento,45,2,1,4,7,no,1927,da_ristrutturare,F,autonomo,ovest,0,no,no,nessuno,si,136,4,229000
IMM-04333,Napoli,semicentro,3.0,223,appartamento,80,3,2,9,9,no,1938,buono,F,autonomo,doppia,0,no,no,nessuno,no,132,8,131000
IMM-04334,Milano,periferia,6.1,4571,appartamento,55,2,1,1,5,si,1987,ristrutturato,D,centralizzato,est,1,no,no,nessuno,no,189,5,169000
IMM-04335,Roma,centro,1.0,669,appartamento,116,3,2,0,3,no,1973,buono,G,autonomo,sud,1,no,no,nessuno,si,145,3,429000
IMM-04336,Milano,semicentro,3.3,538,appartamento,75,3,2,7,7,si,2023,nuovo,A,autonomo,sud,2,no,no,nessuno,no,126,6,618000
IMM-04337,Milano,centro,1.8,136,appartamento,82,4,2,2,5,no,1918,buono,E,centralizzato,sud,1,no,no,posto_auto,si,158,4,600000
IMM-04338,Padova,centro,0.6,536,appartamento,88,3,2,6,6,si,1907,ristrutturato,D,autonomo,est,1,no,no,nessuno,si,161,2,348000
IMM-04339,Bologna,semicentro,4.3,376,attico,112,3,2,7,7,si,1955,buono,F,autonomo,nord,1,no,no,nessuno,si,197,10,368000
IMM-04340,Milano,periferia,8.9,506,appartamento,51,2,2,0,4,si,2021,nuovo,B,autonomo,doppia,3,no,si,box,si,127,8,267000
IMM-04341,Roma,semicentro,4.8,302,appartamento,79,3,2,5,6,no,1914,ristrutturato,D,centralizzato,doppia,1,no,no,posto_auto,si,159,8,231000
IMM-04342,Napoli,periferia,8.4,2504,appartamento,59,2,1,2,7,si,2020,nuovo,A,autonomo,nord,2,no,no,box,si,113,2,164000
IMM-04343,Roma,semicentro,2.1,726,appartamento,87,2,2,4,9,si,2016,buono,A,autonomo,doppia,1,no,no,nessuno,no,157,7,362000
IMM-04344,Torino,periferia,13.6,4206,appartamento,36,1,1,1,2,si,2013,buono,B,autonomo,sud,2,no,no,box,no,139,3,53000
IMM-04345,Bari,centro,1.7,491,appartamento,70,3,1,3,7,no,1960,buono,F,centralizzato,sud,1,no,no,nessuno,si,138,9,177000
IMM-04346,Milano,semicentro,5.6,349,attico,119,5,2,4,4,si,1987,ristrutturato,C,autonomo,ovest,0,si,no,nessuno,si,181,6,648000
IMM-04347,Torino,periferia,10.5,1580,appartamento,76,4,2,1,10,si,1966,buono,F,centralizzato,nord,1,no,no,box,si,169,3,102000
IMM-04348,Milano,centro,1.8,541,appartamento,107,4,2,1,5,si,1955,ristrutturato,D,centralizzato,doppia,1,no,no,nessuno,si,250,6,757000
IMM-04349,Bari,centro,1.7,276,appartamento,66,3,1,0,4,si,1940,buono,G,centralizzato,est,0,no,no,nessuno,si,200,4,192000
IMM-04350,Padova,centro,1.5,388,appartamento,66,2,1,3,3,no,1930,buono,G,centralizzato,sud,1,no,no,box,si,145,9,200000
IMM-04351,Roma,semicentro,2.4,483,appartamento,106,4,2,7,7,no,1927,ristrutturato,F,centralizzato,doppia,0,si,no,box,si,205,9,259000
IMM-04352,Bologna,semicentro,3.8,386,appartamento,54,3,1,1,9,si,2007,da_ristrutturare,B,autonomo,sud,2,no,no,box,si,137,9,190000
IMM-04353,Roma,semicentro,3.0,768,appartamento,82,3,2,1,8,si,1952,ristrutturato,C,centralizzato,est,2,no,no,nessuno,si,197,3,254000
IMM-04354,Genova,centro,1.0,514,appartamento,76,3,2,2,4,si,1904,ristrutturato,D,autonomo,nord,0,no,no,nessuno,si,136,6,211000
IMM-04355,Genova,semicentro,2.5,464,appartamento,89,3,2,1,8,si,2009,ristrutturato,A,autonomo,nord,1,no,no,nessuno,no,182,4,206000
IMM-04356,Torino,centro,1.8,341,attico,187,7,3,5,5,si,1969,buono,G,centralizzato,est,2,si,no,nessuno,si,308,10,443000
IMM-04357,Roma,centro,0.7,426,appartamento,88,4,2,0,3,no,1921,ristrutturato,E,autonomo,doppia,2,no,si,nessuno,si,141,10,562000
IMM-04358,Bologna,periferia,12.9,351,villetta,154,5,3,0,3,no,1955,ristrutturato,E,autonomo,est,1,no,si,box,si,0,8,272000
IMM-04359,Roma,periferia,14.5,1668,appartamento,67,3,1,6,8,si,1985,ristrutturato,D,centralizzato,est,2,no,no,posto_auto,si,158,8,159000
IMM-04360,Roma,semicentro,4.6,574,appartamento,119,4,2,2,4,si,2009,buono,B,autonomo,doppia,0,no,no,box,no,219,9,413000
IMM-04361,Roma,periferia,8.2,1473,attico,80,4,1,3,3,no,2010,buono,A,centralizzato,sud,2,si,no,box,no,136,1,229000
IMM-04362,Bologna,periferia,13.2,453,appartamento,137,5,2,2,8,si,2002,buono,C,autonomo,est,1,no,no,nessuno,si,164,2,296000
IMM-04363,Bologna,periferia,9.2,1385,attico,102,3,2,5,5,si,2020,nuovo,A,autonomo,sud,0,si,no,box,no,197,2,379000
IMM-04364,Napoli,periferia,14.2,362,villetta,175,7,3,0,2,no,1974,buono,F,autonomo,doppia,0,no,si,box,si,21,11,288000
IMM-04365,Milano,semicentro,2.1,361,appartamento,133,4,3,4,7,si,1975,ristrutturato,D,centralizzato,ovest,1,no,no,nessuno,no,215,5,610000
IMM-04366,Roma,semicentro,3.7,203,appartamento,70,2,1,5,7,si,1965,buono,G,autonomo,est,1,no,no,nessuno,si,164,1,205000
IMM-04367,Bologna,semicentro,4.3,1737,villetta,149,5,3,0,3,no,1917,buono,G,autonomo,doppia,0,no,si,box,no,3,4,456000
IMM-04368,Torino,periferia,9.8,708,appartamento,80,3,1,7,8,si,1979,buono,E,centralizzato,doppia,1,no,no,posto_auto,si,210,10,124000
IMM-04369,Torino,periferia,10.2,517,appartamento,86,3,2,3,6,si,2021,nuovo,A,centralizzato,sud,1,no,no,nessuno,no,204,4,131000
IMM-04370,Milano,semicentro,5.7,1134,appartamento,77,3,2,1,4,no,1967,ristrutturato,C,autonomo,sud,1,no,no,box,no,128,9,352000
IMM-04371,Roma,periferia,12.2,1022,villetta,133,5,1,0,2,no,1995,da_ristrutturare,D,autonomo,ovest,0,no,si,posto_auto,si,0,4,192000
IMM-04372,Bologna,semicentro,2.5,258,appartamento,51,2,2,2,3,si,2021,nuovo,A,autonomo,sud,3,no,no,box,no,111,8,247000
IMM-04373,Bologna,semicentro,5.0,1449,appartamento,121,5,3,6,7,si,1982,buono,E,autonomo,est,1,no,no,box,no,233,2,322000
IMM-04374,Padova,periferia,11.3,351,appartamento,60,2,1,2,5,si,2024,nuovo,A,centralizzato,sud,1,no,no,nessuno,si,178,9,106000
IMM-04375,Torino,semicentro,4.3,1016,villetta,143,6,3,0,2,no,1974,buono,F,autonomo,est,2,no,si,box,no,19,2,251000
IMM-04376,Torino,centro,1.3,325,appartamento,101,3,2,6,7,si,1954,buono,E,autonomo,est,3,no,no,nessuno,si,195,8,256000
IMM-04377,Padova,periferia,12.8,220,appartamento,71,3,1,2,2,si,1950,buono,F,autonomo,doppia,3,no,no,nessuno,no,152,10,110000
IMM-04378,Roma,semicentro,5.5,936,appartamento,62,2,1,1,6,no,2012,ristrutturato,A,autonomo,nord,3,no,no,nessuno,si,128,7,236000
IMM-04379,Padova,periferia,6.6,452,villetta,116,4,2,0,3,no,1946,buono,E,autonomo,sud,1,no,si,posto_auto,si,11,6,227000
IMM-04380,Roma,periferia,14.9,2424,appartamento,195,7,3,1,3,no,2025,nuovo,A,centralizzato,doppia,0,no,no,nessuno,si,319,9,315000
IMM-04381,Roma,periferia,8.8,1114,appartamento,78,2,2,7,11,si,1993,da_ristrutturare,E,centralizzato,doppia,2,no,no,box,no,187,6,147000
IMM-04382,Roma,semicentro,2.8,305,appartamento,73,3,2,4,6,si,1955,da_ristrutturare,E,autonomo,nord,0,no,no,box,si,162,1,195000
IMM-04383,Milano,centro,0.4,154,villetta,140,5,2,0,2,no,1973,da_ristrutturare,F,autonomo,nord,2,si,si,box,si,0,5,805000
IMM-04384,Napoli,semicentro,2.9,508,appartamento,68,2,1,5,8,si,2012,buono,D,centralizzato,sud,2,si,no,nessuno,si,197,12,190000
IMM-04385,Napoli,semicentro,5.1,470,appartamento,70,4,1,6,6,si,1984,da_ristrutturare,D,centralizzato,doppia,1,no,no,nessuno,si,188,8,154000
IMM-04386,Genova,semicentro,2.7,1020,appartamento,91,3,2,1,8,si,2000,ristrutturato,A,centralizzato,doppia,2,no,no,nessuno,si,188,3,200000
IMM-04387,Torino,semicentro,5.4,918,appartamento,59,2,1,2,5,si,2013,buono,D,autonomo,doppia,2,no,no,nessuno,no,174,8,108000
IMM-04388,Torino,semicentro,2.9,845,appartamento,87,4,2,6,7,si,1955,buono,G,autonomo,sud,0,no,no,box,si,173,3,173000
IMM-04389,Bari,periferia,11.7,855,appartamento,101,3,3,4,11,si,1975,buono,F,centralizzato,doppia,2,si,no,posto_auto,si,255,5,111000
IMM-04390,Padova,centro,1.2,419,appartamento,75,2,2,3,5,si,1953,buono,F,centralizzato,est,1,no,no,nessuno,no,198,7,241000
IMM-04391,Napoli,centro,1.8,461,appartamento,89,4,2,3,3,no,1917,ristrutturato,E,autonomo,ovest,0,si,no,nessuno,no,100,12,363000
IMM-04392,Padova,periferia,14.5,536,villetta,146,5,3,0,3,no,1998,buono,F,autonomo,sud,0,no,si,posto_auto,si,15,7,212000
IMM-04393,Torino,centro,0.7,147,appartamento,62,2,1,1,3,no,1923,buono,F,autonomo,ovest,0,no,no,posto_auto,no,110,5,184000
IMM-04394,Napoli,semicentro,4.2,1528,appartamento,62,2,1,6,7,no,1962,buono,F,autonomo,sud,0,no,no,nessuno,si,44,5,95000
IMM-04395,Roma,centro,0.9,324,appartamento,30,1,1,2,3,no,1965,buono,E,centralizzato,ovest,1,no,no,nessuno,no,107,4,139000
IMM-04396,Milano,centro,0.6,551,appartamento,61,3,1,4,5,si,1914,buono,F,centralizzato,est,0,no,no,box,no,249,7,496000
IMM-04397,Napoli,periferia,10.4,1180,appartamento,110,4,2,0,5,si,1990,ristrutturato,D,autonomo,nord,1,no,no,box,si,232,10,164000
IMM-04398,Firenze,semicentro,3.4,573,appartamento,120,5,2,8,8,si,1977,buono,E,autonomo,sud,3,no,no,nessuno,si,209,4,518000
IMM-04399,Roma,periferia,10.2,1754,appartamento,97,4,2,4,4,si,1997,buono,D,autonomo,doppia,1,si,no,nessuno,si,185,1,169000
IMM-04400,Roma,semicentro,5.1,549,attico,137,4,1,9,9,no,2014,buono,C,autonomo,doppia,1,si,no,box,no,174,6,389000
IMM-04401,Milano,centro,0.7,607,appartamento,76,3,3,4,6,no,1929,buono,F,centralizzato,doppia,0,no,no,nessuno,si,190,9,557000
IMM-04402,Roma,periferia,14.0,3273,appartamento,61,2,1,0,7,si,1976,buono,E,centralizzato,sud,1,no,no,nessuno,no,151,11,77000
IMM-04403,Bari,periferia,9.8,2620,appartamento,81,3,2,4,7,si,1976,ristrutturato,D,centralizzato,nord,2,no,no,posto_auto,no,205,6,94000
IMM-04404,Milano,periferia,6.5,2929,appartamento,66,3,1,8,11,si,2015,buono,D,autonomo,nord,2,no,no,box,si,102,11,262000
IMM-04405,Torino,semicentro,5.1,361,appartamento,65,2,1,1,3,no,1946,da_ristrutturare,E,autonomo,sud,1,no,no,box,si,61,11,117000
IMM-04406,Bari,centro,0.9,167,appartamento,85,3,2,4,5,no,1974,ristrutturato,E,centralizzato,sud,0,no,no,posto_auto,si,152,1,185000
IMM-04407,Genova,centro,1.1,382,appartamento,89,3,2,0,5,si,1921,da_ristrutturare,F,centralizzato,ovest,0,no,si,nessuno,si,198,8,183000
IMM-04408,Napoli,centro,1.8,130,attico,99,4,2,5,5,si,1908,buono,G,autonomo,sud,0,si,no,nessuno,no,204,6,445000
IMM-04409,Roma,periferia,9.1,992,appartamento,64,3,1,0,7,no,1993,ristrutturato,C,centralizzato,est,1,no,si,box,no,98,4,157000
IMM-04410,Palermo,centro,1.9,233,attico,181,6,3,7,7,si,1974,buono,F,autonomo,sud,1,si,no,nessuno,si,324,7,378000
IMM-04411,Torino,periferia,12.0,1832,appartamento,44,1,1,2,10,si,1997,ristrutturato,D,autonomo,doppia,2,no,no,box,si,120,8,70000
IMM-04412,Roma,periferia,13.6,1125,appartamento,44,2,1,2,4,no,2005,da_ristrutturare,B,autonomo,nord,3,no,no,box,no,40,8,94000
IMM-04413,Roma,semicentro,4.3,176,appartamento,92,2,2,3,6,no,2016,nuovo,A,autonomo,ovest,0,no,no,box,no,145,3,384000
IMM-04414,Torino,periferia,14.7,1112,appartamento,109,4,2,0,6,no,1971,buono,E,centralizzato,doppia,1,no,no,nessuno,si,194,7,99000
IMM-04415,Bologna,semicentro,5.3,914,appartamento,98,2,2,5,5,si,2011,buono,C,centralizzato,sud,1,no,no,posto_auto,no,212,9,282000
IMM-04416,Bologna,semicentro,2.2,844,villetta,106,3,2,0,3,no,1964,ristrutturato,C,autonomo,est,0,no,si,posto_auto,no,44,8,408000
IMM-04417,Milano,periferia,12.6,1425,appartamento,79,4,2,2,6,si,1993,buono,E,centralizzato,ovest,1,no,no,posto_auto,si,180,6,230000
IMM-04418,Genova,periferia,7.8,1482,appartamento,55,1,1,0,4,si,2022,nuovo,B,autonomo,sud,1,no,no,box,si,135,10,117000
IMM-04419,Napoli,periferia,10.6,2300,villetta,149,5,3,0,3,no,1908,da_ristrutturare,G,autonomo,nord,0,no,si,box,si,0,9,199000
IMM-04420,Milano,semicentro,3.0,709,appartamento,49,2,1,1,4,si,2000,buono,C,centralizzato,sud,1,no,no,nessuno,si,172,6,296000
IMM-04421,Milano,centro,0.3,523,appartamento,51,2,1,0,3,si,1925,buono,G,autonomo,ovest,0,no,no,nessuno,si,176,3,328000
IMM-04422,Milano,semicentro,4.6,978,appartamento,98,3,2,0,8,si,1953,buono,F,autonomo,est,1,no,no,posto_auto,si,180,3,345000
IMM-04423,Genova,centro,0.6,206,appartamento,72,3,2,4,7,si,1942,buono,F,centralizzato,nord,0,no,no,nessuno,si,224,7,205000
IMM-04424,Roma,periferia,11.6,863,appartamento,82,2,2,1,2,no,2012,da_ristrutturare,C,autonomo,sud,2,no,no,posto_auto,no,115,6,144000
IMM-04425,Bologna,semicentro,5.6,144,villetta,139,5,2,0,2,no,1989,buono,E,autonomo,sud,1,no,si,box,no,12,1,464000
IMM-04426,Torino,semicentro,2.4,485,appartamento,83,3,2,2,4,si,2015,da_ristrutturare,E,autonomo,sud,1,no,no,nessuno,no,165,11,114000
IMM-04427,Milano,periferia,13.4,450,appartamento,72,3,2,2,3,no,2019,buono,B,autonomo,sud,1,no,no,nessuno,no,101,8,253000
IMM-04428,Roma,periferia,12.7,4226,villetta,149,4,3,0,3,no,1967,da_ristrutturare,F,autonomo,nord,0,no,si,nessuno,no,7,7,255000
IMM-04429,Torino,centro,1.5,306,appartamento,61,3,1,5,5,si,1937,ristrutturato,F,centralizzato,sud,2,no,no,posto_auto,si,162,4,199000
IMM-04430,Milano,centro,1.4,132,appartamento,70,3,1,2,5,si,1917,ristrutturato,D,autonomo,sud,3,no,no,nessuno,si,115,5,642000
IMM-04431,Milano,periferia,12.6,165,attico,134,5,2,3,3,no,1997,buono,E,autonomo,doppia,3,si,no,posto_auto,si,198,9,423000
IMM-04432,Milano,periferia,8.7,951,appartamento,68,2,1,7,7,si,1976,buono,D,autonomo,doppia,2,no,no,box,si,149,9,247000
IMM-04433,Milano,centro,1.4,230,attico,221,8,3,5,5,si,1908,da_ristrutturare,G,autonomo,est,2,si,no,posto_auto,si,321,6,1417000
IMM-04434,Milano,semicentro,5.9,258,appartamento,95,3,2,5,8,no,1948,buono,E,autonomo,ovest,2,no,no,nessuno,si,176,3,284000
IMM-04435,Napoli,semicentro,2.9,459,appartamento,37,1,1,3,8,no,1972,da_ristrutturare,D,centralizzato,doppia,1,no,si,box,si,69,7,96000
IMM-04436,Roma,centro,0.8,206,appartamento,63,2,1,1,4,si,1939,da_ristrutturare,F,autonomo,nord,0,no,no,nessuno,no,166,4,216000
IMM-04437,Milano,centro,1.5,139,appartamento,66,2,1,2,3,no,1979,da_ristrutturare,E,autonomo,nord,1,no,no,nessuno,si,143,8,374000
IMM-04438,Roma,centro,1.5,311,appartamento,111,3,2,0,4,no,1973,buono,G,autonomo,sud,2,no,no,nessuno,si,159,3,428000
IMM-04439,Napoli,periferia,10.9,1012,appartamento,107,4,2,2,3,no,1983,buono,E,autonomo,nord,1,no,no,nessuno,no,133,10,143000
IMM-04440,Napoli,semicentro,3.5,514,appartamento,47,2,1,5,8,si,2014,da_ristrutturare,B,autonomo,est,1,no,no,nessuno,no,115,12,107000
IMM-04441,Torino,centro,0.8,799,appartamento,65,3,1,0,3,no,1946,ristrutturato,D,autonomo,nord,3,no,no,nessuno,si,136,7,173000
IMM-04442,Bologna,semicentro,5.0,307,appartamento,78,2,2,6,7,no,1951,buono,F,centralizzato,nord,2,no,no,nessuno,si,158,10,168000
IMM-04443,Palermo,semicentro,4.7,434,appartamento,76,2,2,2,3,no,1970,ristrutturato,E,autonomo,nord,2,no,no,nessuno,si,129,8,108000
IMM-04444,Palermo,periferia,13.8,1000,villetta,128,5,2,0,2,no,1999,ristrutturato,C,autonomo,ovest,0,si,si,posto_auto,no,11,6,124000
IMM-04445,Milano,periferia,7.6,648,villetta,213,7,3,0,2,no,2017,nuovo,A,autonomo,sud,0,no,si,box,si,0,12,950000
IMM-04446,Firenze,centro,0.8,326,appartamento,122,4,2,2,4,si,1972,buono,G,autonomo,est,2,no,no,nessuno,si,213,3,581000
IMM-04447,Bologna,periferia,12.5,524,appartamento,51,1,1,2,7,no,1989,buono,D,autonomo,doppia,3,no,no,box,no,102,7,114000
IMM-04448,Napoli,periferia,12.6,1053,appartamento,75,3,2,2,5,no,1968,buono,E,centralizzato,doppia,1,no,no,box,si,126,5,122000
IMM-04449,Bologna,periferia,9.9,2367,appartamento,79,3,2,1,4,si,1980,ristrutturato,D,centralizzato,sud,2,no,no,posto_auto,no,187,7,174000
IMM-04450,Bologna,centro,1.2,648,appartamento,187,7,3,4,4,si,1933,buono,G,centralizzato,nord,0,no,no,nessuno,si,305,10,749000
IMM-04451,Roma,centro,1.8,306,appartamento,110,4,2,5,5,si,1916,da_ristrutturare,F,centralizzato,sud,1,no,no,nessuno,si,219,9,378000
IMM-04452,Bologna,centro,1.9,126,appartamento,88,2,2,6,7,si,1985,buono,D,centralizzato,sud,1,no,no,posto_auto,no,228,9,488000
IMM-04453,Roma,semicentro,2.6,783,appartamento,61,2,1,5,9,si,1999,ristrutturato,C,autonomo,doppia,1,no,no,nessuno,no,156,7,226000
IMM-04454,Bari,periferia,6.7,2179,appartamento,65,3,1,6,9,si,2025,nuovo,A,autonomo,sud,2,no,no,nessuno,no,163,12,115000
IMM-04455,Milano,centro,0.4,277,appartamento,75,3,2,0,7,no,1952,buono,F,centralizzato,sud,1,no,no,nessuno,si,160,8,491000
IMM-04456,Roma,semicentro,4.4,875,appartamento,117,5,2,0,5,si,1978,ristrutturato,D,centralizzato,sud,1,no,no,nessuno,si,252,9,339000
IMM-04457,Roma,semicentro,4.8,818,appartamento,86,3,2,4,5,no,1953,buono,G,centralizzato,est,3,no,no,posto_auto,si,104,8,183000
IMM-04458,Bologna,centro,1.7,515,appartamento,64,2,1,7,7,no,1912,ristrutturato,F,centralizzato,sud,1,no,no,nessuno,no,131,2,206000
IMM-04459,Genova,semicentro,4.5,960,appartamento,94,3,2,2,3,no,1918,ristrutturato,G,autonomo,est,0,no,no,posto_auto,no,175,10,180000
IMM-04460,Torino,centro,0.9,269,appartamento,63,2,1,1,7,si,2008,ristrutturato,B,autonomo,sud,2,no,no,nessuno,no,121,6,310000
IMM-04461,Torino,semicentro,4.8,999,appartamento,78,3,3,4,5,si,2011,buono,D,centralizzato,est,2,no,no,nessuno,no,182,10,159000
IMM-04462,Milano,centro,1.4,183,appartamento,82,2,3,3,3,no,1917,buono,F,autonomo,ovest,1,no,no,nessuno,no,127,9,513000
IMM-04463,Genova,periferia,9.3,565,villetta,138,6,2,0,3,no,2014,buono,B,autonomo,doppia,1,si,si,box,si,15,1,223000
IMM-04464,Napoli,centro,1.7,227,appartamento,125,4,2,3,3,no,2012,ristrutturato,B,centralizzato,sud,1,no,no,nessuno,si,230,1,483000
IMM-04465,Bologna,semicentro,2.3,607,appartamento,149,4,3,1,5,si,2021,buono,B,autonomo,sud,1,no,no,posto_auto,no,242,1,443000
IMM-04466,Milano,centro,1.6,549,appartamento,185,7,3,1,6,si,1933,buono,G,autonomo,nord,1,no,no,posto_auto,si,274,5,1159000
IMM-04467,Milano,periferia,7.0,1655,appartamento,66,1,1,0,2,no,1950,buono,E,autonomo,nord,3,no,no,posto_auto,si,101,1,199000
IMM-04468,Padova,periferia,12.8,2113,appartamento,75,2,2,8,9,si,1988,ristrutturato,D,centralizzato,doppia,3,no,si,box,no,185,6,134000
IMM-04469,Bologna,periferia,10.6,1069,appartamento,86,2,2,6,9,no,1954,buono,E,centralizzato,nord,1,si,no,posto_auto,si,216,9,109000
IMM-04470,Roma,periferia,14.5,2936,villetta,104,4,2,0,2,no,1990,da_ristrutturare,D,autonomo,sud,1,no,si,box,no,14,12,187000
IMM-04471,Torino,periferia,6.5,1805,appartamento,70,2,1,4,6,si,2001,ristrutturato,A,autonomo,nord,2,no,no,box,no,158,5,158000
IMM-04472,Milano,periferia,6.0,1884,attico,132,4,2,5,5,si,1983,ristrutturato,D,centralizzato,sud,3,si,no,posto_auto,no,217,3,550000
IMM-04473,Padova,semicentro,5.2,419,villetta,169,6,3,0,2,no,1965,buono,F,autonomo,sud,1,si,si,box,no,4,10,305000
IMM-04474,Roma,centro,1.0,307,appartamento,76,2,2,4,5,si,2010,ristrutturato,B,centralizzato,nord,0,no,no,nessuno,no,167,11,503000
IMM-04475,Palermo,periferia,10.4,1587,appartamento,109,4,2,1,10,no,1950,buono,F,centralizzato,doppia,1,no,no,box,si,141,7,89000
IMM-04476,Genova,periferia,13.6,2575,appartamento,114,4,2,0,10,si,2005,buono,B,autonomo,est,2,no,si,nessuno,no,132,2,130000
IMM-04477,Napoli,centro,1.2,650,appartamento,127,5,2,2,3,no,1903,ristrutturato,D,centralizzato,sud,1,no,no,nessuno,si,218,5,536000
IMM-04478,Torino,centro,0.9,183,appartamento,44,2,1,4,4,no,1950,buono,E,autonomo,doppia,2,no,no,nessuno,si,101,3,123000
IMM-04479,Milano,periferia,6.5,1586,villetta,230,7,4,0,2,no,2021,nuovo,A,autonomo,nord,1,si,si,box,si,17,9,1194000
IMM-04480,Roma,semicentro,4.0,843,appartamento,58,2,1,0,7,si,1967,da_ristrutturare,G,centralizzato,est,1,no,no,nessuno,si,169,7,92000
IMM-04481,Roma,periferia,6.2,1758,appartamento,53,2,1,3,7,si,1985,ristrutturato,D,centralizzato,sud,1,no,no,box,si,183,3,159000
IMM-04482,Milano,centro,0.9,202,attico,103,3,2,5,5,si,1966,buono,F,centralizzato,sud,1,si,no,nessuno,si,265,3,890000
IMM-04483,Genova,centro,1.0,302,appartamento,52,3,2,1,5,no,1955,da_ristrutturare,E,autonomo,ovest,1,no,no,nessuno,si,121,1,105000
IMM-04484,Palermo,centro,0.7,913,appartamento,134,6,3,1,3,no,1934,buono,G,autonomo,nord,1,no,no,nessuno,no,222,11,183000
IMM-04485,Palermo,periferia,9.4,981,attico,278,8,4,2,2,no,2015,buono,A,autonomo,nord,2,si,no,box,si,342,3,309000
IMM-04486,Milano,semicentro,2.6,554,villetta,152,5,3,0,2,no,2018,buono,A,autonomo,ovest,0,no,si,posto_auto,no,21,12,888000
IMM-04487,Torino,periferia,6.8,960,appartamento,166,6,3,0,5,si,2006,buono,C,autonomo,ovest,1,no,si,nessuno,no,237,6,226000
IMM-04488,Milano,periferia,11.8,263,attico,121,5,2,10,10,si,2001,ristrutturato,B,autonomo,doppia,2,si,no,posto_auto,si,197,12,605000
IMM-04489,Padova,periferia,11.9,1203,appartamento,73,4,2,4,11,si,2012,da_ristrutturare,D,autonomo,ovest,2,si,no,posto_auto,si,175,11,88000
IMM-04490,Genova,semicentro,3.8,763,appartamento,90,1,2,5,6,no,1956,da_ristrutturare,E,autonomo,sud,0,no,no,box,si,127,3,105000
IMM-04491,Padova,centro,1.8,509,appartamento,123,4,2,4,6,si,1993,buono,E,centralizzato,sud,1,no,no,nessuno,si,259,5,422000
IMM-04492,Milano,semicentro,5.1,1332,appartamento,35,1,1,8,8,si,1972,buono,F,autonomo,sud,2,no,no,posto_auto,no,129,7,185000
IMM-04493,Roma,centro,1.3,180,appartamento,50,2,1,6,7,si,1973,buono,E,centralizzato,est,0,no,no,nessuno,si,152,7,232000
IMM-04494,Milano,centro,1.3,469,attico,200,7,3,3,3,si,1918,buono,G,autonomo,ovest,1,si,no,box,no,329,10,1540000
IMM-04495,Roma,semicentro,5.1,1149,appartamento,59,2,1,5,6,si,1915,buono,F,centralizzato,ovest,1,no,no,nessuno,no,166,4,176000
IMM-04496,Torino,centro,1.4,499,appartamento,43,2,1,4,7,si,1941,da_ristrutturare,G,centralizzato,ovest,1,no,no,box,no,146,8,100000
IMM-04497,Milano,periferia,13.2,930,appartamento,79,3,2,3,8,si,1951,buono,E,centralizzato,doppia,2,no,no,box,si,228,7,232000
IMM-04498,Genova,centro,1.4,262,appartamento,73,3,2,1,6,no,1917,buono,G,centralizzato,sud,0,no,no,nessuno,no,159,9,185000
IMM-04499,Roma,centro,1.2,545,appartamento,72,2,2,1,4,si,1996,buono,D,autonomo,nord,0,no,no,nessuno,no,170,10,292000
IMM-04500,Padova,centro,1.2,1188,appartamento,103,3,2,1,7,no,1973,ristrutturato,E,centralizzato,est,2,no,no,nessuno,no,207,12,308000
IMM-04501,Milano,semicentro,5.5,347,appartamento,143,5,3,1,4,si,1989,da_ristrutturare,F,autonomo,doppia,2,no,no,nessuno,si,207,1,513000
IMM-04502,Napoli,semicentro,5.0,1101,appartamento,190,7,2,3,3,no,1957,da_ristrutturare,G,autonomo,sud,0,no,no,box,si,242,10,282000
IMM-04503,Milano,semicentro,5.8,804,villetta,124,4,2,0,3,no,1950,da_ristrutturare,G,autonomo,sud,1,si,si,box,si,20,8,476000
IMM-04504,Milano,semicentro,4.5,1099,appartamento,123,4,2,1,8,no,1965,buono,F,autonomo,doppia,1,no,no,nessuno,si,159,1,524000
IMM-04505,Genova,centro,0.4,175,appartamento,80,3,2,0,7,no,1925,da_ristrutturare,F,autonomo,est,1,no,si,nessuno,si,144,3,176000
IMM-04506,Roma,centro,0.5,458,appartamento,42,2,1,4,6,no,1919,ristrutturato,E,autonomo,ovest,1,no,no,nessuno,no,106,4,205000
IMM-04507,Roma,semicentro,6.0,317,appartamento,58,2,1,1,8,si,1919,buono,F,centralizzato,ovest,0,no,no,nessuno,si,180,7,159000
IMM-04508,Firenze,periferia,14.7,750,appartamento,84,3,2,3,5,si,1954,buono,G,centralizzato,est,3,no,no,box,si,151,4,207000
IMM-04509,Napoli,centro,0.7,177,appartamento,123,5,3,5,5,no,1978,buono,F,centralizzato,doppia,0,no,no,nessuno,si,227,4,414000
IMM-04510,Bologna,semicentro,2.6,355,appartamento,68,2,1,1,8,si,1965,buono,G,autonomo,ovest,1,no,no,posto_auto,no,191,9,208000
IMM-04511,Bari,periferia,9.1,997,villetta,153,5,3,0,2,no,1988,buono,C,autonomo,doppia,2,si,si,box,si,16,9,211000
IMM-04512,Napoli,semicentro,4.5,940,appartamento,95,2,2,0,3,no,2020,nuovo,A,autonomo,sud,1,no,si,nessuno,si,137,6,377000
IMM-04513,Roma,periferia,10.0,416,appartamento,68,1,1,0,3,no,1988,buono,C,autonomo,doppia,3,no,no,nessuno,si,124,11,132000
IMM-04514,Bari,semicentro,2.0,1120,appartamento,76,3,1,3,6,no,1949,da_ristrutturare,G,centralizzato,nord,0,no,no,box,si,168,11,103000
IMM-04515,Genova,periferia,12.9,2517,appartamento,63,2,1,6,6,si,1963,da_ristrutturare,F,autonomo,doppia,0,no,no,box,si,151,9,65000
IMM-04516,Roma,semicentro,4.1,423,appartamento,44,1,1,0,5,si,2001,ristrutturato,B,autonomo,sud,1,no,si,nessuno,no,131,4,218000
IMM-04517,Roma,centro,0.9,294,appartamento,70,3,1,2,4,si,2017,nuovo,A,centralizzato,doppia,3,no,no,nessuno,no,135,5,489000
IMM-04518,Roma,centro,1.0,129,attico,108,3,2,4,4,si,1958,ristrutturato,F,centralizzato,ovest,2,si,no,posto_auto,si,202,2,633000
IMM-04519,Roma,semicentro,5.0,1210,appartamento,47,3,1,4,4,si,1998,da_ristrutturare,E,autonomo,doppia,3,no,no,box,no,143,5,132000
IMM-04520,Firenze,periferia,14.4,1041,appartamento,123,5,1,4,10,si,1967,ristrutturato,E,centralizzato,doppia,0,no,no,posto_auto,no,237,7,342000
IMM-04521,Bologna,centro,2.0,298,appartamento,78,3,2,7,7,no,1908,da_ristrutturare,G,centralizzato,ovest,0,no,no,nessuno,si,156,1,193000
IMM-04522,Roma,semicentro,3.6,799,appartamento,114,5,2,3,5,si,1941,buono,E,centralizzato,nord,0,no,no,box,si,248,11,316000
IMM-04523,Torino,periferia,9.2,1268,appartamento,69,2,1,1,2,si,1964,ristrutturato,C,autonomo,nord,1,no,no,box,si,164,4,105000
IMM-04524,Padova,periferia,11.0,968,appartamento,87,4,2,0,4,si,1952,buono,G,centralizzato,sud,1,no,si,posto_auto,si,182,7,113000
IMM-04525,Palermo,periferia,8.0,1069,appartamento,94,3,2,4,4,si,2022,nuovo,A,autonomo,sud,2,no,no,nessuno,si,172,2,215000
IMM-04526,Milano,periferia,12.1,4603,appartamento,196,8,2,6,9,no,2021,nuovo,A,autonomo,doppia,0,no,no,posto_auto,si,310,4,425000
IMM-04527,Roma,periferia,13.2,5000,appartamento,68,4,1,9,10,si,1980,buono,D,centralizzato,ovest,1,no,no,box,no,217,7,154000
IMM-04528,Milano,centro,2.0,139,appartamento,79,2,2,1,6,si,1942,buono,G,centralizzato,doppia,1,no,no,nessuno,no,212,9,551000
IMM-04529,Genova,periferia,13.9,2419,appartamento,106,4,3,1,11,si,1994,da_ristrutturare,F,autonomo,est,3,no,no,posto_auto,no,183,7,83000
IMM-04530,Torino,centro,0.5,277,appartamento,66,3,1,6,7,si,1920,da_ristrutturare,F,autonomo,doppia,1,no,no,nessuno,si,166,10,178000
IMM-04531,Torino,semicentro,4.5,327,attico,107,4,2,8,8,si,1999,ristrutturato,D,autonomo,doppia,2,si,no,nessuno,no,220,5,261000
IMM-04532,Genova,semicentro,5.1,419,appartamento,53,3,1,2,3,no,1995,ristrutturato,D,centralizzato,doppia,1,no,no,box,no,162,5,166000
IMM-04533,Torino,centro,1.5,526,appartamento,70,2,1,7,7,no,1950,ristrutturato,E,autonomo,nord,1,no,no,nessuno,no,115,3,141000
IMM-04534,Bologna,centro,1.9,507,appartamento,58,2,1,1,5,si,1999,ristrutturato,D,autonomo,nord,0,no,no,nessuno,no,142,12,256000
IMM-04535,Roma,periferia,9.3,637,appartamento,117,6,2,1,5,si,2019,buono,B,centralizzato,doppia,2,no,no,nessuno,no,203,3,216000
IMM-04536,Milano,periferia,12.2,1989,appartamento,87,2,2,4,10,si,1995,da_ristrutturare,F,autonomo,ovest,3,no,no,nessuno,si,151,7,186000
IMM-04537,Torino,periferia,7.8,1722,villetta,127,5,2,0,2,no,1995,ristrutturato,D,autonomo,ovest,0,si,si,box,si,11,12,230000
IMM-04538,Torino,semicentro,2.1,308,appartamento,88,3,2,1,8,si,2019,nuovo,C,autonomo,doppia,1,no,no,box,si,217,9,241000
IMM-04539,Roma,centro,0.7,293,appartamento,83,3,2,3,3,si,1903,buono,F,autonomo,est,0,no,no,nessuno,si,192,3,387000
IMM-04540,Genova,periferia,11.8,1566,appartamento,111,5,3,0,7,no,1964,ristrutturato,E,centralizzato,est,0,no,no,nessuno,no,176,2,76000
IMM-04541,Roma,semicentro,5.2,1313,appartamento,62,2,1,4,8,si,1983,buono,E,autonomo,ovest,2,no,no,box,no,127,2,231000
IMM-04542,Firenze,periferia,10.7,2311,appartamento,63,4,1,1,2,no,2017,nuovo,A,centralizzato,ovest,1,no,no,nessuno,no,103,7,187000
IMM-04543,Torino,semicentro,4.1,524,appartamento,145,5,4,2,6,si,1973,da_ristrutturare,G,autonomo,ovest,1,no,no,nessuno,si,283,12,159000
IMM-04544,Milano,periferia,14.2,156,appartamento,83,3,2,0,11,si,2024,nuovo,A,autonomo,est,2,no,si,nessuno,no,106,12,326000
IMM-04545,Roma,centro,0.7,245,appartamento,146,6,3,3,4,no,1900,da_ristrutturare,G,autonomo,doppia,0,no,no,nessuno,si,225,12,404000
IMM-04546,Napoli,semicentro,2.6,1447,appartamento,75,3,2,3,3,no,1980,da_ristrutturare,E,autonomo,sud,0,no,no,nessuno,si,109,9,130000
IMM-04547,Milano,semicentro,3.8,556,appartamento,61,2,2,0,3,no,1968,ristrutturato,D,autonomo,sud,1,no,no,box,si,75,12,369000
IMM-04548,Padova,semicentro,3.5,781,appartamento,67,2,1,5,6,no,1962,da_ristrutturare,F,autonomo,sud,1,no,no,nessuno,si,89,1,93000
IMM-04549,Torino,centro,0.7,296,appartamento,52,1,1,1,6,si,1936,buono,F,autonomo,ovest,1,no,no,nessuno,no,148,9,164000
IMM-04550,Milano,semicentro,5.9,780,appartamento,98,4,2,3,7,si,1958,buono,F,centralizzato,ovest,2,no,no,nessuno,no,259,9,347000
IMM-04551,Genova,centro,0.4,418,appartamento,88,2,2,1,5,si,2013,buono,D,autonomo,doppia,1,no,no,nessuno,no,213,5,224000
IMM-04552,Roma,periferia,9.7,3264,appartamento,90,4,2,4,10,si,2012,buono,D,autonomo,doppia,1,no,no,nessuno,si,211,4,157000
IMM-04553,Milano,centro,0.4,158,appartamento,75,3,2,0,5,no,1944,ristrutturato,E,centralizzato,sud,0,no,si,nessuno,si,166,6,543000
IMM-04554,Firenze,periferia,13.8,486,appartamento,100,4,1,1,5,si,1946,ristrutturato,D,centralizzato,est,1,si,no,box,no,215,5,240000
IMM-04555,Firenze,periferia,11.7,1526,appartamento,50,2,2,5,5,si,2019,nuovo,A,autonomo,est,2,no,no,nessuno,si,117,3,212000
IMM-04556,Milano,periferia,8.0,2482,appartamento,124,4,2,4,7,si,1958,buono,F,centralizzato,est,2,no,no,box,si,239,12,364000
IMM-04557,Bologna,centro,0.4,164,appartamento,102,3,2,0,5,no,1987,da_ristrutturare,E,autonomo,est,1,no,si,nessuno,si,209,4,355000
IMM-04558,Genova,semicentro,6.0,736,villetta,143,5,3,0,3,no,2021,nuovo,A,autonomo,doppia,0,no,si,nessuno,si,44,2,342000
IMM-04559,Padova,periferia,6.9,2106,appartamento,125,4,2,7,10,si,2020,nuovo,A,centralizzato,sud,1,no,no,posto_auto,no,219,1,218000
IMM-04560,Bari,semicentro,4.8,398,appartamento,104,3,2,4,4,si,2021,buono,A,autonomo,sud,2,no,no,nessuno,si,147,8,245000
IMM-04561,Milano,periferia,8.0,2701,appartamento,54,1,1,0,8,si,2019,buono,A,autonomo,doppia,2,no,si,box,no,157,11,220000
IMM-04562,Milano,periferia,10.1,2786,villetta,150,4,3,0,2,no,1981,buono,F,autonomo,sud,2,si,si,box,si,28,10,480000
IMM-04563,Torino,periferia,10.8,646,appartamento,32,2,1,4,7,no,1966,ristrutturato,F,centralizzato,sud,0,no,no,box,si,99,6,54000
IMM-04564,Genova,semicentro,5.1,323,villetta,171,6,3,0,3,no,1936,buono,F,autonomo,est,0,no,si,posto_auto,si,22,5,262000
IMM-04565,Torino,semicentro,5.3,186,appartamento,81,4,2,7,8,si,1958,da_ristrutturare,E,centralizzato,nord,2,no,no,nessuno,si,168,3,98000
IMM-04566,Palermo,centro,1.0,328,appartamento,56,2,1,3,4,si,2000,da_ristrutturare,C,autonomo,sud,2,no,no,box,no,104,7,121000
IMM-04567,Napoli,periferia,10.5,1220,appartamento,98,3,2,3,9,si,1973,da_ristrutturare,G,centralizzato,sud,1,no,no,posto_auto,si,222,1,117000
IMM-04568,Milano,semicentro,3.9,499,appartamento,86,3,2,1,7,no,1935,buono,G,centralizzato,nord,1,no,no,nessuno,si,170,11,274000
IMM-04569,Napoli,semicentro,2.9,416,appartamento,53,2,1,4,4,si,1983,da_ristrutturare,E,centralizzato,nord,1,no,no,posto_auto,no,166,5,113000
IMM-04570,Bari,semicentro,2.5,1105,appartamento,69,3,1,5,8,si,1964,ristrutturato,E,autonomo,ovest,2,no,no,nessuno,si,152,10,138000
IMM-04571,Roma,semicentro,2.4,409,appartamento,118,4,2,0,6,si,1998,ristrutturato,D,autonomo,nord,0,no,si,nessuno,si,220,10,470000
IMM-04572,Firenze,semicentro,5.4,626,appartamento,43,2,1,0,3,no,1967,da_ristrutturare,E,autonomo,est,1,no,si,posto_auto,si,130,12,113000
IMM-04573,Milano,periferia,12.9,1097,appartamento,99,3,2,2,5,si,1999,buono,F,autonomo,ovest,2,no,no,nessuno,no,232,8,291000
IMM-04574,Napoli,periferia,9.5,1657,appartamento,111,4,2,3,9,si,1953,ristrutturato,C,autonomo,ovest,2,no,no,posto_auto,si,214,10,166000
IMM-04575,Roma,centro,0.4,411,appartamento,84,3,2,2,3,si,1945,buono,F,autonomo,sud,1,no,no,box,no,182,10,424000
IMM-04576,Genova,semicentro,2.4,1234,attico,85,4,2,5,5,si,1988,ristrutturato,D,autonomo,est,1,si,no,box,no,134,7,244000
IMM-04577,Firenze,semicentro,5.1,613,appartamento,71,2,2,3,3,no,1918,buono,F,centralizzato,est,1,no,no,box,si,100,4,242000
IMM-04578,Bari,centro,1.6,244,appartamento,82,3,2,4,7,si,2022,nuovo,A,autonomo,sud,1,no,no,nessuno,no,169,12,373000
IMM-04579,Milano,semicentro,4.2,703,appartamento,75,2,2,0,7,si,1930,da_ristrutturare,F,autonomo,doppia,2,no,no,posto_auto,si,127,6,279000
IMM-04580,Milano,periferia,8.2,498,attico,124,5,2,10,10,si,2000,buono,B,autonomo,nord,1,si,no,nessuno,no,222,3,505000
IMM-04581,Bologna,semicentro,4.3,531,appartamento,72,2,2,5,6,si,1901,da_ristrutturare,F,centralizzato,ovest,0,no,no,nessuno,si,157,12,162000
IMM-04582,Milano,periferia,10.5,1480,villetta,135,5,2,0,2,no,1988,buono,F,autonomo,ovest,1,no,si,box,si,4,5,425000
IMM-04583,Firenze,semicentro,3.5,700,appartamento,44,1,1,1,3,no,1967,buono,F,autonomo,est,3,no,no,posto_auto,si,68,5,180000
IMM-04584,Torino,periferia,10.5,505,appartamento,42,3,1,0,11,si,1988,buono,E,autonomo,doppia,2,no,no,posto_auto,si,136,5,61000
IMM-04585,Genova,periferia,9.8,1049,appartamento,95,4,2,1,7,no,1955,da_ristrutturare,F,centralizzato,ovest,1,no,no,posto_auto,no,195,6,88000
IMM-04586,Firenze,periferia,14.3,1346,villetta,236,8,4,0,2,no,1968,da_ristrutturare,E,autonomo,nord,0,no,si,posto_auto,si,10,8,398000
IMM-04587,Milano,centro,0.5,270,appartamento,56,1,1,1,5,si,1944,da_ristrutturare,F,centralizzato,nord,0,no,no,nessuno,si,163,7,312000
IMM-04588,Torino,centro,1.8,344,appartamento,49,3,1,3,4,no,1934,da_ristrutturare,E,autonomo,doppia,1,no,no,nessuno,si,168,9,97000
IMM-04589,Padova,semicentro,5.5,897,villetta,153,5,2,0,3,no,1954,da_ristrutturare,F,autonomo,nord,0,no,si,box,si,1,8,230000
IMM-04590,Milano,periferia,7.7,2582,appartamento,77,2,2,4,4,no,1949,buono,F,centralizzato,doppia,0,no,no,posto_auto,no,161,5,180000
IMM-04591,Torino,semicentro,5.8,1210,appartamento,54,2,1,2,7,no,1972,ristrutturato,E,autonomo,doppia,2,no,no,box,si,119,4,128000
IMM-04592,Firenze,periferia,7.2,807,villetta,192,8,3,0,3,no,1967,ristrutturato,D,autonomo,doppia,2,no,si,box,si,37,3,528000
IMM-04593,Milano,semicentro,4.7,279,appartamento,115,5,2,1,5,no,1903,buono,F,centralizzato,ovest,0,no,no,box,si,198,8,583000
IMM-04594,Milano,semicentro,5.5,501,villetta,188,7,4,0,2,no,2011,ristrutturato,B,autonomo,sud,1,no,si,box,no,33,10,1294000
IMM-04595,Roma,semicentro,3.9,136,villetta,134,5,2,0,3,no,1981,da_ristrutturare,E,autonomo,ovest,0,no,si,box,no,2,2,375000
IMM-04596,Roma,centro,0.2,185,attico,124,5,3,4,4,si,1931,buono,F,autonomo,ovest,2,si,no,nessuno,no,233,2,734000
IMM-04597,Roma,centro,0.8,228,appartamento,64,3,1,4,6,si,1960,ristrutturato,D,autonomo,est,2,no,no,nessuno,no,181,11,358000
IMM-04598,Torino,semicentro,2.8,1444,appartamento,106,3,2,5,5,si,1984,buono,E,autonomo,nord,2,no,no,nessuno,no,152,1,173000
IMM-04599,Bari,periferia,6.8,1638,appartamento,108,4,2,1,5,si,1999,buono,C,autonomo,nord,3,no,no,nessuno,no,174,4,114000
IMM-04600,Bari,semicentro,3.4,355,appartamento,80,3,1,5,6,si,2016,nuovo,A,autonomo,sud,1,no,no,nessuno,si,111,7,229000
IMM-04601,Milano,periferia,7.0,5000,appartamento,118,4,2,5,8,si,2025,nuovo,B,autonomo,nord,1,no,no,box,si,158,11,465000
IMM-04602,Milano,semicentro,3.7,543,appartamento,58,2,1,1,3,no,1939,buono,G,centralizzato,nord,1,no,no,box,no,110,12,231000
IMM-04603,Bologna,periferia,11.3,1040,appartamento,53,1,1,4,7,si,1916,ristrutturato,G,autonomo,nord,1,no,no,nessuno,no,145,10,120000
IMM-04604,Roma,semicentro,3.7,355,appartamento,41,2,2,0,7,no,1912,buono,G,centralizzato,doppia,0,si,si,posto_auto,no,71,9,159000
IMM-04605,Bari,centro,1.7,501,appartamento,188,7,3,2,3,no,1919,da_ristrutturare,F,autonomo,nord,0,no,no,posto_auto,no,295,7,401000
IMM-04606,Bologna,semicentro,5.2,224,attico,109,3,2,4,4,si,1993,ristrutturato,C,autonomo,sud,1,si,no,box,si,228,12,476000
IMM-04607,Roma,centro,1.7,124,appartamento,88,3,2,1,5,si,1914,da_ristrutturare,F,autonomo,est,1,no,no,nessuno,si,206,9,301000
IMM-04608,Roma,semicentro,5.6,631,appartamento,163,6,4,5,6,no,1950,buono,F,centralizzato,ovest,2,no,no,nessuno,si,250,4,356000
IMM-04609,Torino,centro,1.1,449,appartamento,85,3,2,2,5,si,1985,buono,D,centralizzato,nord,0,no,si,nessuno,no,239,2,217000
IMM-04610,Roma,semicentro,3.6,1124,villetta,115,4,2,0,2,no,1948,buono,F,autonomo,nord,1,si,si,box,no,21,9,425000
IMM-04611,Napoli,semicentro,3.2,1080,attico,127,5,2,8,8,si,1953,buono,F,autonomo,sud,3,si,no,posto_auto,no,182,12,368000
IMM-04612,Milano,centro,0.3,317,appartamento,73,3,3,0,4,si,1973,buono,F,centralizzato,nord,1,no,no,nessuno,no,242,4,466000
IMM-04613,Padova,semicentro,3.8,2909,attico,175,6,3,6,6,no,1948,buono,E,centralizzato,sud,0,si,no,nessuno,si,229,11,237000
IMM-04614,Milano,semicentro,2.1,582,appartamento,100,4,2,4,6,no,1949,buono,E,centralizzato,nord,2,no,no,nessuno,si,164,8,326000
IMM-04615,Palermo,semicentro,2.6,771,appartamento,48,2,2,4,9,si,1949,da_ristrutturare,F,autonomo,est,3,no,no,nessuno,si,148,8,56000
IMM-04616,Padova,periferia,10.9,342,attico,106,5,2,8,8,si,1987,da_ristrutturare,D,centralizzato,sud,2,si,no,box,si,227,8,147000
IMM-04617,Bologna,periferia,7.2,378,villetta,110,5,2,0,2,no,2003,ristrutturato,B,autonomo,sud,2,no,si,posto_auto,si,0,6,369000
IMM-04618,Torino,semicentro,4.8,2419,appartamento,73,3,3,4,9,si,1986,buono,D,autonomo,est,3,no,no,nessuno,no,175,11,150000
IMM-04619,Palermo,semicentro,3.4,164,appartamento,81,3,3,0,5,no,1954,da_ristrutturare,F,centralizzato,est,1,no,no,nessuno,si,122,5,80000
IMM-04620,Milano,periferia,14.5,889,appartamento,100,3,2,0,3,no,2019,nuovo,A,autonomo,nord,1,no,si,nessuno,no,109,3,360000
IMM-04621,Napoli,centro,0.6,357,appartamento,86,3,2,1,3,no,2010,ristrutturato,B,autonomo,doppia,0,no,no,nessuno,no,163,8,353000
IMM-04622,Napoli,centro,1.0,642,attico,129,5,2,6,6,si,1917,ristrutturato,D,centralizzato,doppia,0,si,no,nessuno,si,250,9,667000
IMM-04623,Firenze,centro,1.9,102,appartamento,60,1,1,4,4,no,1903,buono,F,centralizzato,est,0,no,no,nessuno,no,149,4,308000
IMM-04624,Palermo,periferia,6.1,3477,appartamento,73,3,2,2,11,no,1974,buono,F,autonomo,doppia,2,no,no,box,no,127,5,62000
IMM-04625,Roma,semicentro,2.1,239,appartamento,45,2,1,6,6,si,2009,buono,C,autonomo,doppia,2,no,no,posto_auto,no,92,6,200000
IMM-04626,Napoli,periferia,10.7,1651,appartamento,78,2,1,10,11,si,1980,buono,E,autonomo,doppia,1,no,no,nessuno,no,132,12,114000
IMM-04627,Milano,semicentro,4.1,418,appartamento,133,4,2,3,7,si,1939,buono,F,centralizzato,sud,0,no,no,nessuno,si,263,9,606000
IMM-04628,Napoli,periferia,6.6,3208,appartamento,149,5,2,2,4,si,1945,buono,E,autonomo,doppia,0,no,no,box,si,252,2,240000
IMM-04629,Roma,centro,1.7,234,appartamento,63,3,1,1,3,no,1901,ristrutturato,D,autonomo,nord,1,no,no,nessuno,no,150,1,352000
IMM-04630,Roma,semicentro,2.9,596,appartamento,88,3,2,2,5,no,1918,buono,G,autonomo,ovest,0,no,no,nessuno,no,195,12,221000
IMM-04631,Bari,periferia,6.3,1219,appartamento,214,7,3,5,9,si,1963,ristrutturato,C,centralizzato,nord,2,no,no,nessuno,no,399,8,274000
IMM-04632,Torino,semicentro,2.3,743,appartamento,113,4,2,4,8,si,2007,ristrutturato,A,autonomo,sud,0,no,no,nessuno,si,187,4,245000
IMM-04633,Milano,centro,1.8,351,appartamento,111,4,2,6,7,si,1948,buono,E,centralizzato,sud,1,si,no,nessuno,si,199,11,846000
IMM-04634,Roma,semicentro,3.9,743,appartamento,94,3,2,4,4,no,1951,buono,F,autonomo,est,2,no,no,nessuno,si,146,1,208000
IMM-04635,Genova,centro,1.6,209,appartamento,112,4,2,3,3,no,1940,da_ristrutturare,D,centralizzato,doppia,0,no,no,nessuno,si,197,6,206000
IMM-04636,Firenze,semicentro,2.1,522,villetta,90,4,2,0,2,no,1947,buono,F,autonomo,ovest,0,no,si,box,no,26,6,359000
IMM-04637,Roma,semicentro,2.5,295,appartamento,90,3,1,7,7,si,2007,da_ristrutturare,B,autonomo,nord,2,no,no,posto_auto,si,213,3,278000
IMM-04638,Milano,centro,0.6,804,appartamento,109,4,2,1,4,si,1908,ristrutturato,E,centralizzato,doppia,0,no,no,nessuno,no,214,2,723000
IMM-04639,Roma,semicentro,2.1,921,appartamento,36,1,1,7,7,si,1901,ristrutturato,E,centralizzato,doppia,1,no,no,nessuno,si,111,3,143000
IMM-04640,Bari,semicentro,4.1,306,appartamento,105,4,2,1,9,no,2009,buono,B,autonomo,est,2,no,no,posto_auto,si,78,6,224000
IMM-04641,Roma,semicentro,4.1,425,villetta,157,6,3,0,3,no,1946,buono,F,autonomo,sud,0,no,si,posto_auto,no,0,3,492000
IMM-04642,Firenze,periferia,7.3,2126,villetta,90,3,1,0,3,no,1908,da_ristrutturare,F,autonomo,ovest,0,si,si,box,si,15,3,209000
IMM-04643,Padova,semicentro,4.5,1283,appartamento,73,3,2,1,3,no,1977,buono,D,autonomo,sud,1,no,no,posto_auto,no,97,12,159000
IMM-04644,Milano,periferia,10.4,843,appartamento,185,6,3,2,3,no,1989,buono,E,autonomo,ovest,2,si,no,nessuno,si,270,8,524000
IMM-04645,Milano,semicentro,3.8,723,appartamento,42,2,1,1,3,no,1917,da_ristrutturare,G,autonomo,sud,1,no,no,nessuno,si,99,1,159000
IMM-04646,Milano,periferia,12.0,1090,appartamento,103,3,2,8,9,si,1963,da_ristrutturare,F,centralizzato,sud,2,no,no,posto_auto,si,201,7,252000
IMM-04647,Bari,semicentro,5.3,259,appartamento,123,5,2,0,3,no,1957,ristrutturato,F,centralizzato,nord,0,no,no,box,si,211,4,195000
IMM-04648,Roma,periferia,7.9,1627,appartamento,116,4,2,8,10,si,1990,buono,F,autonomo,doppia,1,no,no,nessuno,si,189,4,212000
IMM-04649,Roma,semicentro,2.2,505,appartamento,99,4,2,0,8,no,1918,ristrutturato,E,autonomo,ovest,0,no,si,nessuno,si,122,4,321000
IMM-04650,Milano,semicentro,5.4,351,appartamento,50,2,1,2,5,si,1998,buono,F,centralizzato,sud,0,no,no,nessuno,no,136,5,231000
IMM-04651,Roma,semicentro,3.7,773,appartamento,64,3,1,1,3,no,2015,ristrutturato,B,autonomo,sud,1,no,no,nessuno,si,115,8,240000
IMM-04652,Roma,centro,1.5,430,appartamento,62,2,1,3,3,no,1921,da_ristrutturare,G,autonomo,est,2,no,no,nessuno,si,100,3,225000
IMM-04653,Padova,semicentro,4.0,694,appartamento,65,3,1,2,3,si,1989,da_ristrutturare,D,centralizzato,sud,1,no,no,nessuno,si,156,1,104000
IMM-04654,Padova,semicentro,2.7,550,appartamento,88,3,2,0,8,no,1966,ristrutturato,E,autonomo,nord,1,no,no,nessuno,si,144,8,188000
IMM-04655,Roma,centro,1.2,314,appartamento,78,3,1,7,7,si,1946,buono,E,centralizzato,doppia,2,si,si,nessuno,no,194,2,388000
IMM-04656,Padova,semicentro,5.8,402,appartamento,92,4,1,1,4,si,1995,buono,F,autonomo,nord,0,no,no,box,no,194,8,158000
IMM-04657,Milano,centro,1.1,344,appartamento,72,3,2,1,4,si,1918,buono,G,centralizzato,nord,1,no,no,nessuno,si,196,2,474000
IMM-04658,Milano,semicentro,5.9,584,appartamento,75,3,2,0,6,si,1992,buono,F,autonomo,nord,1,no,si,nessuno,si,222,10,275000
IMM-04659,Roma,periferia,14.9,714,appartamento,62,2,1,6,8,si,1955,ristrutturato,D,centralizzato,ovest,1,no,no,nessuno,no,157,3,141000
IMM-04660,Torino,centro,0.4,547,appartamento,54,3,1,1,7,si,2025,nuovo,A,autonomo,doppia,2,no,no,nessuno,no,169,10,227000
IMM-04661,Bologna,periferia,11.7,489,appartamento,66,3,1,5,5,no,1952,ristrutturato,D,centralizzato,nord,1,no,no,nessuno,si,134,12,91000
IMM-04662,Roma,periferia,10.8,735,appartamento,75,2,2,3,8,si,1988,da_ristrutturare,E,centralizzato,doppia,1,no,no,box,si,205,11,150000
IMM-04663,Milano,semicentro,3.7,797,appartamento,120,5,2,1,8,si,1964,buono,E,centralizzato,ovest,3,no,no,nessuno,no,210,7,506000
IMM-04664,Firenze,centro,0.8,203,appartamento,64,1,1,2,3,si,2025,nuovo,B,centralizzato,ovest,2,no,no,nessuno,no,166,8,518000
IMM-04665,Padova,periferia,14.2,1926,appartamento,112,4,2,0,2,no,2005,ristrutturato,B,autonomo,sud,2,no,no,posto_auto,no,187,2,145000
IMM-04666,Bologna,semicentro,4.4,402,villetta,176,6,3,0,2,no,2011,buono,D,autonomo,est,0,no,si,box,si,24,5,566000
IMM-04667,Genova,semicentro,3.8,360,appartamento,65,2,1,7,7,no,1939,buono,E,centralizzato,est,1,no,no,nessuno,si,148,3,80000
IMM-04668,Padova,semicentro,2.4,641,villetta,183,8,3,0,3,no,1929,da_ristrutturare,G,autonomo,sud,0,si,si,posto_auto,si,20,9,301000
IMM-04669,Roma,periferia,13.4,4928,appartamento,39,1,2,0,9,no,1972,buono,F,centralizzato,sud,1,no,si,nessuno,no,103,5,67000
IMM-04670,Genova,semicentro,3.8,1319,appartamento,32,1,1,5,7,si,2023,nuovo,A,autonomo,sud,3,no,no,nessuno,no,40,8,99000
IMM-04671,Bari,periferia,13.5,390,appartamento,111,4,2,0,11,si,1985,buono,F,autonomo,doppia,1,no,si,box,si,210,4,127000
IMM-04672,Genova,centro,0.9,105,appartamento,82,3,2,1,3,no,1988,ristrutturato,F,autonomo,doppia,1,no,no,nessuno,si,154,6,214000
IMM-04673,Bologna,periferia,11.5,1555,appartamento,198,6,3,0,6,no,1964,buono,F,centralizzato,nord,0,no,si,posto_auto,si,269,9,259000
IMM-04674,Bologna,periferia,14.5,512,appartamento,78,3,2,6,9,si,1984,da_ristrutturare,E,autonomo,est,3,no,no,box,no,132,6,134000
IMM-04675,Genova,centro,1.2,231,appartamento,71,3,1,0,5,no,1900,buono,F,autonomo,sud,0,no,no,nessuno,no,109,9,167000
IMM-04676,Milano,semicentro,2.1,499,appartamento,66,2,1,4,6,si,1951,buono,D,autonomo,doppia,2,no,no,posto_auto,si,143,6,405000
IMM-04677,Roma,periferia,10.9,3287,appartamento,71,2,2,4,5,si,1980,da_ristrutturare,F,centralizzato,nord,3,no,no,nessuno,si,159,7,99000
IMM-04678,Genova,semicentro,5.3,1166,appartamento,152,6,3,3,7,si,1996,da_ristrutturare,E,autonomo,ovest,2,no,no,posto_auto,no,237,7,182000
IMM-04679,Napoli,periferia,8.3,735,villetta,128,5,2,0,3,no,1964,ristrutturato,E,autonomo,nord,1,si,si,posto_auto,no,13,9,240000
IMM-04680,Torino,periferia,14.8,936,appartamento,82,2,2,5,7,si,2003,buono,C,centralizzato,sud,3,no,no,nessuno,si,187,5,101000
IMM-04681,Roma,semicentro,3.5,855,appartamento,123,5,2,0,4,si,2014,ristrutturato,A,autonomo,est,1,no,no,nessuno,no,198,10,397000
IMM-04682,Bologna,centro,1.0,159,attico,94,4,2,6,6,no,1904,buono,F,centralizzato,sud,1,si,no,nessuno,si,264,3,378000
IMM-04683,Napoli,semicentro,3.2,743,appartamento,33,1,2,3,7,si,1993,da_ristrutturare,E,autonomo,doppia,0,no,no,box,si,81,6,88000
IMM-04684,Firenze,semicentro,3.1,655,appartamento,59,3,1,4,7,no,1973,buono,G,centralizzato,nord,3,no,no,nessuno,no,113,10,169000
IMM-04685,Napoli,centro,1.8,365,appartamento,90,2,2,2,6,no,1904,ristrutturato,D,centralizzato,sud,0,no,no,nessuno,si,198,4,349000
IMM-04686,Genova,semicentro,3.7,793,appartamento,63,2,1,1,6,no,2012,buono,E,autonomo,doppia,2,no,no,box,no,121,12,132000
IMM-04687,Firenze,periferia,14.0,1707,villetta,158,6,3,0,3,no,1947,buono,E,autonomo,est,2,si,si,box,no,11,12,399000
IMM-04688,Roma,periferia,10.3,409,appartamento,50,1,1,1,9,si,1980,da_ristrutturare,F,centralizzato,sud,1,no,no,nessuno,si,141,3,92000
IMM-04689,Roma,periferia,14.4,1139,appartamento,77,2,2,4,4,si,1977,ristrutturato,D,autonomo,ovest,1,no,no,nessuno,si,182,6,182000
IMM-04690,Palermo,periferia,7.6,4610,villetta,145,5,3,0,2,no,1984,buono,E,autonomo,doppia,0,si,si,posto_auto,si,20,6,145000
IMM-04691,Roma,periferia,8.7,498,villetta,120,3,2,0,2,no,1960,ristrutturato,E,autonomo,est,0,no,si,box,si,2,9,250000
IMM-04692,Napoli,periferia,11.5,625,appartamento,68,3,1,2,7,si,2021,buono,A,autonomo,est,1,no,no,posto_auto,si,195,1,120000
IMM-04693,Roma,periferia,14.4,774,appartamento,151,5,3,1,2,no,2002,buono,B,autonomo,est,0,no,no,posto_auto,no,187,6,300000
IMM-04694,Milano,centro,0.3,120,appartamento,47,2,1,3,4,si,1987,ristrutturato,C,autonomo,nord,1,no,no,nessuno,si,119,4,358000
IMM-04695,Torino,semicentro,3.6,245,appartamento,57,1,1,7,8,no,1955,da_ristrutturare,E,autonomo,ovest,0,no,no,box,si,89,12,69000
IMM-04696,Milano,periferia,6.6,711,appartamento,67,1,2,2,7,si,2007,buono,C,centralizzato,doppia,2,no,no,nessuno,no,124,7,224000
IMM-04697,Bari,periferia,12.1,1855,appartamento,71,3,1,6,6,no,1972,ristrutturato,E,autonomo,ovest,1,no,no,box,no,116,7,74000
IMM-04698,Padova,semicentro,2.5,417,appartamento,72,3,2,2,5,si,1951,buono,F,autonomo,doppia,2,no,no,nessuno,si,181,9,142000
IMM-04699,Padova,periferia,13.4,2884,appartamento,67,2,1,3,6,si,1965,buono,G,centralizzato,doppia,2,no,no,posto_auto,si,207,2,84000
IMM-04700,Torino,centro,1.9,284,appartamento,80,2,2,4,4,si,1972,buono,G,centralizzato,nord,0,no,no,box,no,200,9,236000
IMM-04701,Napoli,periferia,6.2,1099,villetta,157,5,3,0,2,no,1980,ristrutturato,E,autonomo,ovest,0,no,si,box,no,0,4,390000
IMM-04702,Padova,centro,1.7,414,appartamento,83,3,2,6,6,no,1908,buono,F,autonomo,nord,2,no,no,nessuno,si,151,3,174000
IMM-04703,Bologna,periferia,9.5,962,appartamento,73,3,2,1,3,no,1999,buono,E,autonomo,est,0,no,no,box,no,147,3,164000
IMM-04704,Genova,periferia,13.3,1155,appartamento,93,3,2,9,11,si,1977,ristrutturato,D,centralizzato,doppia,1,no,no,posto_auto,no,226,2,126000
IMM-04705,Roma,periferia,13.5,864,villetta,191,7,3,0,3,no,2024,nuovo,A,autonomo,sud,1,si,si,box,no,14,1,516000
IMM-04706,Torino,periferia,11.3,4423,appartamento,110,4,2,7,10,si,2023,nuovo,A,centralizzato,sud,1,no,no,nessuno,si,248,7,164000
IMM-04707,Milano,centro,1.0,302,appartamento,92,4,2,2,3,no,1929,da_ristrutturare,F,autonomo,doppia,0,no,no,nessuno,no,147,10,491000
IMM-04708,Genova,centro,1.6,202,appartamento,65,3,1,2,3,no,1974,ristrutturato,D,centralizzato,doppia,1,no,no,nessuno,si,103,1,168000
IMM-04709,Firenze,semicentro,2.5,623,appartamento,103,3,2,1,3,si,1946,buono,G,autonomo,doppia,1,no,no,nessuno,si,173,10,299000
IMM-04710,Palermo,semicentro,3.9,1819,villetta,141,4,3,0,2,no,1958,ristrutturato,F,autonomo,ovest,1,no,si,box,si,17,11,200000
IMM-04711,Roma,centro,0.9,214,attico,81,4,2,3,3,si,1913,buono,G,autonomo,sud,1,si,no,posto_auto,no,155,2,468000
IMM-04712,Milano,centro,1.5,349,appartamento,55,2,1,0,6,si,2008,buono,D,autonomo,est,1,no,no,nessuno,si,166,12,454000
IMM-04713,Roma,centro,0.5,206,appartamento,57,2,1,4,4,si,1946,buono,F,centralizzato,nord,2,no,no,nessuno,si,184,12,280000
IMM-04714,Roma,centro,1.0,390,villetta,139,5,2,0,2,no,1968,ristrutturato,D,autonomo,ovest,1,si,si,box,si,0,6,976000
IMM-04715,Firenze,semicentro,6.0,300,appartamento,68,3,1,5,6,no,1946,da_ristrutturare,D,centralizzato,ovest,0,no,no,nessuno,si,121,5,149000
IMM-04716,Napoli,centro,0.5,706,appartamento,118,4,2,2,5,no,1900,buono,G,autonomo,sud,1,no,no,nessuno,no,203,8,324000
IMM-04717,Roma,semicentro,4.8,706,appartamento,68,3,1,8,9,no,1951,buono,E,centralizzato,doppia,3,no,no,nessuno,si,143,9,143000
IMM-04718,Genova,centro,0.4,163,appartamento,78,3,2,0,6,si,1924,buono,G,autonomo,est,1,no,no,nessuno,si,197,1,197000
IMM-04719,Milano,periferia,8.7,875,villetta,190,6,3,0,2,no,2000,ristrutturato,A,autonomo,nord,1,no,si,posto_auto,no,0,6,738000
IMM-04720,Firenze,semicentro,2.5,527,appartamento,49,1,1,4,7,si,2025,buono,A,autonomo,est,0,no,si,box,no,123,10,233000
IMM-04721,Firenze,centro,1.6,272,appartamento,83,3,2,5,6,si,1980,buono,E,autonomo,doppia,2,si,no,nessuno,no,165,7,603000
IMM-04722,Roma,periferia,10.1,350,villetta,144,5,3,0,3,no,2008,buono,D,autonomo,doppia,1,si,si,box,no,8,2,381000
IMM-04723,Torino,semicentro,2.4,1223,villetta,165,6,4,0,3,no,1954,ristrutturato,G,autonomo,est,0,no,si,box,si,23,4,271000
IMM-04724,Padova,semicentro,4.0,408,appartamento,98,3,2,8,8,si,1976,buono,E,centralizzato,doppia,2,si,no,nessuno,no,200,10,229000
IMM-04725,Torino,centro,0.6,226,appartamento,68,2,1,2,5,si,1936,buono,G,autonomo,sud,2,no,no,nessuno,si,158,8,206000
IMM-04726,Firenze,semicentro,3.9,1170,attico,138,5,2,6,6,si,1998,da_ristrutturare,E,autonomo,est,3,si,no,nessuno,no,207,9,512000
IMM-04727,Roma,periferia,12.2,1022,attico,156,6,3,11,11,si,1958,ristrutturato,E,autonomo,est,0,si,no,nessuno,si,271,8,324000
IMM-04728,Padova,periferia,12.5,2406,appartamento,100,4,2,1,6,si,1967,da_ristrutturare,D,centralizzato,est,2,no,no,nessuno,no,180,4,85000
IMM-04729,Firenze,periferia,13.5,1435,appartamento,87,4,2,1,6,si,1912,da_ristrutturare,G,centralizzato,doppia,0,no,no,box,no,191,10,150000
IMM-04730,Palermo,centro,0.6,691,appartamento,100,3,2,0,6,no,1969,da_ristrutturare,G,autonomo,est,2,no,no,posto_auto,si,171,2,172000
IMM-04731,Roma,centro,0.2,501,attico,107,3,2,7,7,si,1976,ristrutturato,C,centralizzato,doppia,1,si,no,nessuno,si,241,11,719000
IMM-04732,Torino,periferia,11.0,660,appartamento,79,3,2,7,11,si,1950,ristrutturato,B,centralizzato,ovest,2,no,no,box,si,196,6,141000
IMM-04733,Bologna,semicentro,4.2,401,villetta,133,6,2,0,2,no,2002,buono,B,autonomo,sud,0,si,si,box,no,18,9,504000
IMM-04734,Genova,periferia,13.4,1874,villetta,112,3,2,0,3,no,1964,buono,E,autonomo,doppia,0,si,si,box,no,26,11,120000
IMM-04735,Bologna,centro,1.1,433,appartamento,95,3,2,5,7,no,1963,buono,F,autonomo,sud,2,no,no,nessuno,no,151,12,271000
IMM-04736,Bari,periferia,12.3,1231,appartamento,55,3,1,3,4,si,1925,buono,F,autonomo,nord,3,no,no,posto_auto,si,96,2,69000
IMM-04737,Genova,centro,1.8,252,appartamento,86,4,2,4,6,si,1926,buono,G,centralizzato,sud,3,no,no,posto_auto,si,249,12,201000
IMM-04738,Torino,centro,1.2,515,appartamento,78,3,2,5,6,no,1923,buono,F,autonomo,ovest,0,no,no,nessuno,si,122,3,157000
IMM-04739,Milano,periferia,13.0,1448,attico,87,3,1,9,9,si,2023,nuovo,A,autonomo,ovest,2,no,no,posto_auto,si,169,3,442000
IMM-04740,Roma,periferia,11.7,943,appartamento,74,3,2,0,6,si,1996,buono,E,autonomo,doppia,2,no,no,nessuno,si,164,9,129000
IMM-04741,Bari,semicentro,3.9,2014,attico,93,2,2,9,9,si,1959,da_ristrutturare,F,centralizzato,est,2,si,no,box,si,197,1,158000
IMM-04742,Firenze,semicentro,2.1,246,appartamento,69,3,1,3,4,no,1953,buono,E,autonomo,doppia,2,no,no,nessuno,no,130,6,188000
IMM-04743,Milano,periferia,13.5,1311,appartamento,106,4,2,3,9,si,1988,buono,E,autonomo,sud,1,no,no,posto_auto,si,208,9,320000
IMM-04744,Milano,centro,0.9,136,appartamento,81,3,2,3,6,si,1986,ristrutturato,B,centralizzato,sud,3,no,no,nessuno,no,196,9,667000
IMM-04745,Torino,semicentro,5.2,902,appartamento,37,1,1,8,8,no,1971,buono,F,centralizzato,doppia,2,no,no,box,si,26,3,68000
IMM-04746,Napoli,periferia,12.4,601,appartamento,70,2,1,8,11,si,1965,buono,F,autonomo,ovest,1,no,no,nessuno,no,135,12,93000
IMM-04747,Roma,semicentro,5.9,739,appartamento,137,5,2,1,5,no,1949,da_ristrutturare,F,centralizzato,doppia,0,no,no,posto_auto,no,191,2,204000
IMM-04748,Genova,semicentro,5.3,314,appartamento,114,5,2,9,9,si,1995,buono,E,autonomo,nord,2,no,no,posto_auto,no,171,9,202000
IMM-04749,Napoli,semicentro,5.0,477,appartamento,63,2,1,1,5,si,2010,buono,C,centralizzato,doppia,1,no,no,nessuno,si,162,9,167000
IMM-04750,Roma,periferia,7.2,666,appartamento,35,2,1,6,8,si,1988,buono,F,centralizzato,sud,0,no,no,nessuno,no,153,10,77000
IMM-04751,Roma,centro,1.3,328,appartamento,113,3,2,3,7,no,1942,da_ristrutturare,G,autonomo,sud,0,no,no,nessuno,no,192,2,325000
IMM-04752,Bologna,semicentro,4.2,372,appartamento,91,3,2,9,9,si,1975,da_ristrutturare,F,autonomo,doppia,2,no,no,nessuno,si,170,4,235000
IMM-04753,Torino,semicentro,3.9,842,appartamento,116,5,2,2,5,si,1976,ristrutturato,C,autonomo,doppia,0,no,no,nessuno,si,165,3,232000
IMM-04754,Milano,periferia,12.6,1760,attico,147,5,3,10,10,si,2020,nuovo,A,autonomo,sud,0,si,no,nessuno,no,237,11,669000
IMM-04755,Padova,semicentro,3.5,373,appartamento,81,3,2,2,6,si,1969,buono,F,autonomo,sud,2,no,no,box,si,173,8,176000
IMM-04756,Milano,semicentro,5.3,694,appartamento,74,2,2,1,3,si,1970,ristrutturato,E,autonomo,sud,1,no,no,nessuno,si,139,7,419000
IMM-04757,Firenze,semicentro,2.8,1511,appartamento,78,3,2,4,7,si,1990,buono,E,centralizzato,doppia,0,no,no,box,no,192,12,305000
IMM-04758,Roma,periferia,14.6,2622,appartamento,91,3,2,7,8,no,1966,ristrutturato,B,autonomo,ovest,2,no,no,nessuno,si,121,8,136000
IMM-04759,Bologna,centro,1.1,144,appartamento,63,3,1,0,5,no,1928,buono,G,centralizzato,doppia,1,no,si,nessuno,si,129,4,301000
IMM-04760,Torino,semicentro,2.6,368,appartamento,98,2,2,1,9,si,1992,buono,E,centralizzato,ovest,1,no,si,nessuno,si,244,6,175000
IMM-04761,Torino,centro,1.7,180,attico,187,7,3,5,5,si,1904,da_ristrutturare,F,centralizzato,sud,2,si,no,nessuno,si,300,1,472000
IMM-04762,Bari,semicentro,4.7,1320,appartamento,104,4,2,0,3,no,2016,nuovo,A,autonomo,sud,1,si,no,box,si,151,10,282000
IMM-04763,Padova,semicentro,5.0,1708,appartamento,123,6,2,2,8,si,1944,buono,G,centralizzato,est,1,no,no,posto_auto,no,243,6,230000
IMM-04764,Genova,periferia,6.2,1045,appartamento,69,2,1,5,7,si,2002,ristrutturato,B,autonomo,doppia,2,no,no,box,no,141,2,117000
IMM-04765,Milano,semicentro,5.8,753,appartamento,159,6,3,0,3,no,2009,buono,B,autonomo,nord,2,no,si,posto_auto,si,229,2,636000
IMM-04766,Firenze,periferia,14.0,1531,villetta,116,5,2,0,2,no,1985,ristrutturato,C,autonomo,doppia,1,no,no,box,si,29,5,316000
IMM-04767,Milano,periferia,9.2,1710,villetta,150,5,3,0,2,no,1982,ristrutturato,D,autonomo,sud,0,no,si,posto_auto,no,8,1,466000
IMM-04768,Genova,centro,1.5,355,appartamento,52,3,1,4,5,no,1903,buono,G,autonomo,est,1,no,no,nessuno,no,148,12,114000
IMM-04769,Napoli,centro,1.6,250,appartamento,87,3,2,1,6,si,1979,buono,E,centralizzato,doppia,1,no,no,nessuno,si,216,9,261000
IMM-04770,Firenze,periferia,11.2,224,appartamento,94,2,2,0,8,no,1958,da_ristrutturare,G,centralizzato,sud,2,no,si,nessuno,si,178,6,155000
IMM-04771,Roma,periferia,13.1,392,appartamento,74,3,2,2,2,no,2001,ristrutturato,B,autonomo,est,1,no,no,box,si,162,2,201000
IMM-04772,Palermo,centro,0.7,136,appartamento,56,3,1,3,4,si,1941,buono,F,centralizzato,sud,0,no,no,nessuno,si,206,2,105000
IMM-04773,Milano,centro,1.8,347,appartamento,64,2,1,2,6,si,1954,buono,F,centralizzato,doppia,1,no,no,nessuno,si,156,7,441000
IMM-04774,Roma,centro,1.0,509,attico,107,3,2,6,6,si,1965,da_ristrutturare,E,autonomo,sud,2,si,no,nessuno,si,206,9,490000
IMM-04775,Milano,periferia,10.5,1626,villetta,234,8,4,0,2,no,2014,ristrutturato,C,autonomo,ovest,1,si,si,posto_auto,si,25,1,974000
IMM-04776,Palermo,periferia,7.9,1063,appartamento,73,4,2,0,7,si,1988,buono,F,centralizzato,ovest,2,si,no,nessuno,no,188,8,60000
IMM-04777,Torino,periferia,14.5,1462,appartamento,132,5,2,1,5,no,2007,da_ristrutturare,B,autonomo,doppia,1,no,no,nessuno,no,172,1,101000
IMM-04778,Torino,periferia,7.1,488,appartamento,68,2,1,2,7,si,1987,buono,E,autonomo,sud,3,no,no,nessuno,si,176,2,88000
IMM-04779,Firenze,periferia,8.3,879,appartamento,80,3,2,3,7,no,1958,ristrutturato,D,autonomo,doppia,2,no,no,box,si,211,7,211000
IMM-04780,Milano,centro,1.4,336,appartamento,147,6,3,6,7,no,1902,buono,F,autonomo,est,1,no,no,nessuno,si,215,10,727000
IMM-04781,Milano,centro,0.6,484,appartamento,73,2,2,1,5,si,2004,buono,C,autonomo,nord,1,no,no,nessuno,si,154,3,690000
IMM-04782,Torino,periferia,6.3,1360,appartamento,70,3,1,4,5,si,1991,ristrutturato,C,autonomo,est,1,no,no,box,no,148,4,98000
IMM-04783,Roma,semicentro,3.9,1123,attico,197,7,3,6,6,si,1964,ristrutturato,E,centralizzato,sud,2,si,no,box,si,302,9,804000
IMM-04784,Bologna,semicentro,4.9,1821,appartamento,47,2,1,6,9,si,1983,ristrutturato,C,autonomo,nord,2,no,no,nessuno,si,167,8,146000
IMM-04785,Roma,periferia,8.4,1994,attico,108,4,2,3,3,no,1981,ristrutturato,C,autonomo,doppia,2,si,no,nessuno,no,160,1,304000
IMM-04786,Torino,centro,1.2,501,appartamento,144,5,3,0,4,si,1968,da_ristrutturare,E,centralizzato,nord,2,no,no,nessuno,si,241,3,249000
IMM-04787,Roma,semicentro,5.9,848,appartamento,97,3,2,6,6,no,1920,buono,G,autonomo,doppia,3,no,no,box,si,145,6,248000
IMM-04788,Padova,centro,2.0,418,appartamento,68,2,1,3,4,si,1907,da_ristrutturare,G,autonomo,sud,2,no,no,nessuno,si,152,7,145000
IMM-04789,Milano,semicentro,4.7,2565,attico,126,4,2,3,3,no,1939,ristrutturato,F,autonomo,ovest,1,no,no,nessuno,no,169,3,756000
IMM-04790,Milano,centro,1.6,621,appartamento,96,4,2,3,3,no,1941,ristrutturato,E,centralizzato,doppia,0,no,no,nessuno,si,168,4,623000
IMM-04791,Bari,periferia,13.6,1210,appartamento,82,3,2,3,4,si,2013,ristrutturato,A,autonomo,est,2,no,no,nessuno,no,200,6,99000
IMM-04792,Milano,semicentro,5.3,543,villetta,122,4,3,0,2,no,1909,ristrutturato,F,autonomo,ovest,1,si,no,box,si,31,10,627000
IMM-04793,Bologna,semicentro,3.7,385,appartamento,72,2,2,7,7,si,2016,nuovo,A,centralizzato,sud,1,no,no,nessuno,no,178,10,365000
IMM-04794,Torino,periferia,11.4,3338,appartamento,45,1,1,9,9,si,1927,buono,G,autonomo,nord,1,no,no,posto_auto,si,118,11,54000
IMM-04795,Bologna,semicentro,2.9,540,appartamento,96,3,2,4,6,no,1931,buono,F,centralizzato,sud,2,no,no,box,no,122,1,277000
IMM-04796,Milano,semicentro,2.7,488,appartamento,95,3,1,2,3,no,1999,da_ristrutturare,E,autonomo,ovest,0,no,no,nessuno,no,148,4,284000
IMM-04797,Roma,periferia,13.9,1099,appartamento,78,3,2,0,2,si,1984,buono,F,centralizzato,doppia,2,no,si,box,no,203,1,142000
IMM-04798,Roma,semicentro,3.3,560,appartamento,81,3,2,6,7,si,2021,nuovo,A,autonomo,est,1,no,no,posto_auto,no,150,3,389000
IMM-04799,Genova,semicentro,5.9,626,appartamento,112,5,2,6,7,no,1939,da_ristrutturare,F,autonomo,sud,1,no,no,nessuno,si,149,1,101000
IMM-04800,Bari,centro,1.1,264,appartamento,59,3,1,6,7,si,1957,buono,G,centralizzato,sud,1,no,no,box,no,162,7,213000
IMM-04801,Roma,semicentro,5.7,494,appartamento,101,3,2,0,6,si,2007,da_ristrutturare,D,autonomo,ovest,1,no,no,box,si,234,2,258000
IMM-04802,Roma,periferia,10.5,238,appartamento,69,2,1,3,10,si,2003,buono,B,autonomo,sud,1,no,no,nessuno,si,176,2,186000
IMM-04803,Napoli,centro,1.3,475,appartamento,124,4,2,3,3,no,1915,buono,G,autonomo,nord,1,no,no,nessuno,si,205,4,341000
IMM-04804,Palermo,semicentro,2.7,570,appartamento,80,3,2,3,8,no,1967,ristrutturato,E,autonomo,est,2,no,no,posto_auto,no,151,9,115000
IMM-04805,Bari,centro,1.1,401,appartamento,55,1,1,7,7,si,1997,da_ristrutturare,D,centralizzato,nord,2,no,no,nessuno,si,171,12,114000
IMM-04806,Napoli,centro,0.3,232,appartamento,75,3,3,1,5,no,1900,buono,F,centralizzato,sud,0,si,no,box,si,137,4,333000
IMM-04807,Napoli,semicentro,3.3,643,appartamento,62,3,2,0,4,no,1962,ristrutturato,F,centralizzato,sud,2,no,si,nessuno,si,78,4,181000
IMM-04808,Roma,centro,1.5,425,appartamento,75,4,3,5,7,si,1980,da_ristrutturare,F,centralizzato,ovest,3,no,no,nessuno,si,163,11,261000
IMM-04809,Milano,periferia,9.8,1196,villetta,154,6,3,0,3,no,1966,ristrutturato,D,autonomo,doppia,0,no,si,nessuno,no,34,10,480000
IMM-04810,Bologna,periferia,13.6,1084,appartamento,92,2,1,6,8,si,2024,nuovo,A,centralizzato,doppia,2,no,no,box,no,169,3,275000
IMM-04811,Bari,periferia,14.8,2083,appartamento,51,1,1,7,10,si,1980,buono,D,autonomo,nord,1,no,no,posto_auto,si,103,10,67000
IMM-04812,Napoli,periferia,12.3,572,appartamento,53,2,1,0,4,si,1956,ristrutturato,E,autonomo,sud,2,no,no,nessuno,si,121,3,93000
IMM-04813,Torino,periferia,10.7,1532,appartamento,85,3,2,1,3,no,1900,da_ristrutturare,F,autonomo,nord,0,no,no,nessuno,si,158,7,62000
IMM-04814,Napoli,centro,1.7,496,appartamento,88,2,2,4,4,si,2014,buono,C,centralizzato,sud,2,no,no,nessuno,si,227,2,262000
IMM-04815,Roma,periferia,7.4,911,appartamento,85,4,2,7,8,si,1975,buono,E,centralizzato,doppia,0,no,no,posto_auto,si,216,8,166000
IMM-04816,Roma,semicentro,2.1,232,appartamento,108,3,2,4,6,si,1978,buono,F,autonomo,doppia,0,si,no,nessuno,no,168,10,345000
IMM-04817,Bologna,centro,0.2,146,appartamento,77,2,2,3,7,si,1957,da_ristrutturare,F,centralizzato,sud,1,no,no,nessuno,si,179,4,296000
IMM-04818,Firenze,centro,0.5,387,attico,122,5,3,3,3,si,1942,buono,G,autonomo,sud,1,no,no,box,si,256,2,783000
IMM-04819,Milano,periferia,8.1,2103,appartamento,79,3,2,2,8,si,1950,buono,F,centralizzato,doppia,2,no,no,posto_auto,no,177,3,277000
IMM-04820,Napoli,semicentro,5.0,577,appartamento,112,5,1,3,6,si,1989,buono,E,autonomo,ovest,2,no,no,box,si,219,5,277000
IMM-04821,Torino,semicentro,5.1,1014,appartamento,109,3,2,1,7,si,1981,da_ristrutturare,F,autonomo,sud,1,no,no,box,si,226,8,172000
IMM-04822,Milano,periferia,11.5,1707,appartamento,148,5,4,5,6,si,1979,buono,E,autonomo,sud,0,no,no,nessuno,si,210,3,362000
IMM-04823,Firenze,semicentro,3.3,511,appartamento,75,4,2,1,5,si,1900,buono,F,autonomo,doppia,0,no,no,nessuno,si,169,3,284000
IMM-04824,Milano,periferia,9.5,1645,appartamento,121,5,2,0,6,si,1996,buono,D,autonomo,ovest,2,no,si,box,no,224,11,313000
IMM-04825,Milano,periferia,11.7,5000,appartamento,76,2,2,0,2,no,2021,buono,A,autonomo,sud,2,no,si,posto_auto,si,126,11,242000
IMM-04826,Palermo,centro,0.3,334,appartamento,98,3,2,5,5,si,1936,da_ristrutturare,F,centralizzato,sud,1,no,no,posto_auto,si,188,4,175000
IMM-04827,Palermo,periferia,11.3,1789,villetta,184,7,3,0,2,no,1981,buono,D,autonomo,sud,2,si,si,box,si,13,3,171000
IMM-04828,Genova,centro,1.0,317,appartamento,114,5,2,2,3,no,1965,ristrutturato,D,autonomo,ovest,1,no,no,nessuno,si,191,4,275000
IMM-04829,Roma,periferia,14.2,2551,appartamento,77,2,2,0,5,no,1955,da_ristrutturare,G,centralizzato,doppia,2,no,si,box,si,125,10,128000
IMM-04830,Firenze,semicentro,5.6,234,appartamento,78,3,2,0,4,si,1987,buono,E,centralizzato,nord,0,no,si,posto_auto,no,226,9,246000
IMM-04831,Bologna,semicentro,5.0,3229,appartamento,67,3,1,3,7,no,1936,da_ristrutturare,F,centralizzato,est,1,no,no,nessuno,si,109,10,144000
IMM-04832,Milano,periferia,8.0,2473,appartamento,74,3,2,4,5,si,2019,nuovo,A,autonomo,doppia,0,no,no,nessuno,no,135,12,279000
IMM-04833,Bari,periferia,12.2,2513,appartamento,40,2,1,4,6,si,1979,ristrutturato,C,autonomo,doppia,1,no,no,nessuno,si,144,8,52000
IMM-04834,Padova,centro,1.6,215,appartamento,58,2,1,0,4,si,1920,buono,G,centralizzato,doppia,2,no,no,nessuno,si,162,8,168000
IMM-04835,Palermo,periferia,8.0,1595,appartamento,58,2,1,1,4,si,1981,buono,F,autonomo,est,1,no,no,box,no,125,8,65000
IMM-04836,Torino,semicentro,5.4,481,appartamento,68,2,1,5,7,no,1931,buono,G,centralizzato,doppia,2,no,no,nessuno,si,128,6,110000
IMM-04837,Torino,semicentro,2.4,706,appartamento,147,6,3,5,5,si,1970,da_ristrutturare,F,autonomo,doppia,2,si,no,nessuno,si,215,11,198000
IMM-04838,Bologna,semicentro,6.0,900,appartamento,149,5,3,4,8,si,2009,buono,C,autonomo,doppia,0,no,no,nessuno,no,221,5,426000
IMM-04839,Roma,periferia,9.4,1446,appartamento,49,2,1,10,11,si,1991,ristrutturato,D,autonomo,sud,2,no,no,posto_auto,no,144,3,128000
IMM-04840,Roma,semicentro,4.7,740,appartamento,132,5,2,0,8,si,1986,ristrutturato,D,autonomo,sud,0,no,si,nessuno,no,211,6,422000
IMM-04841,Roma,periferia,6.3,531,appartamento,54,2,1,0,2,no,2024,nuovo,A,centralizzato,doppia,1,no,si,box,si,88,4,212000
IMM-04842,Torino,periferia,14.3,779,villetta,185,7,3,0,2,no,1943,da_ristrutturare,G,autonomo,est,1,no,si,box,si,1,9,173000
IMM-04843,Roma,semicentro,4.1,245,appartamento,96,4,2,5,7,no,1971,buono,E,centralizzato,doppia,1,si,no,nessuno,no,223,11,225000
IMM-04844,Padova,centro,0.4,269,appartamento,51,3,1,3,5,si,1941,buono,G,centralizzato,nord,1,no,no,box,si,142,9,173000
IMM-04845,Torino,centro,0.4,488,appartamento,83,3,2,1,3,no,1900,buono,G,autonomo,doppia,0,no,no,nessuno,no,168,10,243000
IMM-04846,Torino,semicentro,5.4,633,appartamento,145,4,3,1,5,si,1984,ristrutturato,C,centralizzato,ovest,1,no,no,box,si,266,6,276000
IMM-04847,Napoli,semicentro,5.7,559,appartamento,55,3,1,4,6,si,1947,da_ristrutturare,F,centralizzato,sud,0,no,no,nessuno,si,130,2,100000
IMM-04848,Roma,periferia,11.3,4509,villetta,173,7,3,0,2,no,2025,nuovo,A,autonomo,est,1,si,si,box,no,0,9,448000
IMM-04849,Padova,semicentro,2.2,533,appartamento,84,3,2,7,7,si,1962,buono,F,centralizzato,nord,1,no,no,box,no,97,1,186000
IMM-04850,Napoli,centro,1.9,347,appartamento,71,3,2,1,5,no,1935,buono,G,autonomo,nord,0,no,no,nessuno,si,101,7,269000
IMM-04851,Napoli,centro,0.6,666,appartamento,63,3,1,4,4,no,1916,buono,E,centralizzato,ovest,0,no,no,nessuno,si,141,10,209000
IMM-04852,Milano,centro,0.8,166,appartamento,92,3,2,3,5,si,1985,ristrutturato,B,centralizzato,est,1,no,no,nessuno,no,236,4,755000
IMM-04853,Genova,periferia,6.5,1517,attico,69,3,1,7,7,si,2024,nuovo,B,autonomo,doppia,0,si,no,box,no,154,7,147000
IMM-04854,Firenze,periferia,8.1,364,villetta,132,3,2,0,3,no,1995,ristrutturato,C,autonomo,doppia,0,no,si,box,si,7,8,365000
IMM-04855,Padova,semicentro,2.0,425,appartamento,130,4,3,4,8,si,1934,buono,F,centralizzato,nord,1,no,no,nessuno,no,198,4,237000
IMM-04856,Genova,periferia,9.5,757,appartamento,58,2,1,4,4,si,1997,buono,E,centralizzato,doppia,0,no,no,posto_auto,no,153,7,67000
IMM-04857,Roma,semicentro,4.7,631,appartamento,66,3,1,1,6,no,1905,buono,F,autonomo,sud,1,no,no,nessuno,si,70,6,210000
IMM-04858,Torino,semicentro,5.2,325,appartamento,60,2,1,6,6,si,1931,ristrutturato,D,centralizzato,doppia,1,no,no,nessuno,si,142,10,109000
IMM-04859,Roma,periferia,10.5,659,villetta,158,6,3,0,3,no,1977,buono,D,autonomo,nord,1,no,si,nessuno,no,0,4,333000
IMM-04860,Milano,centro,1.1,1018,appartamento,57,2,1,1,4,si,1989,buono,E,autonomo,nord,1,no,no,posto_auto,no,165,10,385000
IMM-04861,Roma,semicentro,5.7,1097,appartamento,120,4,2,0,9,no,1951,buono,E,centralizzato,ovest,3,no,si,posto_auto,no,198,7,341000
IMM-04862,Napoli,semicentro,3.0,369,appartamento,111,4,2,1,5,si,1997,buono,E,centralizzato,doppia,1,no,no,posto_auto,si,221,2,286000
IMM-04863,Roma,semicentro,5.1,516,attico,75,2,2,3,3,si,1913,ristrutturato,E,autonomo,sud,0,si,no,nessuno,no,108,2,286000
IMM-04864,Bologna,periferia,10.5,1341,appartamento,151,6,3,3,6,si,1999,da_ristrutturare,E,autonomo,nord,1,no,no,posto_auto,no,241,3,202000
IMM-04865,Napoli,centro,0.7,109,appartamento,90,4,2,2,3,no,1939,buono,G,autonomo,sud,1,no,no,nessuno,no,179,11,241000
IMM-04866,Milano,periferia,6.9,4226,appartamento,92,2,2,1,3,no,2010,buono,D,autonomo,sud,3,no,no,box,no,132,11,296000
IMM-04867,Roma,periferia,15.0,5000,appartamento,54,2,1,11,11,si,1985,ristrutturato,C,autonomo,doppia,2,no,no,box,no,104,7,139000
IMM-04868,Firenze,centro,0.4,809,appartamento,93,4,2,2,3,no,1924,buono,F,autonomo,nord,0,no,no,nessuno,si,176,7,506000
IMM-04869,Palermo,semicentro,3.8,349,appartamento,86,4,2,1,5,no,1973,ristrutturato,E,centralizzato,ovest,1,no,no,nessuno,no,139,12,106000
IMM-04870,Milano,periferia,8.0,5000,appartamento,51,3,1,0,2,no,1975,buono,G,autonomo,est,3,no,si,nessuno,si,62,12,98000
IMM-04871,Roma,semicentro,4.4,881,appartamento,65,3,1,2,5,si,1975,buono,E,centralizzato,doppia,2,no,no,nessuno,si,201,11,245000
IMM-04872,Bari,periferia,11.6,660,attico,93,4,2,3,3,no,1984,da_ristrutturare,D,autonomo,doppia,1,si,no,nessuno,si,152,6,111000
IMM-04873,Milano,periferia,12.5,2119,attico,130,4,2,7,7,si,1965,buono,F,centralizzato,nord,1,si,no,nessuno,no,249,1,346000
IMM-04874,Roma,semicentro,4.2,605,appartamento,108,5,2,0,6,si,2013,da_ristrutturare,B,autonomo,doppia,0,no,si,nessuno,no,154,6,297000
IMM-04875,Genova,centro,1.9,409,appartamento,65,3,1,4,6,no,1962,ristrutturato,D,autonomo,doppia,1,no,no,nessuno,si,101,1,136000
IMM-04876,Firenze,semicentro,2.7,316,appartamento,91,4,1,2,3,no,2013,ristrutturato,B,autonomo,doppia,0,si,no,posto_auto,si,139,9,465000
IMM-04877,Milano,centro,1.1,257,appartamento,59,3,1,0,4,no,1966,buono,F,autonomo,ovest,0,no,no,nessuno,si,128,3,354000
IMM-04878,Roma,centro,1.9,314,appartamento,73,4,2,3,4,si,1982,ristrutturato,D,autonomo,est,1,no,no,box,no,193,3,409000
IMM-04879,Milano,semicentro,3.8,472,appartamento,48,2,1,4,9,si,1962,ristrutturato,F,autonomo,nord,0,no,no,box,no,118,8,255000
IMM-04880,Napoli,centro,2.0,494,appartamento,130,5,1,3,4,no,1929,ristrutturato,F,autonomo,doppia,1,no,no,nessuno,si,179,3,503000
IMM-04881,Milano,periferia,9.6,2119,attico,76,4,2,8,8,no,1950,ristrutturato,E,autonomo,ovest,0,si,no,posto_auto,si,104,9,201000
IMM-04882,Firenze,semicentro,2.0,2098,attico,74,1,2,4,4,si,1992,da_ristrutturare,E,autonomo,nord,1,si,no,nessuno,si,144,4,269000
IMM-04883,Bologna,semicentro,2.5,440,appartamento,61,2,1,0,9,no,1999,buono,E,autonomo,nord,3,no,si,nessuno,si,93,10,207000
IMM-04884,Padova,semicentro,4.4,387,villetta,165,6,3,0,2,no,1982,ristrutturato,C,autonomo,ovest,2,no,si,posto_auto,no,14,11,403000
IMM-04885,Genova,semicentro,3.5,587,appartamento,78,3,2,1,3,si,1994,da_ristrutturare,E,autonomo,sud,0,no,si,posto_auto,si,195,12,132000
IMM-04886,Milano,semicentro,3.6,777,appartamento,67,2,1,5,7,si,1947,ristrutturato,B,centralizzato,sud,2,no,no,box,si,188,8,405000
IMM-04887,Padova,semicentro,2.8,952,villetta,152,5,3,0,2,no,1989,ristrutturato,A,autonomo,ovest,1,no,si,nessuno,no,0,3,518000
IMM-04888,Padova,semicentro,3.6,852,appartamento,70,2,1,1,4,si,1982,buono,E,centralizzato,doppia,1,no,no,box,no,198,2,170000
IMM-04889,Napoli,centro,1.5,200,appartamento,70,3,1,4,4,no,1952,da_ristrutturare,E,centralizzato,doppia,2,no,no,posto_auto,si,209,11,167000
IMM-04890,Roma,centro,0.7,1192,attico,118,4,2,6,6,no,1946,da_ristrutturare,E,centralizzato,est,1,si,no,nessuno,si,234,12,329000
IMM-04891,Napoli,centro,1.1,298,appartamento,99,3,3,0,5,si,2009,buono,D,centralizzato,sud,2,no,no,nessuno,no,212,2,359000
IMM-04892,Milano,centro,1.1,323,appartamento,109,4,2,3,5,si,1931,ristrutturato,F,centralizzato,ovest,0,no,no,nessuno,no,268,11,722000
IMM-04893,Napoli,semicentro,4.5,543,appartamento,74,3,2,0,4,si,2000,da_ristrutturare,C,autonomo,nord,0,no,no,box,si,190,9,156000
IMM-04894,Roma,semicentro,2.8,386,appartamento,86,2,1,6,8,no,1969,da_ristrutturare,G,autonomo,sud,0,no,no,nessuno,si,122,2,129000
IMM-04895,Roma,periferia,10.2,1086,appartamento,95,4,2,2,5,si,1957,buono,E,centralizzato,sud,1,no,no,posto_auto,no,189,8,174000
IMM-04896,Padova,semicentro,5.4,307,appartamento,95,3,2,2,4,no,1968,da_ristrutturare,E,centralizzato,doppia,1,no,no,posto_auto,si,156,9,148000
IMM-04897,Roma,centro,1.3,268,attico,109,4,2,7,7,si,2001,ristrutturato,B,autonomo,sud,2,si,no,nessuno,no,165,9,893000
IMM-04898,Milano,semicentro,3.7,671,appartamento,58,2,1,3,5,si,1949,ristrutturato,D,autonomo,nord,2,no,no,posto_auto,si,147,3,306000
IMM-04899,Napoli,centro,1.8,428,appartamento,89,3,2,3,6,no,1931,buono,G,centralizzato,nord,2,no,no,box,si,153,1,272000
IMM-04900,Roma,periferia,6.4,436,villetta,151,4,3,0,3,no,1956,buono,F,autonomo,est,0,no,no,posto_auto,si,0,2,298000
IMM-04901,Milano,periferia,10.6,922,attico,136,5,2,2,2,si,1984,ristrutturato,B,autonomo,nord,0,si,no,box,si,214,2,604000
IMM-04902,Genova,semicentro,5.4,238,appartamento,86,3,1,0,9,si,1980,da_ristrutturare,E,centralizzato,doppia,1,si,si,box,no,197,6,128000
IMM-04903,Torino,semicentro,5.4,977,appartamento,73,3,1,0,4,no,1923,buono,G,centralizzato,sud,1,no,si,box,si,186,10,128000
IMM-04904,Palermo,centro,1.6,455,appartamento,74,2,2,2,4,si,1951,ristrutturato,C,autonomo,doppia,2,no,no,box,si,176,3,196000
IMM-04905,Bari,periferia,6.9,532,appartamento,86,2,2,7,9,si,1969,buono,G,autonomo,doppia,0,no,no,box,no,158,3,139000
IMM-04906,Bari,semicentro,4.1,2337,appartamento,53,2,1,2,4,si,1979,buono,E,centralizzato,sud,2,no,no,nessuno,si,154,6,81000
IMM-04907,Napoli,semicentro,5.2,344,villetta,144,5,4,0,3,no,1996,da_ristrutturare,E,autonomo,est,0,si,si,nessuno,si,21,11,327000
IMM-04908,Torino,periferia,11.0,342,appartamento,98,3,2,0,4,si,2010,buono,C,centralizzato,sud,0,no,no,nessuno,no,189,4,115000
IMM-04909,Torino,periferia,8.6,1624,appartamento,76,3,2,1,9,si,2001,da_ristrutturare,B,centralizzato,doppia,1,no,no,nessuno,si,153,12,81000
IMM-04910,Bologna,centro,0.3,215,appartamento,84,2,3,1,4,no,1941,buono,G,autonomo,sud,1,si,no,nessuno,si,152,1,463000
IMM-04911,Milano,semicentro,4.3,471,appartamento,65,2,1,1,4,si,1971,da_ristrutturare,F,centralizzato,nord,2,no,no,nessuno,si,190,12,210000
IMM-04912,Bari,semicentro,3.2,1045,appartamento,90,3,2,3,4,si,2008,ristrutturato,C,autonomo,est,2,no,si,nessuno,si,167,6,211000
IMM-04913,Torino,semicentro,3.8,1341,appartamento,62,2,1,1,8,si,1921,buono,F,autonomo,nord,2,no,no,posto_auto,no,135,5,111000
IMM-04914,Milano,centro,1.8,306,appartamento,119,5,2,4,5,si,1925,da_ristrutturare,F,centralizzato,doppia,0,no,no,nessuno,no,242,7,611000
IMM-04915,Firenze,periferia,8.8,1088,appartamento,42,2,1,3,5,si,2017,buono,A,autonomo,doppia,2,no,no,box,si,122,8,143000
IMM-04916,Milano,periferia,6.1,3008,villetta,147,6,2,0,3,no,1966,ristrutturato,E,autonomo,ovest,0,si,si,box,no,12,5,515000
IMM-04917,Napoli,centro,0.7,218,appartamento,103,3,2,2,7,si,1966,buono,E,autonomo,sud,1,no,no,posto_auto,si,255,6,352000
IMM-04918,Milano,periferia,8.1,1875,appartamento,141,4,3,4,5,si,2022,nuovo,A,autonomo,nord,2,no,no,nessuno,si,245,2,540000
IMM-04919,Roma,semicentro,5.6,275,appartamento,86,2,2,2,4,si,1950,ristrutturato,D,centralizzato,doppia,1,no,no,nessuno,si,184,4,249000
IMM-04920,Genova,periferia,9.7,1189,appartamento,153,6,3,2,9,si,1988,ristrutturato,C,centralizzato,doppia,1,no,no,nessuno,no,252,7,178000
IMM-04921,Palermo,centro,1.1,336,appartamento,119,4,2,3,3,no,1902,ristrutturato,E,autonomo,nord,1,no,no,nessuno,no,183,1,167000
IMM-04922,Roma,periferia,13.2,1771,appartamento,64,3,1,0,8,no,2020,buono,B,autonomo,sud,2,no,no,nessuno,si,107,8,147000
IMM-04923,Roma,periferia,10.0,595,appartamento,49,3,1,5,5,si,1985,ristrutturato,D,centralizzato,sud,1,no,no,nessuno,no,90,5,111000
IMM-04924,Firenze,semicentro,2.1,353,appartamento,109,3,2,2,4,si,2011,buono,B,centralizzato,doppia,2,no,no,nessuno,si,200,10,520000
IMM-04925,Genova,semicentro,4.6,660,appartamento,79,3,2,0,4,si,1953,ristrutturato,C,centralizzato,nord,0,no,no,posto_auto,si,211,6,124000
IMM-04926,Genova,periferia,13.5,1850,villetta,127,4,2,0,3,no,1987,buono,E,autonomo,ovest,0,no,si,box,si,19,6,118000
IMM-04927,Roma,periferia,7.6,716,appartamento,70,3,1,1,9,si,2024,nuovo,A,autonomo,ovest,1,no,no,box,si,157,10,210000
IMM-04928,Napoli,periferia,13.0,1251,appartamento,86,2,2,0,2,no,1999,da_ristrutturare,F,autonomo,ovest,1,no,si,box,si,131,7,119000
IMM-04929,Milano,periferia,9.5,1600,appartamento,63,2,1,4,5,no,1997,buono,E,autonomo,sud,0,no,no,nessuno,si,141,2,159000
IMM-04930,Firenze,centro,1.4,904,appartamento,81,2,2,4,4,si,1936,buono,F,autonomo,doppia,1,no,no,nessuno,si,199,3,424000
IMM-04931,Roma,periferia,13.4,1380,villetta,132,5,2,0,2,no,1982,ristrutturato,C,autonomo,nord,2,no,si,box,no,6,9,285000
IMM-04932,Roma,centro,1.0,660,appartamento,65,2,1,5,6,si,1955,buono,G,autonomo,est,2,no,no,nessuno,no,139,11,264000
IMM-04933,Padova,semicentro,4.0,498,appartamento,82,3,2,0,6,no,1901,ristrutturato,F,centralizzato,sud,0,si,si,box,si,190,8,192000
IMM-04934,Bari,semicentro,3.5,741,appartamento,93,3,2,0,3,no,1946,ristrutturato,E,autonomo,doppia,1,no,no,nessuno,no,114,6,162000
IMM-04935,Padova,centro,1.4,419,appartamento,53,2,1,1,4,si,2004,ristrutturato,A,autonomo,sud,1,no,no,nessuno,no,132,6,243000
IMM-04936,Firenze,centro,1.5,160,appartamento,79,3,3,6,6,si,2014,buono,D,autonomo,ovest,1,no,no,nessuno,no,188,6,487000
IMM-04937,Roma,centro,1.9,345,appartamento,88,3,2,0,6,no,1945,buono,G,centralizzato,nord,0,no,no,posto_auto,si,166,4,361000
IMM-04938,Roma,centro,0.6,517,appartamento,82,3,1,0,3,no,1904,buono,G,autonomo,ovest,1,si,no,nessuno,si,151,6,369000
IMM-04939,Milano,centro,1.9,461,appartamento,63,3,2,2,5,si,1932,da_ristrutturare,G,autonomo,sud,0,no,no,nessuno,si,159,5,332000
IMM-04940,Napoli,centro,0.5,539,appartamento,127,5,2,1,3,no,2007,ristrutturato,B,autonomo,sud,0,no,no,nessuno,si,256,9,589000
IMM-04941,Torino,semicentro,3.5,399,appartamento,116,3,2,7,7,si,1991,ristrutturato,C,autonomo,doppia,1,no,no,posto_auto,no,243,11,331000
IMM-04942,Milano,periferia,14.6,1242,appartamento,59,2,1,7,9,si,2013,ristrutturato,A,autonomo,sud,1,no,no,nessuno,no,175,7,196000
IMM-04943,Napoli,centro,1.6,517,appartamento,148,4,3,1,4,si,1997,buono,E,autonomo,doppia,1,no,no,nessuno,no,267,6,461000
IMM-04944,Roma,periferia,12.3,882,appartamento,36,1,1,0,7,si,2009,da_ristrutturare,C,autonomo,est,3,si,si,posto_auto,no,86,8,88000
IMM-04945,Roma,centro,0.7,294,appartamento,52,2,2,1,4,si,1972,ristrutturato,C,autonomo,doppia,2,no,no,nessuno,si,163,4,289000
IMM-04946,Milano,semicentro,3.8,565,attico,107,4,2,9,9,no,1955,da_ristrutturare,G,centralizzato,nord,1,no,no,box,si,216,10,277000
IMM-04947,Milano,periferia,7.1,1243,appartamento,158,5,3,8,11,si,1975,buono,F,centralizzato,ovest,1,si,no,box,si,290,11,437000
IMM-04948,Milano,periferia,12.9,566,appartamento,77,2,2,4,10,si,2014,buono,B,autonomo,sud,2,no,no,posto_auto,si,186,6,287000
IMM-04949,Milano,periferia,9.6,850,villetta,104,5,2,0,2,no,2016,nuovo,A,autonomo,est,0,si,si,box,no,15,2,541000
IMM-04950,Milano,centro,2.0,687,appartamento,103,3,2,0,7,no,1957,da_ristrutturare,F,autonomo,ovest,1,no,no,nessuno,no,148,6,547000
IMM-04951,Torino,semicentro,4.3,539,appartamento,138,4,2,1,4,no,1912,buono,G,centralizzato,doppia,0,no,no,nessuno,si,261,8,212000
IMM-04952,Torino,centro,0.8,282,appartamento,53,3,1,4,6,si,1907,da_ristrutturare,G,centralizzato,est,0,no,no,nessuno,si,139,11,116000
IMM-04953,Bologna,periferia,12.0,1237,attico,125,4,2,9,9,si,1991,ristrutturato,B,autonomo,sud,3,si,no,nessuno,no,232,9,307000
IMM-04954,Napoli,semicentro,2.8,1026,appartamento,73,3,2,5,8,no,1962,buono,F,centralizzato,est,3,no,no,nessuno,si,122,6,118000
IMM-04955,Napoli,centro,1.6,169,appartamento,71,3,2,3,4,si,1994,buono,E,autonomo,est,2,no,no,nessuno,no,120,11,225000
IMM-04956,Bologna,periferia,6.9,2067,appartamento,83,2,2,3,4,si,2007,ristrutturato,B,autonomo,ovest,1,no,no,nessuno,si,164,10,217000
IMM-04957,Firenze,periferia,9.9,1081,appartamento,40,1,1,6,7,si,2025,nuovo,A,autonomo,ovest,3,no,no,box,no,136,3,176000
IMM-04958,Roma,periferia,11.8,444,appartamento,90,3,2,1,2,si,2017,nuovo,A,autonomo,est,2,no,no,box,si,193,8,309000
IMM-04959,Torino,semicentro,4.2,443,appartamento,68,2,1,5,8,si,2023,nuovo,A,autonomo,ovest,0,no,no,nessuno,no,181,3,174000
IMM-04960,Palermo,periferia,7.2,1615,appartamento,61,1,1,0,7,si,2008,buono,B,autonomo,doppia,1,no,no,box,si,158,5,74000
IMM-04961,Roma,periferia,9.6,1589,appartamento,104,4,2,4,8,si,2007,da_ristrutturare,C,centralizzato,sud,1,no,no,nessuno,no,252,5,123000
IMM-04962,Napoli,semicentro,3.9,198,appartamento,149,5,4,0,8,si,1991,ristrutturato,E,autonomo,nord,2,no,si,nessuno,no,212,2,311000
IMM-04963,Roma,periferia,8.9,1240,villetta,146,5,3,0,2,no,2025,nuovo,A,autonomo,doppia,0,no,si,posto_auto,si,24,3,405000
IMM-04964,Milano,periferia,7.5,791,villetta,145,5,2,0,2,no,1989,buono,D,autonomo,nord,1,si,si,box,no,7,11,635000
IMM-04965,Torino,periferia,12.4,754,appartamento,98,3,2,1,5,no,1969,ristrutturato,D,autonomo,nord,1,no,no,box,no,135,9,127000
IMM-04966,Roma,centro,1.5,319,appartamento,97,3,1,1,3,no,1942,da_ristrutturare,E,autonomo,ovest,0,no,no,nessuno,si,115,11,328000
IMM-04967,Roma,periferia,6.7,2791,appartamento,62,2,1,3,3,no,1994,da_ristrutturare,D,autonomo,doppia,1,no,no,nessuno,no,104,10,92000
IMM-04968,Torino,centro,1.6,487,appartamento,74,2,1,1,3,si,1929,da_ristrutturare,F,autonomo,sud,0,no,no,nessuno,si,180,10,132000
IMM-04969,Firenze,periferia,7.3,1765,appartamento,47,1,1,3,8,si,2023,nuovo,B,centralizzato,sud,1,no,no,posto_auto,si,126,8,183000
IMM-04970,Genova,periferia,7.9,1463,appartamento,60,3,1,6,8,si,1998,da_ristrutturare,E,autonomo,sud,0,no,no,posto_auto,si,179,10,54000
IMM-04971,Roma,centro,1.0,177,appartamento,43,2,1,3,6,si,2002,buono,C,autonomo,ovest,3,no,no,nessuno,si,120,12,221000
IMM-04972,Milano,centro,1.0,306,appartamento,73,4,2,2,5,no,1971,buono,G,centralizzato,doppia,0,no,no,nessuno,no,136,9,507000
IMM-04973,Bologna,semicentro,3.4,177,villetta,171,6,3,0,2,no,1956,ristrutturato,D,autonomo,doppia,0,no,si,box,no,60,3,600000
IMM-04974,Napoli,centro,1.7,301,villetta,174,7,3,0,2,no,1937,buono,G,autonomo,doppia,0,no,si,box,si,9,10,704000
IMM-04975,Firenze,centro,0.5,262,appartamento,66,2,1,0,5,si,1994,buono,D,autonomo,sud,2,no,si,nessuno,si,157,4,368000
IMM-04976,Napoli,periferia,9.6,1597,appartamento,47,3,1,2,2,si,1952,buono,F,autonomo,ovest,2,no,no,box,si,144,9,91000
IMM-04977,Milano,centro,1.6,632,appartamento,160,7,4,0,4,si,1993,buono,E,autonomo,ovest,1,no,si,box,si,274,4,940000
IMM-04978,Bologna,semicentro,3.7,1065,appartamento,104,3,2,2,5,si,1981,ristrutturato,C,autonomo,doppia,2,no,no,posto_auto,no,173,12,329000
IMM-04979,Firenze,periferia,7.0,1043,appartamento,169,6,3,1,3,no,2022,nuovo,C,autonomo,ovest,1,no,no,nessuno,si,215,8,481000
IMM-04980,Padova,semicentro,2.8,642,appartamento,59,3,1,4,8,no,1963,da_ristrutturare,G,autonomo,doppia,1,no,no,posto_auto,no,105,8,105000
IMM-04981,Bari,periferia,6.3,1130,appartamento,102,4,2,6,11,si,1955,ristrutturato,D,centralizzato,doppia,2,no,no,box,no,249,11,147000
IMM-04982,Milano,semicentro,2.6,474,appartamento,69,3,1,2,3,no,2010,da_ristrutturare,B,autonomo,est,2,no,no,nessuno,no,105,11,292000
IMM-04983,Torino,periferia,14.8,1361,appartamento,60,2,2,1,10,si,2017,nuovo,A,autonomo,doppia,2,no,no,nessuno,no,172,12,87000
IMM-04984,Bologna,periferia,10.2,1571,appartamento,141,4,3,7,7,si,2019,buono,A,autonomo,nord,1,no,no,posto_auto,si,261,2,290000
IMM-04985,Roma,periferia,14.1,731,villetta,125,5,2,0,2,no,2017,nuovo,A,autonomo,ovest,0,no,si,nessuno,no,0,3,312000
IMM-04986,Torino,semicentro,2.9,1668,appartamento,80,2,2,1,5,si,1987,ristrutturato,D,autonomo,sud,1,no,no,nessuno,no,117,12,147000
IMM-04987,Roma,semicentro,3.7,703,appartamento,60,3,1,6,6,si,1987,buono,E,autonomo,doppia,1,no,no,posto_auto,si,141,12,222000
IMM-04988,Palermo,centro,0.8,539,appartamento,68,3,1,0,4,si,1939,da_ristrutturare,G,centralizzato,doppia,1,no,si,nessuno,si,200,5,101000
IMM-04989,Torino,periferia,14.6,2497,appartamento,99,3,2,2,11,si,2019,buono,A,autonomo,est,2,no,no,nessuno,si,224,5,109000
IMM-04990,Roma,semicentro,3.4,466,appartamento,51,1,1,8,8,si,1975,ristrutturato,E,centralizzato,est,2,no,no,box,si,184,7,228000
IMM-04991,Napoli,centro,1.8,302,appartamento,37,1,1,1,4,no,2016,nuovo,A,centralizzato,sud,1,no,no,nessuno,si,158,7,234000
IMM-04992,Bologna,centro,0.6,244,appartamento,77,3,1,1,4,no,1965,ristrutturato,D,autonomo,sud,1,no,no,nessuno,no,155,9,331000
IMM-04993,Roma,centro,1.5,151,attico,100,3,2,5,5,no,1913,ristrutturato,F,centralizzato,nord,0,si,no,nessuno,no,222,7,437000
IMM-04994,Roma,centro,0.5,285,appartamento,86,4,2,3,3,no,1905,da_ristrutturare,E,autonomo,sud,1,no,no,nessuno,no,170,5,311000
IMM-04995,Genova,periferia,9.8,1224,appartamento,44,2,1,0,2,no,1995,buono,D,centralizzato,sud,2,no,si,nessuno,no,141,5,48000
IMM-04996,Genova,periferia,6.6,2478,appartamento,111,4,2,2,2,no,2014,buono,D,autonomo,ovest,1,no,no,box,no,217,4,111000
IMM-04997,Milano,periferia,14.3,1022,attico,166,5,2,9,9,si,2025,nuovo,A,centralizzato,ovest,0,si,no,posto_auto,no,314,6,867000
IMM-04998,Roma,periferia,10.9,2179,appartamento,72,3,2,0,10,si,1984,ristrutturato,D,centralizzato,doppia,2,no,si,box,no,197,11,192000
IMM-04999,Bari,semicentro,5.7,330,appartamento,85,2,1,1,5,si,1960,da_ristrutturare,F,autonomo,nord,2,no,no,nessuno,si,202,1,96000
IMM-05000,Torino,centro,1.3,281,appartamento,126,3,2,3,7,si,2021,buono,A,autonomo,sud,0,no,no,nessuno,no,277,4,407000
